#include <graphx.h>

const gfx_sprite_t sprite_gaster_blaster_3_0 = {
    .width = 56,
    .height = 56,
    .data = {
        0x0,0x0,0x0,0x0,0x0,0x0,0x0,0x0,0x0,0x0,0x0,0x0,0x0,0x0,0x0,0x0,0x0,0x0,0x0,0x0,0x0,0x0,0x0,0x0,0x0,0x0,0xFF,0x0,0x0,0xFF,0x0,0x0,0x0,0x0,0x0,0x0,0x0,0x0,0x0,0x0,0x0,0x0,0x0,0x0,0x0,0x0,0x0,0x0,0x0,0x0,0x0,0x0,0x0,0x0,0x0,0x0,
        0x0,0x0,0x0,0x0,0x0,0x0,0x0,0x0,0x0,0x0,0x0,0x0,0x0,0x0,0x0,0x0,0x0,0x0,0x0,0x0,0x0,0x0,0x0,0x0,0x0,0x0,0xFF,0x0,0x0,0xFF,0x0,0x0,0x0,0x0,0x0,0x0,0x0,0x0,0x0,0x0,0x0,0x0,0x0,0x0,0x0,0x0,0x0,0x0,0x0,0x0,0x0,0x0,0x0,0x0,0x0,0x0,
        0x0,0x0,0x0,0x0,0x0,0x0,0x0,0x0,0x0,0x0,0x0,0x0,0x0,0x0,0x0,0x0,0x0,0x0,0x0,0x0,0x0,0x0,0x0,0x0,0x0,0x0,0xFF,0x0,0x0,0xFF,0x0,0x0,0x0,0x0,0x0,0x0,0x0,0x0,0x0,0x0,0x0,0x0,0x0,0x0,0x0,0x0,0x0,0x0,0x0,0x0,0x0,0x0,0x0,0x0,0x0,0x0,
        0x0,0x0,0x0,0x0,0x0,0x0,0x0,0x0,0x0,0x0,0x0,0x0,0x0,0x0,0x0,0x0,0x0,0x0,0x0,0x0,0x0,0x0,0x0,0x0,0x0,0xFF,0xFF,0x0,0x0,0xFF,0xFF,0x0,0x0,0x0,0x0,0x0,0x0,0x0,0x0,0x0,0x0,0x0,0x0,0x0,0x0,0x0,0x0,0x0,0x0,0x0,0x0,0x0,0x0,0x0,0x0,0x0,
        0x0,0x0,0x0,0x0,0x0,0x0,0x0,0x0,0x0,0x0,0x0,0x0,0x0,0x0,0x0,0x0,0x0,0x0,0x0,0x0,0x0,0x0,0x0,0x0,0xFF,0xFF,0xFF,0x0,0x0,0xFF,0xFF,0xFF,0x0,0x0,0x0,0x0,0x0,0x0,0x0,0x0,0x0,0x0,0x0,0x0,0x0,0x0,0x0,0x0,0x0,0x0,0x0,0x0,0x0,0x0,0x0,0x0,
        0x0,0x0,0x0,0x0,0x0,0x0,0x0,0x0,0x0,0x0,0x0,0x0,0x0,0x0,0xFF,0xFF,0x0,0x0,0x0,0x0,0x0,0x0,0x0,0xFF,0xFF,0xFF,0xFF,0x0,0x0,0xFF,0xFF,0xFF,0xFF,0x0,0x0,0x0,0x0,0x0,0x0,0x0,0xFF,0xFF,0x0,0x0,0x0,0x0,0x0,0x0,0x0,0x0,0x0,0x0,0x0,0x0,0x0,0x0,
        0x0,0x0,0x0,0x0,0x0,0x0,0x0,0x0,0x0,0x0,0x0,0x0,0x0,0xFF,0xFF,0x0,0x0,0x0,0x0,0x0,0x0,0x0,0xFF,0xFF,0xFF,0xFF,0xFF,0x0,0x0,0xFF,0xFF,0xFF,0xFF,0xFF,0x0,0x0,0x0,0x0,0x0,0x0,0x0,0xFF,0xFF,0x0,0x0,0x0,0x0,0x0,0x0,0x0,0x0,0x0,0x0,0x0,0x0,0x0,
        0x0,0x0,0x0,0x0,0x0,0x0,0x0,0x0,0x0,0x0,0x0,0x0,0xFF,0xFF,0x0,0x0,0x0,0x0,0x0,0x0,0xFF,0xFF,0xFF,0xFF,0xFF,0xFF,0xFF,0x0,0x0,0xFF,0xFF,0xFF,0xFF,0xFF,0xFF,0xFF,0x0,0x0,0x0,0x0,0x0,0x0,0xFF,0xFF,0x0,0x0,0x0,0x0,0x0,0x0,0x0,0x0,0x0,0x0,0x0,0x0,
        0x0,0x0,0x0,0x0,0x0,0x0,0x0,0x0,0x0,0x0,0x0,0xFF,0xFF,0x0,0x0,0x0,0x0,0x0,0xFF,0xFF,0xFF,0xFF,0xFF,0xFF,0xFF,0xFF,0xFF,0x0,0x0,0xFF,0xFF,0xFF,0xFF,0xFF,0xFF,0xFF,0xFF,0xFF,0x0,0x0,0x0,0x0,0x0,0xFF,0xFF,0x0,0x0,0x0,0x0,0x0,0x0,0x0,0x0,0x0,0x0,0x0,
        0x0,0x0,0x0,0x0,0x0,0x0,0x0,0x0,0x0,0x0,0xFF,0xFF,0xFF,0x0,0x0,0x0,0xFF,0xFF,0xFF,0xFF,0xFF,0xFF,0xFF,0xFF,0xFF,0xFF,0xFF,0x0,0x0,0xFF,0xFF,0xFF,0xFF,0xFF,0xFF,0xFF,0xFF,0xFF,0xFF,0xFF,0x0,0x0,0x0,0xFF,0xFF,0xFF,0x0,0x0,0x0,0x0,0x0,0x0,0x0,0x0,0x0,0x0,
        0x0,0x0,0x0,0x0,0x0,0x0,0x0,0x0,0x0,0x0,0xFF,0xFF,0x0,0x0,0x0,0xFF,0xFF,0xFF,0xFF,0xFF,0xFF,0xFF,0xFF,0xFF,0xFF,0xFF,0xFF,0x0,0x0,0xFF,0xFF,0xFF,0xFF,0xFF,0xFF,0xFF,0xFF,0xFF,0xFF,0xFF,0xFF,0x0,0x0,0x0,0xFF,0xFF,0x0,0x0,0x0,0x0,0x0,0x0,0x0,0x0,0x0,0x0,
        0x0,0x0,0x0,0x0,0x0,0x0,0x0,0x0,0x0,0x0,0xFF,0xFF,0x0,0x0,0xFF,0xFF,0xFF,0xFF,0xFF,0xFF,0xFF,0xFF,0xFF,0xFF,0xFF,0xFF,0x0,0x0,0x0,0x0,0xFF,0xFF,0xFF,0xFF,0xFF,0xFF,0xFF,0xFF,0xFF,0xFF,0xFF,0xFF,0x0,0x0,0xFF,0xFF,0x0,0x0,0x0,0x0,0x0,0x0,0x0,0x0,0x0,0x0,
        0x0,0x0,0x0,0x0,0x0,0x0,0x0,0x0,0x0,0xFF,0xFF,0xFF,0xFF,0xFF,0xFF,0xFF,0xFF,0xFF,0xFF,0xFF,0xFF,0xFF,0xFF,0xFF,0xFF,0xFF,0x0,0x0,0x0,0x0,0xFF,0xFF,0xFF,0xFF,0xFF,0xFF,0xFF,0xFF,0xFF,0xFF,0xFF,0xFF,0xFF,0xFF,0xFF,0xFF,0xFF,0x0,0x0,0x0,0x0,0x0,0x0,0x0,0x0,0x0,
        0x0,0x0,0x0,0x0,0x0,0x0,0x0,0x0,0x0,0xFF,0xFF,0xFF,0xFF,0xFF,0xFF,0xFF,0xFF,0xFF,0xFF,0xFF,0xFF,0xFF,0xFF,0xFF,0xFF,0xFF,0x0,0x0,0x0,0x0,0xFF,0xFF,0xFF,0xFF,0xFF,0xFF,0xFF,0xFF,0xFF,0xFF,0xFF,0xFF,0xFF,0xFF,0xFF,0xFF,0xFF,0x0,0x0,0x0,0x0,0x0,0x0,0x0,0x0,0x0,
        0x0,0x0,0x0,0x0,0x0,0x0,0x0,0x0,0xFF,0xFF,0xFF,0xFF,0xFF,0xFF,0xFF,0xFF,0xFF,0xFF,0xFF,0xFF,0xFF,0xFF,0xFF,0xFF,0xFF,0xFF,0x0,0x0,0x0,0x0,0xFF,0xFF,0xFF,0xFF,0xFF,0xFF,0xFF,0xFF,0xFF,0xFF,0xFF,0xFF,0xFF,0xFF,0xFF,0xFF,0xFF,0xFF,0x0,0x0,0x0,0x0,0x0,0x0,0x0,0x0,
        0x0,0x0,0x0,0x0,0x0,0x0,0x0,0x0,0xFF,0xFF,0xFF,0xFF,0xFF,0xFF,0xFF,0xFF,0xFF,0xFF,0xFF,0xFF,0xFF,0xFF,0xFF,0xFF,0xFF,0xFF,0x0,0x0,0x0,0x0,0xFF,0xFF,0xFF,0xFF,0xFF,0xFF,0xFF,0xFF,0xFF,0xFF,0xFF,0xFF,0xFF,0xFF,0xFF,0xFF,0xFF,0xFF,0x0,0x0,0x0,0x0,0x0,0x0,0x0,0x0,
        0x0,0x0,0x0,0x0,0x0,0x0,0x0,0xFF,0xFF,0xFF,0xFF,0xFF,0xFF,0xFF,0xFF,0xFF,0xFF,0xFF,0xFF,0xFF,0xFF,0xFF,0xFF,0xFF,0xFF,0xFF,0x0,0x0,0x0,0x0,0xFF,0xFF,0xFF,0xFF,0xFF,0xFF,0xFF,0xFF,0xFF,0xFF,0xFF,0xFF,0xFF,0xFF,0xFF,0xFF,0xFF,0xFF,0xFF,0x0,0x0,0x0,0x0,0x0,0x0,0x0,
        0x0,0x0,0x0,0x0,0x0,0x0,0x0,0xFF,0xFF,0xFF,0xFF,0xFF,0xFF,0xFF,0x0,0xFF,0xFF,0xFF,0xFF,0xFF,0xFF,0xFF,0xFF,0xFF,0xFF,0xFF,0x0,0x0,0x0,0x0,0xFF,0xFF,0xFF,0xFF,0xFF,0xFF,0xFF,0xFF,0xFF,0xFF,0xFF,0x0,0xFF,0xFF,0xFF,0xFF,0xFF,0xFF,0xFF,0x0,0x0,0x0,0x0,0x0,0x0,0x0,
        0x0,0x0,0x0,0x0,0x0,0x0,0x0,0xFF,0xFF,0xFF,0xFF,0xFF,0xFF,0x0,0xFF,0xFF,0xFF,0xFF,0xFF,0xFF,0xFF,0xFF,0xFF,0xFF,0xFF,0xFF,0x0,0x0,0x0,0x0,0xFF,0xFF,0xFF,0xFF,0xFF,0xFF,0xFF,0xFF,0xFF,0xFF,0xFF,0xFF,0x0,0xFF,0xFF,0xFF,0xFF,0xFF,0xFF,0x0,0x0,0x0,0x0,0x0,0x0,0x0,
        0x0,0x0,0x0,0x0,0x0,0x0,0x0,0xFF,0xFF,0xFF,0xFF,0xFF,0x0,0x0,0xFF,0xFF,0xFF,0xFF,0xFF,0xFF,0xFF,0xFF,0xFF,0xFF,0xFF,0xFF,0x0,0x0,0x0,0x0,0xFF,0xFF,0xFF,0xFF,0xFF,0xFF,0xFF,0xFF,0xFF,0xFF,0xFF,0xFF,0x0,0x0,0xFF,0xFF,0xFF,0xFF,0xFF,0x0,0x0,0x0,0x0,0x0,0x0,0x0,
        0x0,0x0,0x0,0x0,0x0,0x0,0x0,0xFF,0xFF,0xFF,0xFF,0xFF,0x0,0x0,0xFF,0xFF,0xFF,0xFF,0xFF,0xFF,0xFF,0xFF,0xFF,0xFF,0xFF,0xFF,0x0,0x0,0x0,0x0,0xFF,0xFF,0xFF,0xFF,0xFF,0xFF,0xFF,0xFF,0xFF,0xFF,0xFF,0xFF,0x0,0x0,0xFF,0xFF,0xFF,0xFF,0xFF,0x0,0x0,0x0,0x0,0x0,0x0,0x0,
        0x0,0x0,0x0,0x0,0x0,0x0,0x0,0x0,0xFF,0xFF,0xFF,0xFF,0x0,0xFF,0xFF,0xFF,0x0,0x0,0x0,0xFF,0xFF,0xFF,0xFF,0xFF,0xFF,0xFF,0x0,0x0,0x0,0x0,0xFF,0xFF,0xFF,0xFF,0xFF,0xFF,0xFF,0x0,0x0,0x0,0xFF,0xFF,0xFF,0x0,0xFF,0xFF,0xFF,0xFF,0x0,0x0,0x0,0x0,0x0,0x0,0x0,0x0,
        0x0,0x0,0x0,0x0,0x0,0x0,0x0,0x0,0xFF,0xFF,0xFF,0xFF,0x0,0xFF,0xFF,0x0,0x0,0x0,0x0,0x0,0xFF,0xFF,0xFF,0xFF,0xFF,0xFF,0x0,0x0,0x0,0x0,0xFF,0xFF,0xFF,0xFF,0xFF,0xFF,0x0,0x0,0x0,0x0,0x0,0xFF,0xFF,0x0,0xFF,0xFF,0xFF,0xFF,0x0,0x0,0x0,0x0,0x0,0x0,0x0,0x0,
        0x0,0x0,0x0,0x0,0x0,0x0,0x0,0x0,0x0,0xFF,0xFF,0xFF,0x0,0xFF,0xFF,0x0,0x0,0x0,0x0,0x0,0x0,0xFF,0xFF,0xFF,0xFF,0xFF,0x0,0x0,0x0,0x0,0xFF,0xFF,0xFF,0xFF,0xFF,0x0,0x0,0x0,0x0,0x0,0x0,0xFF,0xFF,0x0,0xFF,0xFF,0xFF,0x0,0x0,0x0,0x0,0x0,0x0,0x0,0x0,0x0,
        0x0,0x0,0x0,0x0,0x0,0x0,0x0,0x0,0x0,0x0,0xFF,0xFF,0x0,0x0,0xFF,0x0,0x0,0x0,0xFF,0xFF,0x0,0x0,0xFF,0xFF,0xFF,0xFF,0x0,0x0,0x0,0x0,0xFF,0xFF,0xFF,0xFF,0x0,0x0,0xFF,0xFF,0x0,0x0,0x0,0xFF,0x0,0x0,0xFF,0xFF,0x0,0x0,0x0,0x0,0x0,0x0,0x0,0x0,0x0,0x0,
        0x0,0x0,0x0,0x0,0x0,0x0,0x0,0x0,0x0,0x0,0xFF,0xFF,0x0,0x0,0xFF,0x0,0x0,0xFF,0xFF,0xFF,0xFF,0x0,0xFF,0xFF,0xFF,0xFF,0x0,0x0,0x0,0x0,0xFF,0xFF,0xFF,0xFF,0x0,0xFF,0xFF,0xFF,0xFF,0x0,0x0,0xFF,0x0,0x0,0xFF,0xFF,0x0,0x0,0x0,0x0,0x0,0x0,0x0,0x0,0x0,0x0,
        0x0,0x0,0x0,0x0,0x0,0x0,0x0,0x0,0x0,0x0,0xFF,0xFF,0x0,0x0,0xFF,0x0,0x0,0xFF,0xFF,0xFF,0xFF,0x0,0xFF,0xFF,0xFF,0xFF,0x0,0x0,0x0,0x0,0xFF,0xFF,0xFF,0xFF,0x0,0xFF,0xFF,0xFF,0xFF,0x0,0x0,0xFF,0x0,0x0,0xFF,0xFF,0x0,0x0,0x0,0x0,0x0,0x0,0x0,0x0,0x0,0x0,
        0x0,0x0,0x0,0x0,0x0,0x0,0x0,0x0,0x0,0x0,0xFF,0xFF,0x0,0x0,0xFF,0xFF,0x0,0xFF,0xFF,0xFF,0xFF,0x0,0xFF,0xFF,0xFF,0xFF,0x0,0x0,0x0,0x0,0xFF,0xFF,0xFF,0xFF,0x0,0xFF,0xFF,0xFF,0xFF,0x0,0xFF,0xFF,0x0,0x0,0xFF,0xFF,0x0,0x0,0x0,0x0,0x0,0x0,0x0,0x0,0x0,0x0,
        0x0,0x0,0x0,0x0,0x0,0x0,0x0,0x0,0x0,0x0,0x0,0xFF,0x0,0x0,0xFF,0xFF,0x0,0xFF,0xFF,0xFF,0xFF,0x0,0x0,0xFF,0xFF,0xFF,0x0,0x0,0x0,0x0,0xFF,0xFF,0xFF,0x0,0x0,0xFF,0xFF,0xFF,0xFF,0x0,0xFF,0xFF,0x0,0x0,0xFF,0x0,0x0,0x0,0x0,0x0,0x0,0x0,0x0,0x0,0x0,0x0,
        0x0,0x0,0x0,0x0,0x0,0x0,0x0,0x0,0x0,0x0,0x0,0xFF,0xFF,0x0,0x0,0xFF,0x0,0x0,0xFF,0xFF,0xFF,0x0,0x0,0xFF,0xFF,0xFF,0x0,0x0,0x0,0x0,0xFF,0xFF,0xFF,0x0,0x0,0xFF,0xFF,0xFF,0x0,0x0,0xFF,0x0,0x0,0xFF,0xFF,0x0,0x0,0x0,0x0,0x0,0x0,0x0,0x0,0x0,0x0,0x0,
        0x0,0x0,0x0,0x0,0x0,0x0,0x0,0x0,0x0,0x0,0x0,0xFF,0xFF,0x0,0x0,0xFF,0xFF,0xFF,0x0,0x0,0x0,0x0,0x0,0xFF,0xFF,0xFF,0x0,0x0,0x0,0x0,0xFF,0xFF,0xFF,0x0,0x0,0x0,0x0,0x0,0xFF,0xFF,0xFF,0x0,0x0,0xFF,0xFF,0x0,0x0,0x0,0x0,0x0,0x0,0x0,0x0,0x0,0x0,0x0,
        0x0,0x0,0x0,0x0,0x0,0x0,0x0,0x0,0x0,0x0,0x0,0xFF,0xFF,0x0,0x0,0x0,0xFF,0xFF,0xFF,0xFF,0xFF,0xFF,0xFF,0xFF,0xFF,0x0,0x0,0x0,0x0,0x0,0x0,0xFF,0xFF,0xFF,0xFF,0xFF,0xFF,0xFF,0xFF,0xFF,0x0,0x0,0x0,0xFF,0xFF,0x0,0x0,0x0,0x0,0x0,0x0,0x0,0x0,0x0,0x0,0x0,
        0x0,0x0,0x0,0x0,0x0,0x0,0x0,0x0,0x0,0x0,0x0,0x0,0xFF,0x0,0x0,0x0,0xFF,0xFF,0xFF,0xFF,0xFF,0xFF,0xFF,0xFF,0xFF,0x0,0x0,0x0,0x0,0x0,0x0,0xFF,0xFF,0xFF,0xFF,0xFF,0xFF,0xFF,0xFF,0xFF,0x0,0x0,0x0,0xFF,0x0,0x0,0x0,0x0,0x0,0x0,0x0,0x0,0x0,0x0,0x0,0x0,
        0x0,0x0,0x0,0x0,0x0,0x0,0x0,0xFF,0xFF,0x0,0x0,0x0,0xFF,0x0,0x0,0x0,0xFF,0xFF,0xFF,0xFF,0xFF,0xFF,0xFF,0xFF,0x0,0x0,0x0,0x0,0x0,0x0,0x0,0x0,0xFF,0xFF,0xFF,0xFF,0xFF,0xFF,0xFF,0xFF,0x0,0x0,0x0,0xFF,0x0,0x0,0x0,0xFF,0xFF,0x0,0x0,0x0,0x0,0x0,0x0,0x0,
        0x0,0x0,0x0,0x0,0x0,0x0,0x0,0x0,0x0,0xFF,0x0,0x0,0xFF,0xFF,0x0,0x0,0xFF,0xFF,0xFF,0xFF,0xFF,0xFF,0xFF,0xFF,0x0,0x0,0x0,0x0,0x0,0x0,0x0,0x0,0xFF,0xFF,0xFF,0xFF,0xFF,0xFF,0xFF,0xFF,0x0,0x0,0xFF,0xFF,0x0,0x0,0xFF,0x0,0x0,0x0,0x0,0x0,0x0,0x0,0x0,0x0,
        0x0,0x0,0x0,0x0,0x0,0x0,0x0,0x0,0x0,0xFF,0xFF,0x0,0xFF,0xFF,0x0,0x0,0xFF,0x0,0xFF,0xFF,0xFF,0xFF,0xFF,0xFF,0x0,0x0,0x0,0x0,0x0,0x0,0x0,0x0,0xFF,0xFF,0xFF,0xFF,0xFF,0xFF,0x0,0xFF,0x0,0x0,0xFF,0xFF,0x0,0xFF,0xFF,0x0,0x0,0x0,0x0,0x0,0x0,0x0,0x0,0x0,
        0x0,0x0,0x0,0x0,0x0,0x0,0x0,0x0,0x0,0xFF,0xFF,0xFF,0xFF,0xFF,0xFF,0x0,0xFF,0x0,0xFF,0xFF,0xFF,0xFF,0xFF,0xFF,0x0,0x0,0x0,0x0,0x0,0x0,0x0,0x0,0xFF,0xFF,0xFF,0xFF,0xFF,0xFF,0x0,0xFF,0x0,0xFF,0xFF,0xFF,0xFF,0xFF,0xFF,0x0,0x0,0x0,0x0,0x0,0x0,0x0,0x0,0x0,
        0x0,0x0,0x0,0x0,0x0,0x0,0x0,0x0,0x0,0xFF,0xFF,0xFF,0xFF,0xFF,0xFF,0xFF,0x0,0x0,0x0,0xFF,0xFF,0xFF,0xFF,0xFF,0xFF,0x0,0x0,0x0,0x0,0x0,0x0,0xFF,0xFF,0xFF,0xFF,0xFF,0xFF,0x0,0x0,0x0,0xFF,0xFF,0xFF,0xFF,0xFF,0xFF,0xFF,0x0,0x0,0x0,0x0,0x0,0x0,0x0,0x0,0x0,
        0x0,0x0,0x0,0x0,0x0,0x0,0x0,0x0,0x0,0x0,0xFF,0xFF,0xFF,0xFF,0xFF,0xFF,0x0,0x0,0x0,0xFF,0x0,0xFF,0xFF,0xFF,0xFF,0xFF,0xFF,0x0,0x0,0xFF,0xFF,0xFF,0xFF,0xFF,0xFF,0x0,0xFF,0x0,0x0,0x0,0xFF,0xFF,0xFF,0xFF,0xFF,0xFF,0x0,0x0,0x0,0x0,0x0,0x0,0x0,0x0,0x0,0x0,
        0x0,0x0,0x0,0x0,0x0,0x0,0x0,0x0,0x0,0x0,0xFF,0xFF,0xFF,0xFF,0xFF,0xFF,0x0,0x0,0x0,0xFF,0x0,0xFF,0xFF,0xFF,0xFF,0xFF,0xFF,0x0,0x0,0xFF,0xFF,0xFF,0xFF,0xFF,0xFF,0x0,0xFF,0x0,0x0,0x0,0xFF,0xFF,0xFF,0xFF,0xFF,0xFF,0x0,0x0,0x0,0x0,0x0,0x0,0x0,0x0,0x0,0x0,
        0x0,0x0,0x0,0x0,0x0,0x0,0x0,0x0,0x0,0x0,0x0,0xFF,0xFF,0xFF,0xFF,0xFF,0x0,0x0,0x0,0xFF,0x0,0xFF,0x0,0xFF,0xFF,0xFF,0x0,0x0,0x0,0x0,0xFF,0xFF,0xFF,0x0,0xFF,0x0,0xFF,0x0,0x0,0x0,0xFF,0xFF,0xFF,0xFF,0xFF,0x0,0x0,0x0,0x0,0x0,0x0,0x0,0x0,0x0,0x0,0x0,
        0x0,0x0,0x0,0x0,0x0,0x0,0x0,0x0,0x0,0x0,0x0,0x0,0xFF,0xFF,0xFF,0xFF,0xFF,0x0,0x0,0xFF,0x0,0x0,0x0,0x0,0xFF,0x0,0x0,0x0,0x0,0x0,0x0,0xFF,0x0,0x0,0x0,0x0,0xFF,0x0,0x0,0xFF,0xFF,0xFF,0xFF,0xFF,0x0,0x0,0x0,0x0,0x0,0x0,0x0,0x0,0x0,0x0,0x0,0x0,
        0x0,0x0,0x0,0x0,0x0,0x0,0x0,0x0,0x0,0x0,0x0,0x0,0x0,0xFF,0xFF,0xFF,0xFF,0x0,0x0,0xFF,0x0,0x0,0x0,0x0,0xFF,0x0,0x0,0x0,0x0,0x0,0x0,0xFF,0x0,0x0,0x0,0x0,0xFF,0x0,0x0,0xFF,0xFF,0xFF,0xFF,0x0,0x0,0x0,0x0,0x0,0x0,0x0,0x0,0x0,0x0,0x0,0x0,0x0,
        0x0,0x0,0x0,0x0,0x0,0x0,0x0,0x0,0x0,0x0,0x0,0x0,0x0,0x0,0xFF,0xFF,0xFF,0xFF,0x0,0xFF,0x0,0x0,0x0,0x0,0xFF,0x0,0x0,0x0,0x0,0x0,0x0,0xFF,0x0,0x0,0x0,0x0,0xFF,0x0,0xFF,0xFF,0xFF,0xFF,0x0,0x0,0x0,0x0,0x0,0x0,0x0,0x0,0x0,0x0,0x0,0x0,0x0,0x0,
        0x0,0x0,0x0,0x0,0x0,0x0,0x0,0x0,0x0,0x0,0x0,0x0,0x0,0x0,0x0,0xFF,0xFF,0xFF,0xFF,0x0,0x0,0x0,0x0,0xFF,0x0,0x0,0x0,0x0,0x0,0x0,0x0,0x0,0xFF,0x0,0x0,0x0,0x0,0xFF,0xFF,0xFF,0xFF,0x0,0x0,0x0,0x0,0x0,0x0,0x0,0x0,0x0,0x0,0x0,0x0,0x0,0x0,0x0,
        0x0,0x0,0x0,0x0,0x0,0x0,0x0,0x0,0x0,0x0,0x0,0x0,0x0,0x0,0x0,0x0,0xFF,0xFF,0xFF,0x0,0x0,0x0,0x0,0xFF,0x0,0x0,0x0,0x0,0x0,0x0,0x0,0x0,0xFF,0x0,0x0,0x0,0x0,0xFF,0xFF,0xFF,0x0,0x0,0x0,0x0,0x0,0x0,0x0,0x0,0x0,0x0,0x0,0x0,0x0,0x0,0x0,0x0,
        0x0,0x0,0x0,0x0,0x0,0x0,0x0,0x0,0x0,0x0,0x0,0x0,0x0,0x0,0x0,0x0,0x0,0xFF,0xFF,0xFF,0x0,0x0,0x0,0x0,0x0,0x0,0x0,0x0,0x0,0x0,0x0,0x0,0x0,0x0,0x0,0x0,0xFF,0xFF,0xFF,0x0,0x0,0x0,0x0,0x0,0x0,0x0,0x0,0x0,0x0,0x0,0x0,0x0,0x0,0x0,0x0,0x0,
        0x0,0x0,0x0,0x0,0x0,0x0,0x0,0x0,0x0,0x0,0x0,0x0,0xFF,0xFF,0x0,0xFF,0x0,0x0,0xFF,0xFF,0x0,0x0,0x0,0x0,0x0,0x0,0x0,0x0,0x0,0x0,0x0,0x0,0x0,0x0,0x0,0x0,0xFF,0xFF,0x0,0x0,0xFF,0x0,0xFF,0xFF,0x0,0x0,0x0,0x0,0x0,0x0,0x0,0x0,0x0,0x0,0x0,0x0,
        0x0,0x0,0x0,0x0,0x0,0x0,0x0,0x0,0x0,0x0,0x0,0x0,0x0,0xFF,0x0,0xFF,0x0,0x0,0xFF,0xFF,0x0,0x0,0x0,0x0,0x0,0x0,0x0,0x0,0x0,0x0,0x0,0x0,0x0,0x0,0x0,0x0,0xFF,0xFF,0x0,0x0,0xFF,0x0,0xFF,0x0,0x0,0x0,0x0,0x0,0x0,0x0,0x0,0x0,0x0,0x0,0x0,0x0,
        0x0,0x0,0x0,0x0,0x0,0x0,0x0,0x0,0x0,0x0,0x0,0x0,0x0,0xFF,0x0,0xFF,0x0,0xFF,0xFF,0xFF,0x0,0x0,0x0,0x0,0x0,0x0,0x0,0x0,0x0,0x0,0x0,0x0,0x0,0x0,0x0,0x0,0xFF,0xFF,0xFF,0x0,0xFF,0x0,0xFF,0x0,0x0,0x0,0x0,0x0,0x0,0x0,0x0,0x0,0x0,0x0,0x0,0x0,
        0x0,0x0,0x0,0x0,0x0,0x0,0x0,0x0,0x0,0x0,0x0,0x0,0x0,0x0,0xFF,0xFF,0x0,0xFF,0xFF,0xFF,0x0,0x0,0x0,0x0,0x0,0x0,0x0,0x0,0x0,0x0,0x0,0x0,0x0,0x0,0x0,0x0,0xFF,0xFF,0xFF,0x0,0xFF,0xFF,0x0,0x0,0x0,0x0,0x0,0x0,0x0,0x0,0x0,0x0,0x0,0x0,0x0,0x0,
        0x0,0x0,0x0,0x0,0x0,0x0,0x0,0x0,0x0,0x0,0x0,0x0,0x0,0x0,0xFF,0xFF,0xFF,0xFF,0xFF,0xFF,0x0,0x0,0x0,0x0,0x0,0x0,0x0,0x0,0x0,0x0,0x0,0x0,0x0,0x0,0x0,0x0,0xFF,0xFF,0xFF,0xFF,0xFF,0xFF,0x0,0x0,0x0,0x0,0x0,0x0,0x0,0x0,0x0,0x0,0x0,0x0,0x0,0x0,
        0x0,0x0,0x0,0x0,0x0,0x0,0x0,0x0,0x0,0x0,0x0,0x0,0x0,0x0,0x0,0xFF,0xFF,0xFF,0xFF,0xFF,0x0,0x0,0x0,0x0,0x0,0x0,0x0,0x0,0x0,0x0,0x0,0x0,0x0,0x0,0x0,0x0,0xFF,0xFF,0xFF,0xFF,0xFF,0x0,0x0,0x0,0x0,0x0,0x0,0x0,0x0,0x0,0x0,0x0,0x0,0x0,0x0,0x0,
        0x0,0x0,0x0,0x0,0x0,0x0,0x0,0x0,0x0,0x0,0x0,0x0,0x0,0x0,0x0,0xFF,0xFF,0xFF,0xFF,0xFF,0x0,0x0,0x0,0x0,0x0,0x0,0x0,0x0,0x0,0x0,0x0,0x0,0x0,0x0,0x0,0x0,0xFF,0xFF,0xFF,0xFF,0xFF,0x0,0x0,0x0,0x0,0x0,0x0,0x0,0x0,0x0,0x0,0x0,0x0,0x0,0x0,0x0,
        0x0,0x0,0x0,0x0,0x0,0x0,0x0,0x0,0x0,0x0,0x0,0x0,0x0,0x0,0x0,0x0,0xFF,0xFF,0xFF,0xFF,0x0,0x0,0x0,0x0,0x0,0x0,0x0,0x0,0x0,0x0,0x0,0x0,0x0,0x0,0x0,0x0,0xFF,0xFF,0xFF,0xFF,0x0,0x0,0x0,0x0,0x0,0x0,0x0,0x0,0x0,0x0,0x0,0x0,0x0,0x0,0x0,0x0,
        0x0,0x0,0x0,0x0,0x0,0x0,0x0,0x0,0x0,0x0,0x0,0x0,0x0,0x0,0x0,0x0,0x0,0x0,0x0,0x0,0x0,0x0,0x0,0x0,0x0,0x0,0x0,0x0,0x0,0x0,0x0,0x0,0x0,0x0,0x0,0x0,0x0,0x0,0x0,0x0,0x0,0x0,0x0,0x0,0x0,0x0,0x0,0x0,0x0,0x0,0x0,0x0,0x0,0x0,0x0,0x0
    }
};

const gfx_sprite_t sprite_gaster_blaster_3_1 = {
    .width = 56,
    .height = 56,
    .data = {
        0x0,0x0,0x0,0x0,0x0,0x0,0x0,0x0,0x0,0x0,0x0,0x0,0x0,0x0,0x0,0x0,0x0,0x0,0x0,0x0,0x0,0x0,0x0,0x0,0x0,0x0,0x0,0x0,0x0,0x0,0x0,0x0,0x0,0x0,0x0,0x0,0x0,0x0,0x0,0x0,0x0,0x0,0x0,0x0,0x0,0x0,0x0,0x0,0x0,0x0,0x0,0x0,0x0,0x0,0x0,0x0,
        0x0,0x0,0x0,0x0,0x0,0x0,0x0,0x0,0x0,0x0,0x0,0x0,0x0,0x0,0x0,0x0,0x0,0x0,0x0,0x0,0x0,0x4A,0x0,0x0,0x0,0x0,0x0,0x0,0x0,0x0,0x0,0x0,0x0,0x0,0x0,0x0,0x0,0x0,0x0,0x0,0x0,0x0,0x0,0x0,0x0,0x0,0x0,0x0,0x0,0x0,0x0,0x0,0x0,0x0,0x0,0x0,
        0x0,0x0,0x0,0x0,0x0,0x0,0x0,0x0,0x0,0x0,0x0,0x0,0x0,0x0,0x0,0x0,0x0,0x0,0x6B,0x0,0x6B,0x94,0x0,0x0,0x0,0x0,0x0,0x0,0x0,0x0,0x0,0x0,0x6B,0xDE,0x4A,0x21,0x0,0x0,0x0,0x0,0x0,0x0,0x0,0x0,0x0,0x0,0x0,0x0,0x0,0x0,0x0,0x0,0x0,0x0,0x0,0x0,
        0x0,0x0,0x0,0x0,0x0,0x0,0x0,0x0,0x0,0x0,0x0,0x0,0x0,0x0,0x0,0x0,0x0,0x4A,0xDE,0x0,0x0,0xFF,0x4A,0x0,0x0,0x0,0x0,0x0,0x0,0x0,0x0,0x0,0x4A,0x94,0xFF,0xDE,0x6B,0x0,0x0,0x0,0x0,0x0,0x0,0x0,0x0,0x0,0x0,0x0,0x0,0x0,0x0,0x0,0x0,0x0,0x0,0x0,
        0x0,0x0,0x0,0x0,0x0,0x0,0x0,0x0,0x0,0x0,0x0,0x0,0x0,0x0,0x0,0x0,0x0,0x0,0xFF,0x21,0x0,0xDE,0xFF,0xDE,0x4A,0x0,0x0,0x0,0x0,0x0,0x0,0x0,0x0,0x0,0x0,0xB5,0xFF,0xFF,0x4A,0x0,0x0,0x0,0x0,0x0,0x0,0x0,0x0,0x0,0x0,0x0,0x0,0x0,0x0,0x0,0x0,0x0,
        0x0,0x0,0x0,0x0,0x0,0x0,0x0,0x0,0x0,0x0,0x0,0x0,0x0,0x0,0x0,0x0,0x0,0x6B,0xFF,0x6B,0x0,0x6B,0xFF,0xFF,0xFF,0xDE,0x6B,0x0,0x0,0x0,0x0,0x0,0x0,0x0,0x0,0x0,0xB5,0xFF,0xFF,0x6B,0x0,0x0,0x0,0x0,0x0,0x0,0x0,0x0,0x0,0x0,0x0,0x0,0x0,0x0,0x0,0x0,
        0x0,0x0,0x0,0x0,0x0,0x0,0x0,0x0,0x0,0x0,0x0,0x0,0x0,0x0,0x0,0x0,0x21,0xDE,0xFF,0xDE,0x0,0x21,0xFF,0xFF,0xFF,0xFF,0xFF,0xDE,0xFF,0x94,0xB5,0x4A,0x4A,0x4A,0x0,0x0,0x21,0x6B,0xFF,0xB5,0x0,0x0,0x0,0x0,0x0,0x0,0x0,0x0,0x0,0x0,0x0,0x0,0x0,0x0,0x0,0x0,
        0x0,0x0,0x0,0x0,0x0,0x0,0x0,0x0,0x0,0x0,0x0,0x0,0x0,0x0,0x0,0x0,0x4A,0xFF,0xFF,0xFF,0x0,0x0,0xDE,0xFF,0xFF,0xFF,0xFF,0xFF,0xFF,0xFF,0xFF,0xFF,0xFF,0xFF,0xB5,0x21,0x0,0x0,0xFF,0xFF,0xDE,0x21,0x0,0x0,0x0,0x0,0x0,0x0,0x0,0x0,0x0,0x0,0x0,0x0,0x0,0x0,
        0x0,0x0,0x0,0x0,0x0,0x0,0x0,0x0,0x0,0x0,0x0,0x0,0x0,0x0,0x0,0x0,0xDE,0xFF,0xFF,0xFF,0x6B,0x0,0x6B,0xFF,0xFF,0xFF,0xFF,0xFF,0xFF,0xFF,0xFF,0xFF,0xFF,0xFF,0xFF,0xFF,0x94,0xDE,0xFF,0xFF,0xFF,0x6B,0x21,0x0,0x0,0x0,0x0,0x0,0x0,0x0,0x0,0x0,0x0,0x0,0x0,0x0,
        0x0,0x0,0x0,0x0,0x0,0x0,0x0,0x0,0x0,0x0,0x0,0x0,0x0,0x0,0x0,0x6B,0xFF,0xFF,0xFF,0xFF,0xB5,0x0,0x21,0xFF,0xFF,0xFF,0xFF,0xFF,0xFF,0xFF,0xFF,0xFF,0xFF,0xFF,0xFF,0xFF,0xFF,0xFF,0xFF,0xFF,0xFF,0xFF,0xDE,0x0,0x0,0x0,0x0,0x0,0x0,0x0,0x0,0x0,0x0,0x0,0x0,0x0,
        0x0,0x0,0x0,0x0,0x0,0x0,0x0,0x21,0xB5,0x6B,0x0,0x0,0x0,0x0,0x94,0xFF,0xFF,0xFF,0xFF,0xFF,0xFF,0x0,0x0,0xDE,0xFF,0xFF,0xFF,0xFF,0xFF,0xFF,0xFF,0xFF,0xFF,0xFF,0xFF,0xFF,0xFF,0xFF,0xFF,0xFF,0xFF,0xFF,0xFF,0x94,0x21,0x0,0x0,0x0,0x0,0x0,0x0,0x0,0x0,0x0,0x0,0x0,
        0x0,0x0,0x0,0x0,0x0,0x0,0x0,0x94,0xDE,0x0,0x0,0x0,0x0,0x21,0xFF,0xFF,0xFF,0xFF,0xFF,0xFF,0xFF,0x6B,0x0,0x4A,0xB5,0xFF,0xFF,0xFF,0xFF,0xFF,0xFF,0xFF,0xFF,0xFF,0xFF,0xFF,0xFF,0xFF,0xFF,0xFF,0xFF,0xFF,0xFF,0xFF,0x94,0x0,0x0,0x0,0x0,0x0,0x0,0x0,0x0,0x0,0x0,0x0,
        0x0,0x0,0x0,0x0,0x0,0x0,0x0,0xFF,0x6B,0x0,0x0,0x0,0x94,0xFF,0xFF,0xFF,0xFF,0xFF,0xFF,0xFF,0xFF,0x4A,0x0,0x0,0x21,0xFF,0xFF,0xFF,0xFF,0xFF,0xFF,0xFF,0xFF,0xFF,0xFF,0xFF,0xFF,0xFF,0xFF,0xFF,0xFF,0xFF,0xFF,0xFF,0xDE,0x0,0x0,0x0,0x0,0x0,0x0,0x0,0x0,0x0,0x0,0x0,
        0x0,0x0,0x0,0x0,0x0,0x0,0xB5,0xDE,0x21,0x0,0x0,0x6B,0xDE,0xFF,0xFF,0xFF,0xFF,0xFF,0xFF,0xFF,0xFF,0x0,0x0,0x0,0x0,0xDE,0xFF,0xFF,0xFF,0xFF,0xFF,0xFF,0xFF,0xFF,0xFF,0xFF,0xFF,0x94,0xFF,0xFF,0xFF,0xFF,0xFF,0xFF,0xFF,0x21,0x0,0x0,0x0,0x0,0x0,0x0,0x0,0x0,0x0,0x0,
        0x0,0x0,0x0,0x0,0x0,0x4A,0xFF,0xB5,0x0,0x0,0x4A,0xFF,0xFF,0xFF,0xFF,0xFF,0xFF,0xFF,0xFF,0xFF,0xFF,0x4A,0x0,0x0,0x0,0x6B,0xFF,0xFF,0xFF,0xFF,0xFF,0xFF,0xFF,0xFF,0xFF,0xFF,0xFF,0x94,0x4A,0xB5,0xFF,0xFF,0xFF,0xFF,0xFF,0x94,0x0,0x0,0x0,0x0,0x0,0x0,0x0,0x0,0x0,0x0,
        0x0,0x0,0x0,0x0,0x0,0x94,0xFF,0xDE,0x0,0x0,0xFF,0xFF,0xFF,0xFF,0xFF,0xFF,0xFF,0xFF,0xFF,0xFF,0xFF,0xB5,0x0,0x0,0x0,0x21,0xFF,0xFF,0xFF,0xFF,0xFF,0xFF,0xFF,0xFF,0xFF,0xFF,0xFF,0xFF,0x6B,0x0,0x6B,0xFF,0xFF,0xFF,0xDE,0x0,0x0,0x0,0x0,0x0,0x0,0x0,0x0,0x0,0x0,0x0,
        0x0,0x0,0x0,0x0,0x0,0xDE,0xFF,0x4A,0x0,0x6B,0xFF,0xFF,0xFF,0xFF,0xFF,0xFF,0xFF,0xFF,0xFF,0xFF,0xFF,0xFF,0x0,0x0,0x0,0x0,0xDE,0xFF,0xFF,0xFF,0xFF,0xFF,0xFF,0xFF,0xFF,0xFF,0xFF,0xFF,0xDE,0x0,0x0,0xFF,0xFF,0xFF,0xFF,0x0,0x0,0x0,0x0,0x0,0x0,0x0,0x0,0x0,0x0,0x0,
        0x0,0x0,0x0,0x0,0x0,0x94,0xFF,0x94,0x4A,0xDE,0xFF,0xFF,0xFF,0xFF,0xFF,0xFF,0xFF,0xFF,0xFF,0xFF,0xFF,0xFF,0x4A,0x0,0x0,0x0,0x6B,0xFF,0xFF,0xFF,0xFF,0xFF,0xFF,0xFF,0xFF,0xFF,0xFF,0xFF,0xFF,0xFF,0x21,0xDE,0xFF,0xFF,0xB5,0x0,0x0,0x0,0x0,0x0,0x0,0x0,0x0,0x0,0x0,0x0,
        0x0,0x0,0x0,0x0,0x0,0x94,0xFF,0xFF,0xFF,0xFF,0xFF,0xFF,0xFF,0xFF,0xFF,0xFF,0xFF,0xFF,0xFF,0xFF,0xFF,0xFF,0x94,0x0,0x0,0x0,0x21,0xFF,0xFF,0xFF,0xFF,0xFF,0xFF,0xFF,0xB5,0x4A,0x0,0x6B,0xDE,0xFF,0x6B,0x6B,0xFF,0xFF,0x6B,0x0,0x0,0x0,0x0,0x0,0x0,0x0,0x0,0x0,0x0,0x0,
        0x0,0x0,0x0,0x0,0x0,0xFF,0xFF,0xFF,0xFF,0xFF,0xFF,0xFF,0xFF,0xFF,0xFF,0xFF,0xFF,0xFF,0xFF,0xFF,0xFF,0xFF,0xFF,0x0,0x0,0x0,0x0,0xDE,0xFF,0xFF,0xFF,0xFF,0xFF,0xFF,0x4A,0x0,0x0,0x0,0x4A,0xFF,0xB5,0x21,0xFF,0xFF,0x0,0x0,0x0,0x0,0x0,0x0,0x0,0x0,0x0,0x0,0x0,0x0,
        0x0,0x0,0x0,0x0,0x0,0xB5,0xFF,0xFF,0xFF,0xFF,0xFF,0xFF,0xFF,0xFF,0xFF,0xFF,0xFF,0xFF,0xFF,0xFF,0xFF,0xFF,0xFF,0x4A,0x0,0x0,0x0,0x94,0xFF,0xFF,0xFF,0xFF,0xFF,0xDE,0x0,0x0,0x0,0x0,0x0,0xFF,0x0,0x0,0xDE,0xFF,0x4A,0x0,0x0,0x0,0x0,0x0,0x0,0x0,0x0,0x0,0x0,0x0,
        0x0,0x0,0x0,0x0,0x4A,0xFF,0xFF,0xFF,0xFF,0xFF,0xFF,0xFF,0xFF,0xFF,0xFF,0xFF,0xFF,0xFF,0xFF,0xFF,0xFF,0xFF,0xFF,0x94,0x0,0x0,0x0,0x21,0xFF,0xFF,0xFF,0xFF,0xFF,0x21,0x21,0x94,0x21,0x0,0x0,0x94,0x6B,0x0,0x6B,0xFF,0x94,0x0,0x0,0x0,0x0,0x0,0x0,0x0,0x0,0x0,0x0,0x0,
        0x0,0x0,0x0,0x0,0x0,0xFF,0xFF,0xFF,0xFF,0xFF,0xFF,0x4A,0xDE,0xFF,0xFF,0xFF,0xFF,0xFF,0xFF,0xFF,0xFF,0xFF,0xFF,0xFF,0x0,0x0,0x0,0x0,0xDE,0xFF,0xFF,0xFF,0xB5,0x0,0x94,0xFF,0xFF,0x94,0x0,0x4A,0xB5,0x0,0x21,0xFF,0xB5,0x0,0x0,0x0,0x0,0x0,0x0,0x0,0x0,0x0,0x0,0x0,
        0x0,0x0,0x0,0x0,0x94,0xFF,0xFF,0xFF,0xFF,0xFF,0xB5,0x6B,0xFF,0xFF,0xFF,0xFF,0xFF,0xFF,0xFF,0xFF,0xFF,0xFF,0xFF,0xFF,0x4A,0x0,0x0,0x0,0x94,0xFF,0xFF,0xFF,0xB5,0x21,0xFF,0xFF,0xFF,0xFF,0x0,0xB5,0xFF,0x0,0x0,0xDE,0x21,0x0,0x0,0x0,0x0,0x0,0x0,0x0,0x0,0x0,0x0,0x0,
        0x0,0x0,0x0,0x0,0x6B,0xFF,0xFF,0xFF,0xFF,0xFF,0x4A,0x0,0xFF,0xFF,0xFF,0xDE,0x94,0xDE,0xFF,0xFF,0xFF,0xFF,0xFF,0xFF,0x94,0x0,0x0,0x0,0x21,0xFF,0xFF,0xFF,0xFF,0x0,0xFF,0xFF,0xFF,0xFF,0x4A,0xB5,0xFF,0x4A,0x4A,0xFF,0x94,0x0,0x0,0x0,0x0,0x0,0x0,0x0,0x0,0x0,0x0,0x0,
        0x0,0x0,0x0,0x0,0x0,0xFF,0xFF,0xFF,0xFF,0xFF,0x21,0x0,0xDE,0xFF,0x6B,0x0,0x0,0x0,0x6B,0xDE,0xFF,0xFF,0xFF,0xFF,0xDE,0x0,0x0,0x0,0x0,0xDE,0xFF,0xFF,0xFF,0x4A,0xB5,0xFF,0xFF,0xFF,0x6B,0x6B,0xB5,0x0,0x21,0xFF,0xDE,0x0,0x0,0x0,0x0,0x0,0x0,0x0,0x0,0x0,0x0,0x0,
        0x0,0x0,0x0,0x0,0x0,0xB5,0xFF,0xFF,0xFF,0xFF,0x6B,0x6B,0xFF,0xDE,0x21,0x0,0x0,0x0,0x0,0x0,0x6B,0xFF,0xFF,0xFF,0xFF,0x21,0x0,0x0,0x0,0x94,0xFF,0xFF,0xDE,0x21,0x4A,0xFF,0xFF,0xDE,0x21,0x94,0xFF,0x0,0x0,0xFF,0xFF,0x21,0x0,0x0,0x4A,0x21,0x0,0x0,0x0,0x0,0x0,0x0,
        0x0,0x0,0x0,0x0,0x0,0x6B,0xDE,0xFF,0xFF,0xFF,0xDE,0x21,0xFF,0xFF,0x0,0x0,0x0,0x94,0xFF,0x6B,0x21,0xB5,0xFF,0xFF,0xFF,0x94,0x0,0x0,0x0,0x4A,0xFF,0xFF,0xFF,0x0,0x0,0xDE,0x6B,0x21,0xDE,0xFF,0x6B,0x0,0x0,0x94,0x6B,0x0,0x0,0x4A,0xDE,0x4A,0x0,0x0,0x0,0x0,0x0,0x0,
        0x0,0x0,0x0,0x0,0x0,0x0,0x0,0xFF,0xFF,0xFF,0xFF,0x21,0xB5,0xFF,0x4A,0x0,0x21,0xDE,0xFF,0xFF,0x94,0x4A,0xFF,0xFF,0xFF,0xDE,0x0,0x0,0x0,0x0,0xFF,0xFF,0xFF,0x21,0x0,0x21,0x6B,0xDE,0xFF,0xFF,0x94,0x0,0x0,0x4A,0xDE,0x0,0x0,0xDE,0x0,0x0,0x0,0x0,0x0,0x0,0x0,0x0,
        0x0,0x0,0x0,0x0,0x0,0x0,0x0,0x6B,0xB5,0xFF,0xFF,0x6B,0x0,0x6B,0x94,0x0,0x4A,0xFF,0xFF,0xFF,0xFF,0x0,0xFF,0xFF,0xFF,0xFF,0x21,0x0,0x0,0x0,0x94,0xFF,0xFF,0xDE,0xDE,0xFF,0xFF,0xFF,0xFF,0xFF,0xFF,0x0,0x0,0x94,0xFF,0x21,0x6B,0xFF,0x4A,0x0,0x0,0x0,0x0,0x0,0x0,0x0,
        0x0,0x0,0x0,0x0,0x0,0x0,0x0,0x0,0x0,0x4A,0xFF,0xDE,0x0,0x0,0xFF,0x0,0x0,0xFF,0xFF,0xFF,0xFF,0x4A,0x0,0x94,0xFF,0xFF,0x94,0x0,0x0,0x0,0x21,0x4A,0xFF,0xFF,0xFF,0xFF,0xFF,0xFF,0xFF,0xFF,0xFF,0x4A,0x0,0xB5,0xFF,0x94,0xB5,0xFF,0x94,0x0,0x0,0x0,0x0,0x0,0x0,0x0,
        0x0,0x0,0x0,0x0,0x0,0x0,0x0,0x0,0x0,0x0,0xFF,0xFF,0x21,0x0,0xDE,0xFF,0x4A,0x94,0xFF,0xFF,0xFF,0x94,0x0,0x4A,0xFF,0xFF,0xB5,0x0,0x0,0x0,0x0,0x0,0xDE,0xFF,0xFF,0xFF,0xFF,0xFF,0xFF,0xDE,0xB5,0x94,0x0,0xB5,0xFF,0xFF,0xFF,0xFF,0xDE,0x0,0x0,0x0,0x0,0x0,0x0,0x0,
        0x0,0x0,0x0,0x0,0x0,0x0,0x0,0x0,0x0,0x0,0xB5,0xFF,0x6B,0x0,0x6B,0xFF,0xB5,0x21,0x6B,0xFF,0xB5,0x4A,0x0,0x4A,0xFF,0xFF,0x21,0x0,0x0,0x0,0x0,0x0,0x0,0x94,0xFF,0xFF,0xFF,0xFF,0xFF,0xDE,0x21,0xDE,0x21,0xFF,0xFF,0xFF,0xFF,0xFF,0x21,0x0,0x0,0x0,0x0,0x0,0x0,0x0,
        0x0,0x0,0x0,0x0,0x0,0x0,0x0,0x0,0x0,0x0,0x4A,0xB5,0xDE,0x0,0x0,0x4A,0xFF,0x4A,0xB5,0x0,0x4A,0x94,0xFF,0xFF,0xFF,0xFF,0x6B,0x0,0x0,0x0,0x0,0x0,0x0,0x21,0xFF,0xFF,0xFF,0xFF,0xFF,0xDE,0x0,0x21,0xDE,0xFF,0xFF,0xFF,0xFF,0xFF,0x94,0x0,0x0,0x0,0x0,0x0,0x0,0x0,
        0x0,0x0,0x0,0x0,0x0,0x0,0x0,0x0,0x0,0x0,0x0,0x0,0xFF,0xFF,0x21,0x0,0xB5,0xFF,0xFF,0xFF,0xFF,0xFF,0xFF,0xFF,0xFF,0xDE,0x0,0x0,0x0,0x0,0x0,0x0,0x0,0x0,0xDE,0xFF,0xFF,0xFF,0xFF,0x6B,0x0,0x0,0x6B,0xFF,0xFF,0xFF,0xFF,0xDE,0x0,0x0,0x0,0x0,0x0,0x0,0x0,0x0,
        0x0,0x0,0x0,0x0,0x0,0x0,0x0,0x0,0x0,0x0,0x0,0x0,0x94,0xFF,0x6B,0x0,0x0,0x4A,0xFF,0xFF,0xFF,0xFF,0xFF,0xFF,0xFF,0xFF,0x0,0x0,0x0,0x0,0x0,0x0,0x0,0x0,0xDE,0xFF,0xFF,0xDE,0x94,0xB5,0x0,0x0,0x21,0xFF,0xFF,0xFF,0xFF,0x94,0x0,0x0,0x0,0x0,0x0,0x0,0x0,0x0,
        0x0,0x0,0x0,0x0,0x0,0x0,0x0,0x0,0x0,0x0,0x0,0x0,0x4A,0xFF,0xDE,0x0,0x0,0x0,0xFF,0xFF,0xFF,0xFF,0xFF,0xFF,0xFF,0xFF,0x4A,0x0,0x0,0x0,0x0,0x0,0x0,0x6B,0xFF,0xFF,0xFF,0xFF,0x0,0xFF,0x0,0x0,0x0,0xDE,0xFF,0xFF,0xFF,0x21,0x0,0x0,0x0,0x0,0x0,0x0,0x0,0x0,
        0x0,0x0,0x0,0x0,0x0,0x0,0x0,0x0,0x0,0x0,0x0,0x0,0x0,0x0,0xFF,0x21,0x0,0x0,0xB5,0xFF,0xFF,0xFF,0xFF,0xFF,0xFF,0xFF,0xB5,0x21,0x0,0x0,0x0,0x0,0xDE,0xFF,0xFF,0xFF,0xFF,0xFF,0x4A,0xB5,0x4A,0x0,0x6B,0xFF,0xFF,0xFF,0x94,0x0,0x0,0x0,0x0,0x0,0x0,0x0,0x0,0x0,
        0x0,0x0,0x0,0x0,0x0,0x0,0x0,0x0,0x0,0x0,0x0,0x0,0x0,0x0,0x94,0xB5,0x6B,0x0,0x6B,0xB5,0x4A,0xFF,0xFF,0xFF,0xFF,0xFF,0xFF,0xFF,0x94,0xDE,0x21,0x0,0xB5,0xFF,0xFF,0xFF,0x6B,0x4A,0x21,0x4A,0xB5,0x0,0x21,0xFF,0xFF,0xFF,0x0,0x0,0x0,0x0,0x0,0x0,0x0,0x0,0x0,0x0,
        0x0,0x0,0x0,0x0,0x0,0x0,0x0,0x0,0x0,0x4A,0xFF,0x94,0x4A,0x0,0x4A,0xFF,0xDE,0x0,0x0,0xFF,0x0,0xB5,0xFF,0xFF,0xFF,0xFF,0xFF,0xFF,0xFF,0xFF,0x6B,0x0,0x0,0x4A,0xDE,0xDE,0x0,0x0,0x0,0x0,0xFF,0x0,0xB5,0xFF,0xFF,0x6B,0x0,0x0,0x0,0x0,0x0,0x0,0x0,0x0,0x0,0x0,
        0x0,0x0,0x0,0x0,0x0,0x0,0x0,0x0,0x0,0x0,0x21,0x0,0xFF,0xDE,0x0,0xFF,0xFF,0xFF,0x6B,0x6B,0x0,0x0,0x94,0x94,0x6B,0xFF,0xFF,0xFF,0xFF,0xDE,0x0,0x0,0x0,0x0,0x0,0xFF,0x0,0x0,0x0,0x0,0x94,0x6B,0xFF,0xFF,0xDE,0x21,0x0,0x0,0x0,0x0,0x0,0x0,0x0,0x0,0x0,0x0,
        0x0,0x0,0x0,0x0,0x0,0x0,0x0,0x0,0x0,0x0,0x0,0x0,0xDE,0xFF,0xFF,0xFF,0xFF,0xFF,0xFF,0x94,0x0,0x0,0x4A,0xDE,0x21,0xFF,0x4A,0xFF,0xFF,0x4A,0x0,0x0,0x0,0x0,0x0,0xB5,0x6B,0x0,0x0,0x0,0x0,0x4A,0xFF,0xFF,0x94,0x0,0x0,0x21,0x94,0x0,0x0,0x0,0x0,0x0,0x0,0x0,
        0x0,0x0,0x0,0x0,0x0,0x0,0x0,0x0,0x0,0x0,0x0,0x0,0x6B,0xFF,0xFF,0xFF,0xFF,0xFF,0xFF,0xFF,0x0,0x0,0x0,0xFF,0x21,0x6B,0x0,0x0,0xB5,0x4A,0x0,0x0,0x0,0x0,0x0,0x21,0x4A,0xDE,0x0,0x0,0x0,0x4A,0xFF,0xFF,0x0,0x6B,0x21,0xB5,0xB5,0x0,0x0,0x0,0x0,0x0,0x0,0x0,
        0x0,0x0,0x0,0x0,0x0,0x0,0x0,0x0,0x0,0x0,0x0,0x0,0x0,0x6B,0xFF,0xFF,0xFF,0xFF,0xFF,0xFF,0x21,0x0,0x0,0x94,0x6B,0x0,0x0,0x0,0x4A,0xB5,0x0,0x0,0x0,0x0,0x0,0x0,0x0,0xDE,0x0,0x0,0x0,0xB5,0xFF,0x6B,0x0,0x94,0x94,0x6B,0x94,0x0,0x0,0x0,0x0,0x0,0x0,0x0,
        0x0,0x0,0x0,0x0,0x0,0x0,0x0,0x0,0x0,0x0,0x0,0x0,0x0,0x0,0xB5,0xFF,0xFF,0xFF,0xFF,0xFF,0xFF,0x94,0x0,0x4A,0xB5,0x0,0x0,0x0,0x21,0x6B,0x0,0x0,0x0,0x0,0x0,0x0,0x0,0x0,0x0,0x0,0x0,0x6B,0xFF,0xB5,0x0,0x21,0xDE,0x21,0x94,0x0,0x0,0x0,0x0,0x0,0x0,0x0,
        0x0,0x0,0x0,0x0,0x0,0x0,0x0,0x0,0x0,0x0,0x0,0x0,0x0,0x0,0x0,0x4A,0xB5,0xFF,0xFF,0xFF,0xFF,0xFF,0x4A,0x0,0xFF,0x0,0x0,0x0,0xB5,0x4A,0x0,0x0,0x0,0x0,0x0,0x0,0x0,0x0,0x0,0x0,0x0,0x0,0xFF,0xFF,0xFF,0x0,0xDE,0xFF,0x21,0x0,0x0,0x0,0x0,0x0,0x0,0x0,
        0x0,0x0,0x0,0x0,0x0,0x0,0x0,0x0,0x0,0x0,0x0,0x0,0x0,0x0,0x0,0x0,0x0,0x4A,0xFF,0xFF,0xFF,0xFF,0xFF,0xB5,0x6B,0x0,0x0,0x0,0x6B,0x4A,0x0,0x0,0x0,0x0,0x0,0x0,0x0,0x0,0x0,0x0,0x0,0x0,0xB5,0xFF,0xFF,0x94,0xDE,0xFF,0x4A,0x0,0x0,0x0,0x0,0x0,0x0,0x0,
        0x0,0x0,0x0,0x0,0x0,0x0,0x0,0x0,0x0,0x0,0x0,0x0,0x0,0x0,0x0,0x0,0x0,0x0,0x0,0x6B,0xB5,0xFF,0xFF,0xFF,0xB5,0x0,0x0,0x0,0x0,0x0,0x0,0x0,0x0,0x0,0x0,0x0,0x0,0x0,0x0,0x0,0x0,0x0,0x6B,0xFF,0xFF,0xFF,0xFF,0xDE,0x0,0x0,0x0,0x0,0x0,0x0,0x0,0x0,
        0x0,0x0,0x0,0x0,0x0,0x0,0x0,0x0,0x0,0x0,0x0,0x0,0x0,0x0,0x0,0x0,0x0,0x0,0x0,0x0,0x0,0x4A,0xDE,0xFF,0xFF,0xFF,0x0,0x0,0x0,0x0,0x0,0x0,0x0,0x0,0x0,0x0,0x0,0x0,0x0,0x0,0x0,0x0,0x21,0xFF,0xFF,0xFF,0xFF,0xFF,0x0,0x0,0x0,0x0,0x0,0x0,0x0,0x0,
        0x0,0x0,0x0,0x0,0x0,0x0,0x0,0x0,0x0,0x0,0x0,0x0,0x0,0x0,0x0,0x0,0x0,0x0,0x0,0x0,0x0,0x0,0x0,0x6B,0xDE,0xFF,0x6B,0x0,0x0,0x0,0x0,0x0,0x0,0x0,0x0,0x0,0x0,0x0,0x0,0x0,0x0,0x0,0x0,0xDE,0xFF,0xFF,0xFF,0x94,0x0,0x0,0x0,0x0,0x0,0x0,0x0,0x0,
        0x0,0x0,0x0,0x0,0x0,0x0,0x0,0x0,0x0,0x0,0x0,0x0,0x0,0x0,0x0,0x0,0x0,0x0,0x0,0x21,0x21,0x6B,0x94,0x0,0x6B,0xFF,0xB5,0x0,0x0,0x0,0x0,0x0,0x0,0x0,0x0,0x0,0x0,0x0,0x0,0x0,0x0,0x0,0x0,0x6B,0xFF,0xDE,0x94,0x21,0x0,0x0,0x0,0x0,0x0,0x0,0x0,0x0,
        0x0,0x0,0x0,0x0,0x0,0x0,0x0,0x0,0x0,0x0,0x0,0x0,0x0,0x0,0x0,0x0,0x0,0x0,0x4A,0xFF,0xB5,0x21,0xDE,0x0,0xB5,0xFF,0xFF,0x0,0x0,0x0,0x0,0x0,0x0,0x0,0x0,0x0,0x0,0x0,0x0,0x0,0x0,0x0,0x0,0x0,0x21,0x0,0x0,0x0,0x0,0x0,0x0,0x0,0x0,0x0,0x0,0x0,
        0x0,0x0,0x0,0x0,0x0,0x0,0x0,0x0,0x0,0x0,0x0,0x0,0x0,0x0,0x0,0x0,0x0,0x0,0x0,0x0,0xFF,0x0,0xDE,0x21,0xDE,0xFF,0xFF,0x4A,0x0,0x0,0x0,0x0,0x0,0x0,0x0,0x0,0x0,0x0,0x0,0x0,0x0,0x0,0x0,0x0,0x0,0x0,0x0,0x0,0x0,0x0,0x0,0x0,0x0,0x0,0x0,0x0,
        0x0,0x0,0x0,0x0,0x0,0x0,0x0,0x0,0x0,0x0,0x0,0x0,0x0,0x0,0x0,0x0,0x0,0x0,0x0,0x0,0x6B,0x94,0xFF,0x94,0xDE,0xFF,0xFF,0xB5,0x0,0x0,0x0,0x0,0x0,0x0,0x0,0x0,0x0,0x0,0x0,0x0,0x0,0x0,0x0,0x0,0x0,0x0,0x0,0x0,0x0,0x0,0x0,0x0,0x0,0x0,0x0,0x0,
        0x0,0x0,0x0,0x0,0x0,0x0,0x0,0x0,0x0,0x0,0x0,0x0,0x0,0x0,0x0,0x0,0x0,0x0,0x0,0x0,0x0,0x4A,0xFF,0xFF,0xFF,0xFF,0xFF,0xFF,0x0,0x0,0x0,0x0,0x0,0x0,0x0,0x0,0x0,0x0,0x0,0x0,0x0,0x0,0x0,0x0,0x0,0x0,0x0,0x0,0x0,0x0,0x0,0x0,0x0,0x0,0x0,0x0,
        0x0,0x0,0x0,0x0,0x0,0x0,0x0,0x0,0x0,0x0,0x0,0x0,0x0,0x0,0x0,0x0,0x0,0x0,0x0,0x0,0x0,0x0,0x21,0xFF,0xFF,0xFF,0xFF,0xFF,0x4A,0x0,0x0,0x0,0x0,0x0,0x0,0x0,0x0,0x0,0x0,0x0,0x0,0x0,0x0,0x0,0x0,0x0,0x0,0x0,0x0,0x0,0x0,0x0,0x0,0x0,0x0,0x0
    }
};

const gfx_sprite_t sprite_gaster_blaster_3_2 = {
    .width = 56,
    .height = 56,
    .data = {
        0x0,0x0,0x0,0x0,0x0,0x0,0x0,0x0,0x0,0x0,0x0,0x0,0x0,0x0,0x0,0x0,0x0,0x0,0x0,0x0,0x0,0x0,0x0,0x0,0x0,0x0,0x0,0x0,0x0,0x0,0x0,0x0,0x0,0x0,0x0,0x0,0x0,0x0,0x0,0x0,0x0,0x0,0x0,0x0,0x0,0x0,0x0,0x0,0x0,0x0,0x0,0x0,0x0,0x0,0x0,0x0,
        0x0,0x0,0x0,0x0,0x0,0x0,0x0,0x0,0x0,0x0,0x0,0x0,0x0,0x0,0x0,0x0,0x0,0x0,0x0,0x0,0x0,0x0,0x0,0x0,0x0,0x21,0x0,0x0,0x0,0x0,0x0,0x0,0x0,0x0,0x0,0x0,0x0,0x0,0x0,0x0,0x0,0x0,0x0,0x0,0x0,0x0,0x0,0x0,0x0,0x0,0x0,0x0,0x0,0x0,0x0,0x0,
        0x0,0x0,0x0,0x0,0x0,0x0,0x0,0x0,0x0,0x0,0x0,0x0,0x0,0x0,0x0,0x0,0x0,0x0,0x0,0x0,0x0,0x0,0x0,0x0,0x94,0xFF,0xDE,0xB5,0xB5,0x6B,0x21,0x21,0x0,0x0,0x0,0x0,0x0,0x0,0x0,0x0,0x0,0x0,0x0,0x0,0x0,0x0,0x0,0x0,0x0,0x0,0x0,0x0,0x0,0x0,0x0,0x0,
        0x0,0x0,0x0,0x0,0x0,0x0,0x0,0x0,0x0,0x0,0x0,0x0,0x0,0x0,0x0,0x0,0x0,0x0,0x0,0x0,0x0,0x0,0x0,0x0,0x4A,0x4A,0x6B,0xB5,0xDE,0xFF,0xFF,0xDE,0x0,0x0,0x0,0x0,0x0,0x0,0x0,0x0,0x0,0x0,0x0,0x0,0x0,0x0,0x0,0x0,0x0,0x0,0x0,0x0,0x0,0x0,0x0,0x0,
        0x0,0x0,0x0,0x0,0x0,0x0,0x0,0x0,0x0,0x0,0x0,0x0,0x0,0x0,0x0,0x0,0x0,0x0,0x0,0x0,0x0,0x0,0x0,0x0,0x0,0x0,0x0,0x0,0x0,0xDE,0xDE,0xFF,0xB5,0x6B,0x0,0x0,0x0,0x0,0x0,0x0,0x0,0x0,0x0,0x0,0x0,0x0,0x0,0x0,0x0,0x0,0x0,0x0,0x0,0x0,0x0,0x0,
        0x0,0x0,0x0,0x0,0x0,0x0,0x0,0x0,0x0,0x0,0x0,0x0,0x0,0x94,0x0,0x0,0x0,0x0,0x0,0x0,0x0,0x0,0x0,0x0,0x0,0x0,0x0,0x0,0x0,0x0,0x21,0xFF,0xFF,0xFF,0x94,0x6B,0x0,0x0,0x0,0x0,0x0,0x0,0x0,0x0,0x0,0x0,0x0,0x0,0x0,0x0,0x0,0x0,0x0,0x0,0x0,0x0,
        0x0,0x0,0x0,0x0,0x0,0x0,0x0,0x0,0x0,0x0,0x0,0x0,0x0,0xDE,0x6B,0x4A,0x0,0x0,0x0,0x0,0x0,0x0,0x0,0x4A,0x4A,0x6B,0xB5,0x94,0x4A,0x21,0x6B,0xFF,0xFF,0xFF,0xFF,0xFF,0x94,0x6B,0x0,0x0,0x0,0x0,0x0,0x0,0x0,0x0,0x0,0x0,0x0,0x0,0x0,0x0,0x0,0x0,0x0,0x0,
        0x0,0x0,0x0,0x0,0x0,0x0,0x0,0x0,0x0,0x0,0xDE,0x6B,0x0,0x21,0xFF,0xFF,0xFF,0xDE,0xDE,0xB5,0x6B,0xFF,0xB5,0xFF,0xFF,0xFF,0xFF,0xFF,0xFF,0xFF,0xFF,0xFF,0xFF,0xFF,0xFF,0xFF,0xFF,0xFF,0x94,0x0,0x0,0x0,0x0,0x0,0x0,0x0,0x0,0x0,0x0,0x0,0x0,0x0,0x0,0x0,0x0,0x0,
        0x0,0x0,0x0,0x0,0x0,0x0,0x0,0x0,0x0,0x0,0x21,0xFF,0x21,0x0,0x6B,0xFF,0xFF,0xFF,0xFF,0xFF,0xFF,0xFF,0xFF,0xFF,0xFF,0xFF,0xFF,0xFF,0xFF,0xFF,0xFF,0xFF,0xFF,0xFF,0xFF,0xFF,0xFF,0xFF,0xFF,0x4A,0x0,0x0,0x0,0x0,0x0,0x0,0x0,0x0,0x0,0x0,0x0,0x0,0x0,0x0,0x0,0x0,
        0x0,0x0,0x0,0x0,0x0,0x0,0x0,0x0,0x0,0x0,0x0,0xDE,0xDE,0x0,0x0,0xB5,0xFF,0xFF,0xFF,0xFF,0xFF,0xFF,0xFF,0xFF,0xFF,0xFF,0xFF,0xFF,0xFF,0xFF,0xFF,0xFF,0xFF,0xFF,0xFF,0xFF,0xFF,0xFF,0xFF,0xFF,0x0,0x0,0x0,0x0,0x0,0x0,0x0,0x0,0x0,0x0,0x0,0x0,0x0,0x0,0x0,0x0,
        0x0,0x0,0x0,0x0,0x0,0x0,0x0,0x0,0x0,0x0,0x0,0xFF,0xFF,0x94,0x0,0x0,0xDE,0xFF,0xFF,0xFF,0xFF,0xFF,0xFF,0xFF,0xFF,0xFF,0xFF,0xFF,0xFF,0xFF,0xFF,0xFF,0xFF,0xFF,0xFF,0xFF,0xFF,0xFF,0xFF,0xFF,0x4A,0x0,0x0,0x0,0x0,0x0,0x0,0x0,0x0,0x0,0x0,0x0,0x0,0x0,0x0,0x0,
        0x0,0x0,0x0,0x0,0x0,0x0,0x0,0x0,0x0,0x0,0x4A,0xFF,0xFF,0xFF,0x4A,0x0,0x4A,0xFF,0xFF,0xFF,0xFF,0xFF,0xFF,0xFF,0xFF,0xFF,0xFF,0xFF,0xFF,0xFF,0xFF,0xFF,0x94,0xDE,0xFF,0xDE,0xFF,0xFF,0xFF,0xFF,0x4A,0x0,0x0,0x0,0x0,0x0,0x0,0x0,0x0,0x0,0x0,0x0,0x0,0x0,0x0,0x0,
        0x0,0x0,0x0,0x0,0x0,0x0,0x0,0x0,0x0,0x0,0x6B,0xFF,0xFF,0xFF,0xFF,0x0,0x0,0x94,0xFF,0xFF,0xFF,0xFF,0xFF,0xFF,0xFF,0xFF,0xFF,0xFF,0xFF,0xFF,0xFF,0xFF,0x94,0x94,0x0,0x0,0xDE,0xFF,0xFF,0xFF,0xDE,0x0,0x0,0x0,0x0,0x0,0x0,0x0,0x0,0x0,0x0,0x0,0x0,0x0,0x0,0x0,
        0x0,0x0,0x0,0x0,0x0,0x0,0x0,0x0,0x0,0x0,0x6B,0xFF,0xFF,0xFF,0xFF,0xB5,0x0,0x0,0xB5,0xB5,0xFF,0xFF,0xFF,0xFF,0xFF,0xFF,0xFF,0xFF,0xFF,0xFF,0xFF,0xFF,0xFF,0xFF,0x4A,0x0,0x4A,0xFF,0xFF,0xFF,0x94,0x0,0x0,0x0,0x0,0x0,0x0,0x0,0x0,0x0,0x0,0x0,0x0,0x0,0x0,0x0,
        0x0,0x0,0x0,0x0,0x0,0x0,0x0,0x0,0x0,0x0,0xB5,0xFF,0xFF,0xFF,0xFF,0xFF,0x6B,0x0,0x0,0x0,0xDE,0xFF,0xFF,0xFF,0xFF,0xFF,0xFF,0xFF,0xFF,0xFF,0xFF,0xFF,0xFF,0xFF,0xFF,0xDE,0x4A,0x94,0xFF,0xFF,0x4A,0x0,0x0,0x0,0x0,0x0,0x0,0x0,0x0,0x0,0x0,0x0,0x0,0x0,0x0,0x0,
        0x0,0x0,0x0,0x0,0x0,0x0,0x0,0x0,0x0,0x4A,0xFF,0xFF,0xFF,0xFF,0xFF,0xFF,0x94,0x0,0x0,0x0,0x21,0xFF,0xFF,0xFF,0xFF,0xFF,0xFF,0xFF,0xFF,0xFF,0xFF,0xFF,0xFF,0xDE,0xFF,0xFF,0xFF,0x0,0xB5,0xFF,0xB5,0x0,0x0,0x0,0x0,0x0,0x0,0x0,0x0,0x0,0x0,0x0,0x0,0x0,0x0,0x0,
        0x0,0x0,0x0,0x0,0x0,0x0,0x0,0x0,0x0,0xB5,0xFF,0xFF,0xFF,0xFF,0xFF,0xFF,0xB5,0x0,0x0,0x0,0x0,0x6B,0xFF,0xFF,0xFF,0xFF,0xFF,0xFF,0xFF,0xFF,0xFF,0xFF,0x4A,0x0,0x21,0xB5,0xFF,0x4A,0x21,0xFF,0xFF,0x6B,0x0,0x0,0x0,0x0,0x0,0x0,0x0,0x0,0x0,0x0,0x0,0x0,0x0,0x0,
        0x0,0x0,0x0,0x6B,0xFF,0x0,0x0,0x0,0x4A,0xFF,0xFF,0xFF,0xFF,0xFF,0xFF,0xFF,0xFF,0x6B,0x0,0x0,0x0,0x0,0x94,0xFF,0xFF,0xFF,0xFF,0xFF,0xFF,0xFF,0xFF,0x21,0x0,0x0,0x0,0x21,0xFF,0x4A,0x0,0x4A,0xFF,0xFF,0x21,0x0,0x0,0x0,0x0,0x0,0x0,0x0,0x0,0x0,0x0,0x0,0x0,0x0,
        0x0,0x0,0x0,0xB5,0xB5,0x0,0x0,0x0,0xB5,0xFF,0xFF,0xFF,0xFF,0xFF,0xFF,0xFF,0xFF,0xFF,0x21,0x0,0x0,0x0,0x0,0xDE,0xFF,0xFF,0xFF,0xFF,0xFF,0xFF,0xFF,0x21,0x0,0x0,0x0,0x0,0x4A,0xDE,0x0,0x0,0x94,0xDE,0x0,0x0,0x0,0x0,0x0,0x0,0x0,0x0,0x0,0x0,0x0,0x0,0x0,0x0,
        0x0,0x0,0x0,0xFF,0x6B,0x0,0x0,0x4A,0xFF,0xFF,0xFF,0xFF,0xFF,0xFF,0xFF,0xFF,0xFF,0xFF,0xDE,0x0,0x0,0x0,0x0,0x21,0xFF,0xFF,0xFF,0xFF,0xFF,0xFF,0xFF,0x21,0x0,0x6B,0x21,0x0,0x0,0x94,0x94,0x0,0x0,0xDE,0x6B,0x0,0x0,0x0,0x0,0x0,0x0,0x0,0x0,0x0,0x0,0x0,0x0,0x0,
        0x0,0x0,0x21,0xFF,0x6B,0x0,0x0,0xDE,0xFF,0xFF,0xFF,0xFF,0xFF,0xFF,0xFF,0xFF,0xFF,0xFF,0xFF,0x94,0x0,0x0,0x0,0x0,0x6B,0xFF,0xFF,0xFF,0xFF,0xFF,0xDE,0x0,0xDE,0xFF,0xFF,0xB5,0x0,0xDE,0xFF,0x6B,0x21,0xFF,0xFF,0x21,0x0,0x0,0x0,0xB5,0x0,0x0,0x0,0x0,0x0,0x0,0x0,0x0,
        0x0,0x0,0x21,0xFF,0x4A,0x0,0x21,0xFF,0xFF,0xFF,0xFF,0xFF,0xFF,0xFF,0xFF,0xFF,0xFF,0xFF,0xFF,0xFF,0x4A,0x0,0x0,0x0,0x0,0xB5,0xFF,0xFF,0xFF,0xFF,0x94,0x0,0xDE,0xFF,0xFF,0xFF,0x6B,0x6B,0xFF,0x21,0x0,0xB5,0xFF,0xB5,0x0,0x0,0x94,0x6B,0x0,0x0,0x0,0x0,0x0,0x0,0x0,0x0,
        0x0,0x0,0x6B,0xFF,0xDE,0x0,0x21,0xFF,0xFF,0xFF,0xFF,0xFF,0xFF,0xFF,0xFF,0xFF,0xFF,0xFF,0xFF,0xFF,0xFF,0x21,0x0,0x0,0x0,0x0,0xFF,0xFF,0xFF,0xFF,0xDE,0x0,0xDE,0xFF,0xFF,0xFF,0xFF,0x0,0x94,0x94,0x0,0x0,0xDE,0x4A,0x0,0x0,0xB5,0x0,0x0,0x0,0x0,0x0,0x0,0x0,0x0,0x0,
        0x0,0x0,0x94,0xFF,0x94,0x0,0x21,0xFF,0xFF,0xFF,0xFF,0xFF,0xFF,0xFF,0xFF,0xFF,0xFF,0xFF,0xFF,0xFF,0xFF,0xB5,0x0,0x0,0x0,0x0,0x4A,0xFF,0xFF,0xFF,0xFF,0xB5,0x21,0xFF,0xFF,0xFF,0xB5,0x21,0xDE,0xB5,0x0,0x0,0x4A,0xFF,0x0,0x0,0xDE,0xB5,0x0,0x0,0x0,0x0,0x0,0x0,0x0,0x0,
        0x0,0x0,0x4A,0xFF,0xFF,0x6B,0xDE,0xFF,0xFF,0xFF,0xFF,0xFF,0xFF,0xFF,0xFF,0xFF,0xFF,0xFF,0xFF,0xFF,0xFF,0xFF,0x94,0x0,0x0,0x0,0x0,0x94,0xFF,0xFF,0xFF,0xFF,0x4A,0x6B,0xFF,0xFF,0x94,0xB5,0xFF,0xB5,0x0,0x0,0x0,0xDE,0xB5,0x0,0xFF,0xFF,0x6B,0x0,0x0,0x0,0x0,0x0,0x0,0x0,
        0x0,0x0,0x0,0x94,0xFF,0xFF,0xFF,0xFF,0xFF,0xFF,0xFF,0xFF,0xFF,0xFF,0xFF,0xFF,0xFF,0xFF,0xFF,0xFF,0xFF,0xFF,0xFF,0x4A,0x0,0x0,0x0,0x0,0xDE,0xFF,0xFF,0xFF,0x0,0x0,0x94,0x4A,0x4A,0xDE,0xFF,0xFF,0x94,0x0,0x0,0xFF,0xFF,0xDE,0xFF,0xFF,0xB5,0x0,0x0,0x0,0x0,0x0,0x0,0x0,
        0x0,0x0,0x0,0xB5,0xFF,0xFF,0xFF,0xFF,0xFF,0xFF,0xFF,0xFF,0xFF,0xFF,0xFF,0xFF,0xFF,0xFF,0xFF,0xFF,0xFF,0xFF,0xFF,0xDE,0x0,0x0,0x0,0x0,0x21,0xFF,0xFF,0xFF,0x94,0x0,0x0,0x6B,0xFF,0xFF,0xFF,0xFF,0xFF,0x4A,0x0,0x6B,0xFF,0xFF,0xFF,0xFF,0xB5,0x0,0x0,0x0,0x0,0x0,0x0,0x0,
        0x0,0x0,0x0,0x4A,0xFF,0xFF,0xFF,0xFF,0xFF,0xFF,0x6B,0xDE,0xFF,0xFF,0xFF,0xFF,0xFF,0xFF,0xFF,0xFF,0xFF,0xFF,0xFF,0xFF,0xB5,0x0,0x0,0x0,0x0,0x6B,0xFF,0xFF,0xFF,0x6B,0xB5,0xFF,0xFF,0xFF,0xFF,0xFF,0xDE,0xFF,0x0,0xB5,0xFF,0xFF,0xFF,0xFF,0xFF,0x21,0x0,0x0,0x0,0x0,0x0,0x0,
        0x0,0x0,0x0,0x21,0xFF,0xFF,0xFF,0xFF,0xFF,0xFF,0x94,0xFF,0xFF,0xFF,0xFF,0xB5,0x4A,0x94,0xDE,0xDE,0xDE,0xFF,0xFF,0xFF,0xFF,0x6B,0x0,0x0,0x0,0x0,0x94,0xFF,0xFF,0xFF,0xFF,0xFF,0xFF,0xFF,0xFF,0xFF,0x4A,0x94,0x94,0xDE,0xFF,0xFF,0xFF,0xFF,0xDE,0x0,0x0,0x0,0x0,0x0,0x0,0x0,
        0x0,0x0,0x0,0x21,0xFF,0xFF,0xFF,0xFF,0xFF,0xFF,0x0,0xB5,0xFF,0xFF,0x6B,0x0,0x0,0x0,0x0,0x0,0x0,0xB5,0xFF,0xFF,0xFF,0xFF,0x21,0x0,0x0,0x0,0x0,0x4A,0xB5,0xFF,0xFF,0xFF,0xFF,0xFF,0xFF,0xFF,0xFF,0x0,0x0,0x94,0xFF,0xFF,0xFF,0xFF,0xB5,0x0,0x0,0x0,0x0,0x0,0x0,0x0,
        0x0,0x0,0x0,0x0,0xB5,0xFF,0xFF,0xFF,0xFF,0xDE,0x0,0x0,0xFF,0xFF,0x4A,0x0,0x0,0x21,0xB5,0xB5,0x94,0x21,0xFF,0xFF,0xFF,0xFF,0xDE,0x0,0x0,0x0,0x0,0x0,0x0,0x6B,0xB5,0xFF,0xFF,0xFF,0xFF,0xFF,0xB5,0x0,0x0,0x0,0xDE,0xFF,0xFF,0xFF,0x94,0x0,0x0,0x0,0x0,0x0,0x0,0x0,
        0x0,0x0,0x0,0x0,0xDE,0xFF,0xFF,0xFF,0xFF,0xFF,0x4A,0x21,0xFF,0xFF,0x0,0x0,0x0,0x4A,0xFF,0xFF,0xFF,0x6B,0x6B,0x94,0xFF,0xFF,0xFF,0x94,0x0,0x0,0x0,0x0,0x0,0x0,0x0,0xFF,0xFF,0xFF,0xFF,0xFF,0xFF,0x21,0x0,0x0,0x21,0xFF,0xFF,0xFF,0x6B,0x0,0x0,0x0,0x0,0x0,0x0,0x0,
        0x0,0x0,0x0,0x0,0x21,0xFF,0xFF,0xFF,0xFF,0xFF,0xFF,0x0,0xB5,0xFF,0xB5,0x0,0x0,0x94,0xFF,0xFF,0xFF,0xFF,0x21,0x0,0x6B,0xFF,0xFF,0x6B,0x0,0x0,0x0,0x0,0x0,0x0,0x0,0x4A,0xFF,0xFF,0xFF,0x94,0x4A,0xDE,0x0,0x0,0x6B,0xFF,0xFF,0xFF,0x21,0x0,0x0,0x0,0x0,0x0,0x0,0x0,
        0x0,0x0,0x0,0x0,0x0,0x6B,0xFF,0xFF,0xFF,0xFF,0xFF,0xB5,0x0,0xB5,0xDE,0x6B,0x0,0x21,0xFF,0xFF,0xFF,0xFF,0xDE,0x0,0x0,0xB5,0xFF,0xB5,0x0,0x0,0x0,0x0,0x0,0x0,0x0,0x0,0xFF,0xFF,0xFF,0xFF,0x21,0x94,0x94,0x0,0x0,0xDE,0xFF,0xFF,0x21,0x0,0x0,0x0,0x0,0x0,0x0,0x0,
        0x0,0x0,0x0,0x0,0x0,0x0,0xB5,0xB5,0xFF,0xFF,0xFF,0xFF,0x6B,0x0,0x21,0xFF,0x21,0x21,0x6B,0xFF,0xFF,0xFF,0xB5,0x0,0x94,0xFF,0xFF,0xDE,0x0,0x0,0x0,0x0,0x0,0x0,0x0,0x21,0xFF,0xFF,0xFF,0xDE,0xDE,0x0,0xDE,0x6B,0x0,0xFF,0xFF,0xFF,0x21,0x0,0x0,0x4A,0x0,0x0,0x0,0x0,
        0x0,0x0,0x0,0x0,0x0,0x0,0x0,0x0,0xB5,0xDE,0xFF,0xFF,0xFF,0x21,0x0,0x4A,0xFF,0xFF,0x21,0x6B,0x6B,0x6B,0x21,0xB5,0xFF,0xFF,0xFF,0xFF,0x0,0x0,0x0,0x0,0x0,0x0,0x21,0xDE,0xFF,0xFF,0xFF,0x21,0x21,0x0,0x21,0xFF,0x21,0xDE,0xFF,0xDE,0x0,0x0,0x6B,0xFF,0x21,0x0,0x0,0x0,
        0x0,0x0,0x0,0x0,0x0,0x0,0x0,0x0,0x0,0x0,0x0,0x94,0xFF,0xDE,0x0,0x0,0x94,0xFF,0xDE,0x21,0xDE,0x94,0xFF,0xFF,0xFF,0xFF,0xFF,0xFF,0xB5,0x0,0x0,0x0,0x0,0x0,0x21,0xFF,0xFF,0xFF,0xDE,0x0,0x0,0x0,0x0,0x4A,0x4A,0xFF,0xFF,0x94,0x0,0x94,0x0,0xFF,0x4A,0x0,0x0,0x0,
        0x0,0x0,0x0,0x0,0x0,0x0,0x0,0x0,0x0,0x0,0x0,0x0,0xDE,0xFF,0x94,0x0,0x0,0x21,0x94,0xFF,0xFF,0xFF,0xFF,0xFF,0xFF,0xFF,0xFF,0xFF,0xFF,0x6B,0x4A,0x0,0xB5,0x21,0x0,0x21,0x21,0x6B,0xDE,0x6B,0x0,0x0,0x0,0x0,0x0,0x94,0xFF,0x94,0x0,0xB5,0x6B,0x4A,0x94,0x0,0x0,0x0,
        0x0,0x0,0x0,0x0,0x0,0x0,0x0,0x0,0x0,0x0,0x0,0x0,0x21,0xB5,0xDE,0xB5,0x94,0x0,0x0,0x21,0xB5,0xFF,0xFF,0xFF,0xFF,0xFF,0xFF,0xFF,0xFF,0xFF,0xFF,0xFF,0xFF,0xDE,0x0,0x0,0x0,0x0,0x21,0xFF,0x4A,0x4A,0x0,0x0,0x0,0xDE,0xFF,0x94,0x0,0x0,0xFF,0xB5,0x6B,0x0,0x0,0x0,
        0x0,0x0,0x0,0x0,0x0,0x0,0x0,0x0,0x0,0x0,0x0,0x0,0x0,0x0,0x21,0xFF,0xFF,0x4A,0x0,0x0,0x0,0xDE,0xFF,0xFF,0xFF,0xFF,0xFF,0xFF,0xFF,0xFF,0xFF,0xFF,0xFF,0x94,0x0,0x0,0x0,0x0,0x0,0x4A,0x4A,0xFF,0x0,0x0,0x0,0x4A,0xFF,0xFF,0xB5,0x6B,0x4A,0xFF,0xFF,0x0,0x0,0x0,
        0x0,0x0,0x0,0x0,0x0,0x0,0x0,0x0,0x0,0x0,0x0,0x0,0x0,0x0,0x0,0x6B,0xFF,0xFF,0x21,0x0,0x0,0x4A,0xFF,0x4A,0xB5,0xFF,0xFF,0xFF,0xFF,0xFF,0xFF,0xFF,0xFF,0x4A,0x0,0x0,0x0,0x0,0x0,0x0,0x0,0x4A,0x0,0x0,0x0,0x0,0x94,0xFF,0xFF,0xFF,0xB5,0xFF,0xB5,0x0,0x0,0x0,
        0x0,0x0,0x0,0x0,0x0,0x0,0x0,0x0,0x0,0x0,0x0,0x0,0x0,0x0,0x0,0x0,0x4A,0x6B,0xB5,0x21,0x0,0x0,0x94,0xB5,0x0,0x21,0xB5,0x6B,0x4A,0xFF,0x4A,0x94,0xB5,0x94,0x0,0x0,0x0,0x0,0x0,0x0,0x0,0x0,0x0,0x0,0x0,0x0,0x0,0xB5,0xFF,0xFF,0xFF,0xFF,0xFF,0x4A,0x0,0x0,
        0x0,0x0,0x0,0x0,0x0,0x0,0x0,0x0,0x0,0x0,0x0,0x0,0x0,0x0,0x0,0x0,0x0,0x0,0xB5,0xFF,0xB5,0x21,0x0,0x94,0x0,0x0,0x21,0xFF,0x21,0x94,0x4A,0x0,0x0,0xDE,0x4A,0x0,0x0,0x0,0x0,0x0,0x0,0x0,0x0,0x0,0x0,0x0,0x0,0x21,0xFF,0xFF,0xFF,0xFF,0xFF,0x0,0x0,0x0,
        0x0,0x0,0x0,0x0,0x0,0x0,0x0,0x0,0x0,0x0,0x0,0x0,0x0,0x0,0x0,0x21,0x0,0x0,0x0,0xFF,0xFF,0xFF,0xDE,0xDE,0x0,0x0,0x0,0x4A,0xDE,0x0,0x0,0x0,0x0,0x4A,0x4A,0x0,0x0,0x0,0x0,0x0,0x0,0x0,0x0,0x0,0x0,0x0,0x0,0x0,0x4A,0xFF,0xFF,0xFF,0xDE,0x0,0x0,0x0,
        0x0,0x0,0x0,0x0,0x0,0x0,0x0,0x0,0x0,0x0,0x0,0x0,0x0,0x0,0xB5,0xB5,0xDE,0xB5,0x94,0xDE,0xFF,0xFF,0xFF,0xFF,0xB5,0x0,0x0,0x0,0x94,0x94,0x0,0x0,0x0,0x94,0x94,0x0,0x0,0x0,0x0,0x0,0x0,0x0,0x0,0x0,0x0,0x0,0x0,0x0,0x0,0x94,0xFF,0x94,0x0,0x0,0x0,0x0,
        0x0,0x0,0x0,0x0,0x0,0x0,0x0,0x0,0x0,0x0,0x0,0x0,0x0,0x0,0x4A,0x0,0x4A,0xFF,0xFF,0xFF,0xFF,0xFF,0xFF,0xFF,0xFF,0x6B,0x4A,0x0,0x0,0xDE,0x4A,0x0,0x0,0x0,0x94,0x0,0x0,0x0,0x0,0x0,0x0,0x0,0x0,0x0,0x0,0x0,0x0,0x0,0x0,0x0,0x4A,0x0,0x0,0x0,0x0,0x0,
        0x0,0x0,0x0,0x0,0x0,0x0,0x0,0x0,0x0,0x0,0x0,0x0,0x0,0x0,0x0,0x0,0x0,0x94,0xFF,0xFF,0xFF,0xFF,0xFF,0xFF,0xFF,0xFF,0xFF,0x6B,0x4A,0x4A,0x4A,0x0,0x0,0x0,0x0,0x0,0x0,0x0,0x0,0x0,0x0,0x0,0x0,0x0,0x0,0x0,0x0,0x0,0x0,0x0,0x0,0x0,0x0,0x0,0x0,0x0,
        0x0,0x0,0x0,0x0,0x0,0x0,0x0,0x0,0x0,0x0,0x0,0x0,0x0,0x0,0x0,0x0,0x0,0x0,0x4A,0x94,0xFF,0xFF,0xFF,0xFF,0xFF,0xFF,0xFF,0xFF,0xFF,0xFF,0x94,0x0,0x0,0x0,0x0,0x0,0x0,0x0,0x0,0x0,0x0,0x0,0x0,0x0,0x0,0x0,0x0,0x0,0x0,0x0,0x0,0x0,0x0,0x0,0x0,0x0,
        0x0,0x0,0x0,0x0,0x0,0x0,0x0,0x0,0x0,0x0,0x0,0x0,0x0,0x0,0x0,0x0,0x0,0x0,0x0,0x0,0x6B,0x94,0x94,0xDE,0xFF,0xFF,0xFF,0xFF,0xFF,0xFF,0xFF,0xFF,0x94,0x0,0x0,0x0,0x0,0x0,0x0,0x0,0x0,0x0,0x0,0x0,0x0,0x0,0x0,0x0,0x0,0x0,0x0,0x0,0x0,0x0,0x0,0x0,
        0x0,0x0,0x0,0x0,0x0,0x0,0x0,0x0,0x0,0x0,0x0,0x0,0x0,0x0,0x0,0x0,0x0,0x0,0x0,0x0,0x0,0x0,0x0,0x0,0x21,0x21,0x21,0x94,0xB5,0xB5,0xFF,0xFF,0xFF,0x4A,0x0,0x0,0x0,0x0,0x0,0x0,0x0,0x0,0x0,0x0,0x0,0x0,0x0,0x0,0x0,0x0,0x0,0x0,0x0,0x0,0x0,0x0,
        0x0,0x0,0x0,0x0,0x0,0x0,0x0,0x0,0x0,0x0,0x0,0x0,0x0,0x0,0x0,0x0,0x0,0x0,0x0,0x0,0x0,0x0,0x0,0x0,0x0,0x0,0x0,0x0,0x0,0x0,0x0,0x6B,0xFF,0xFF,0x0,0x0,0x0,0x0,0x0,0x0,0x0,0x0,0x0,0x0,0x0,0x0,0x0,0x0,0x0,0x0,0x0,0x0,0x0,0x0,0x0,0x0,
        0x0,0x0,0x0,0x0,0x0,0x0,0x0,0x0,0x0,0x0,0x0,0x0,0x0,0x0,0x0,0x0,0x0,0x0,0x0,0x0,0x0,0x0,0x0,0x0,0x0,0x0,0x0,0x0,0x4A,0xB5,0x0,0x4A,0xFF,0xFF,0xB5,0x0,0x0,0x0,0x0,0x0,0x0,0x0,0x0,0x0,0x0,0x0,0x0,0x0,0x0,0x0,0x0,0x0,0x0,0x0,0x0,0x0,
        0x0,0x0,0x0,0x0,0x0,0x0,0x0,0x0,0x0,0x0,0x0,0x0,0x0,0x0,0x0,0x0,0x0,0x0,0x0,0x0,0x0,0x0,0x0,0x0,0x0,0x0,0x21,0xDE,0x0,0xB5,0x6B,0x4A,0xFF,0xFF,0xFF,0x6B,0x0,0x0,0x0,0x0,0x0,0x0,0x0,0x0,0x0,0x0,0x0,0x0,0x0,0x0,0x0,0x0,0x0,0x0,0x0,0x0,
        0x0,0x0,0x0,0x0,0x0,0x0,0x0,0x0,0x0,0x0,0x0,0x0,0x0,0x0,0x0,0x0,0x0,0x0,0x0,0x0,0x0,0x0,0x0,0x0,0x0,0x0,0xB5,0xB5,0xB5,0x0,0xFF,0x4A,0xDE,0xFF,0xFF,0xFF,0x21,0x0,0x0,0x0,0x0,0x0,0x0,0x0,0x0,0x0,0x0,0x0,0x0,0x0,0x0,0x0,0x0,0x0,0x0,0x0,
        0x0,0x0,0x0,0x0,0x0,0x0,0x0,0x0,0x0,0x0,0x0,0x0,0x0,0x0,0x0,0x0,0x0,0x0,0x0,0x0,0x0,0x0,0x0,0x0,0x0,0x0,0x0,0x0,0xB5,0x94,0xFF,0xFF,0xFF,0xFF,0xFF,0xFF,0xDE,0x0,0x0,0x0,0x0,0x0,0x0,0x0,0x0,0x0,0x0,0x0,0x0,0x0,0x0,0x0,0x0,0x0,0x0,0x0,
        0x0,0x0,0x0,0x0,0x0,0x0,0x0,0x0,0x0,0x0,0x0,0x0,0x0,0x0,0x0,0x0,0x0,0x0,0x0,0x0,0x0,0x0,0x0,0x0,0x0,0x0,0x0,0x0,0x0,0x0,0xB5,0xB5,0xFF,0xFF,0xFF,0xFF,0x6B,0x0,0x0,0x0,0x0,0x0,0x0,0x0,0x0,0x0,0x0,0x0,0x0,0x0,0x0,0x0,0x0,0x0,0x0,0x0
    }
};

const gfx_sprite_t sprite_gaster_blaster_3_3 = {
    .width = 56,
    .height = 56,
    .data = {
        0x0,0x0,0x0,0x0,0x0,0x0,0x0,0x0,0x0,0x0,0x0,0x0,0x0,0x0,0x0,0x0,0x0,0x0,0x0,0x0,0x0,0x0,0x0,0x0,0x0,0x0,0x0,0x0,0x0,0x0,0x0,0x0,0x0,0x0,0x0,0x0,0x0,0x0,0x0,0x0,0x0,0x0,0x0,0x0,0x0,0x0,0x0,0x0,0x0,0x0,0x0,0x0,0x0,0x0,0x0,0x0,
        0x0,0x0,0x0,0x0,0x0,0x0,0x0,0x0,0x0,0x0,0x0,0x0,0x0,0x0,0x0,0x0,0x0,0x0,0x0,0x0,0x0,0x0,0x0,0x0,0x0,0x0,0x0,0x0,0x0,0x0,0x0,0x0,0x0,0x0,0x0,0x0,0x0,0x0,0x0,0x0,0x0,0x0,0x0,0x0,0x0,0x0,0x0,0x0,0x0,0x0,0x0,0x0,0x0,0x0,0x0,0x0,
        0x0,0x0,0x0,0x0,0x0,0x0,0x0,0x0,0x0,0x0,0x0,0x0,0x0,0x0,0x0,0x0,0x0,0x0,0x0,0x0,0x0,0x0,0x0,0x0,0x0,0x0,0x0,0x0,0x0,0x0,0x0,0x0,0x0,0x0,0x0,0x0,0x0,0x0,0x0,0x0,0x0,0x0,0x0,0x0,0x0,0x0,0x0,0x0,0x0,0x0,0x0,0x0,0x0,0x0,0x0,0x0,
        0x0,0x0,0x0,0x0,0x0,0x0,0x0,0x0,0x0,0x0,0x0,0x0,0x0,0x0,0x0,0x0,0x0,0x0,0x21,0x0,0x6B,0x94,0x94,0xB5,0x21,0x0,0x0,0x0,0x0,0x0,0x0,0x0,0x0,0x0,0x0,0x0,0x0,0x0,0x0,0x0,0x0,0x0,0x0,0x0,0x0,0x0,0x0,0x0,0x0,0x0,0x0,0x0,0x0,0x0,0x0,0x0,
        0x0,0x0,0x0,0x0,0x0,0x0,0x0,0x0,0x0,0x0,0x0,0x0,0x0,0x0,0x0,0x0,0x21,0xFF,0xFF,0xFF,0xFF,0xFF,0xFF,0xFF,0xFF,0xB5,0xDE,0x21,0x94,0x0,0x21,0x0,0x0,0x0,0x0,0x0,0x0,0x0,0x0,0x0,0x0,0x0,0x0,0x0,0x0,0x0,0x0,0x0,0x0,0x0,0x0,0x0,0x0,0x0,0x0,0x0,
        0x0,0x0,0x0,0x0,0x0,0x0,0x0,0x0,0x0,0x0,0x0,0x0,0x0,0x0,0x0,0x0,0x6B,0x6B,0x6B,0x4A,0x0,0x6B,0x6B,0xB5,0xFF,0xFF,0xFF,0xFF,0xFF,0xDE,0xFF,0xB5,0x0,0x0,0x0,0x0,0x0,0x0,0x0,0x0,0x0,0x0,0x0,0x0,0x0,0x0,0x0,0x0,0x0,0x0,0x0,0x0,0x0,0x0,0x0,0x0,
        0x0,0x0,0x0,0x0,0x0,0x0,0x0,0x0,0x0,0x0,0x0,0x0,0x0,0x0,0x0,0x0,0x0,0x0,0x0,0x0,0x0,0x0,0x0,0x0,0xFF,0xFF,0xFF,0xFF,0xFF,0xFF,0xFF,0xFF,0xDE,0x4A,0x0,0x0,0x0,0x0,0x0,0x0,0x0,0x0,0x0,0x0,0x0,0x0,0x0,0x0,0x0,0x0,0x0,0x0,0x0,0x0,0x0,0x0,
        0x0,0x0,0x0,0x0,0x0,0x0,0x0,0x0,0x0,0x0,0x0,0x0,0x0,0x0,0x0,0x0,0x0,0x0,0x0,0x0,0x21,0x0,0x6B,0x94,0xFF,0xFF,0xFF,0xFF,0xFF,0xFF,0xFF,0xFF,0xFF,0xFF,0x21,0x0,0x0,0x0,0x0,0x0,0x0,0x0,0x0,0x0,0x0,0x0,0x0,0x0,0x0,0x0,0x0,0x0,0x0,0x0,0x0,0x0,
        0x0,0x0,0x0,0x0,0x0,0x0,0x0,0x0,0x0,0x0,0x0,0x0,0x0,0x0,0x0,0x0,0x0,0x0,0x21,0xFF,0xFF,0xFF,0xFF,0xFF,0xFF,0xFF,0xFF,0xFF,0xFF,0xFF,0xFF,0xFF,0xFF,0xFF,0x4A,0x0,0x0,0x0,0x0,0x0,0x0,0x0,0x0,0x0,0x0,0x0,0x0,0x0,0x0,0x0,0x0,0x0,0x0,0x0,0x0,0x0,
        0x0,0x0,0x0,0x0,0x0,0x0,0x0,0x0,0x0,0x0,0x0,0x0,0x0,0x0,0x0,0x0,0x0,0xFF,0xDE,0xFF,0xFF,0xFF,0xFF,0xFF,0xFF,0xFF,0xFF,0xFF,0xFF,0xFF,0xFF,0xFF,0xFF,0xFF,0xFF,0x4A,0x0,0x0,0x0,0x0,0x0,0x0,0x0,0x0,0x0,0x0,0x0,0x0,0x0,0x0,0x0,0x0,0x0,0x0,0x0,0x0,
        0x0,0x0,0x0,0x0,0x0,0x0,0x0,0x0,0x0,0x0,0x0,0x0,0x0,0x0,0x0,0xFF,0xDE,0xFF,0xFF,0xFF,0xFF,0xFF,0xFF,0xFF,0xFF,0xFF,0xFF,0xFF,0xDE,0xDE,0xB5,0xFF,0xFF,0xFF,0xFF,0x4A,0x0,0x0,0x0,0x0,0x0,0x0,0x0,0x0,0x0,0x0,0x0,0x0,0x0,0x0,0x0,0x0,0x0,0x0,0x0,0x0,
        0x0,0x0,0x0,0x0,0x0,0x0,0xDE,0x94,0x0,0x4A,0x4A,0x6B,0xB5,0xFF,0xDE,0xFF,0xFF,0xFF,0xFF,0xFF,0xFF,0xFF,0xFF,0xFF,0xFF,0xFF,0xDE,0x4A,0x21,0x0,0x0,0x94,0xFF,0xFF,0xFF,0x6B,0x0,0x0,0x0,0x0,0x0,0x0,0x0,0x0,0x0,0x0,0x0,0x0,0x0,0x0,0x0,0x0,0x0,0x0,0x0,0x0,
        0x0,0x0,0x0,0x0,0x0,0x0,0x0,0x94,0xFF,0xFF,0xFF,0xFF,0xFF,0xFF,0xFF,0xFF,0xFF,0xFF,0xFF,0xFF,0xFF,0xFF,0xFF,0xFF,0xFF,0xFF,0xFF,0xFF,0xFF,0x6B,0x21,0x4A,0x4A,0xFF,0xFF,0xFF,0x4A,0x0,0x0,0x0,0x0,0x0,0x0,0x0,0x0,0x0,0x0,0x0,0x0,0x0,0x0,0x0,0x0,0x0,0x0,0x0,
        0x0,0x0,0x0,0x0,0x0,0x6B,0x0,0x0,0x6B,0xFF,0xFF,0xFF,0xFF,0xFF,0xFF,0xFF,0xFF,0xFF,0xFF,0xFF,0xFF,0xFF,0xFF,0xFF,0xFF,0xFF,0xFF,0xFF,0xFF,0xFF,0xFF,0xFF,0x94,0x0,0xB5,0xFF,0xFF,0x94,0x0,0x0,0x0,0x0,0x0,0x0,0x0,0x0,0x0,0x0,0x0,0x0,0x0,0x0,0x0,0x0,0x0,0x0,
        0x0,0x0,0x0,0x0,0x21,0xDE,0x94,0x0,0x0,0x21,0xB5,0xFF,0xFF,0xFF,0xFF,0xFF,0xFF,0xFF,0xFF,0xFF,0xFF,0xFF,0xFF,0xFF,0xFF,0xFF,0xFF,0xFF,0xFF,0xFF,0xDE,0xFF,0xFF,0x21,0x0,0x6B,0xFF,0xFF,0x0,0x0,0x0,0x0,0x0,0x0,0x21,0x0,0x0,0x0,0x0,0x0,0x0,0x0,0x0,0x0,0x0,0x0,
        0x0,0x0,0x0,0x0,0x0,0x0,0xDE,0xDE,0x21,0x0,0x0,0x94,0xFF,0xFF,0xFF,0xFF,0xFF,0xFF,0xFF,0xFF,0xFF,0xFF,0xFF,0xFF,0xFF,0xFF,0xFF,0xFF,0xB5,0x0,0x0,0x4A,0xDE,0x94,0x0,0x0,0x21,0xDE,0x94,0x0,0x0,0x0,0x0,0x6B,0xB5,0x0,0x0,0x0,0x0,0x0,0x0,0x0,0x0,0x0,0x0,0x0,
        0x0,0x0,0x0,0x0,0x0,0x0,0xDE,0xFF,0xFF,0x6B,0x0,0x0,0x4A,0xFF,0xFF,0xFF,0xFF,0xFF,0xFF,0xFF,0xFF,0xFF,0xFF,0xFF,0xFF,0xFF,0xFF,0xDE,0x0,0x0,0x0,0x0,0x0,0xB5,0xDE,0x21,0x0,0x21,0xFF,0xDE,0x21,0x0,0x0,0x94,0x0,0x0,0x0,0x0,0x0,0x0,0x0,0x0,0x0,0x0,0x0,0x0,
        0x0,0x0,0x0,0x0,0x0,0x0,0xB5,0xFF,0xFF,0xFF,0xB5,0x0,0x0,0x0,0x94,0x4A,0xDE,0xFF,0xFF,0xFF,0xFF,0xFF,0xFF,0xFF,0xFF,0xFF,0xFF,0xDE,0x0,0x0,0x0,0x0,0x0,0x0,0xB5,0xFF,0x6B,0x21,0xDE,0xFF,0xDE,0x0,0x0,0x6B,0xB5,0x0,0x0,0x0,0x0,0x0,0x0,0x0,0x0,0x0,0x0,0x0,
        0x0,0x0,0x0,0x0,0x0,0x0,0x6B,0xFF,0xFF,0xFF,0xFF,0xFF,0x4A,0x0,0x0,0x0,0x0,0x94,0xFF,0xFF,0xFF,0xFF,0xFF,0xFF,0xFF,0xFF,0xFF,0xDE,0x0,0x0,0x94,0x94,0x94,0x0,0x94,0xFF,0x94,0x0,0x0,0x94,0xFF,0x4A,0x0,0x21,0xFF,0xFF,0x4A,0x0,0x0,0x0,0x0,0x0,0x0,0x0,0x0,0x0,
        0x0,0x0,0x0,0x0,0x0,0x0,0x4A,0xFF,0xFF,0xFF,0xFF,0xFF,0xFF,0x21,0x0,0x0,0x0,0x0,0x6B,0xFF,0xFF,0xFF,0xFF,0xFF,0xFF,0xFF,0xFF,0xFF,0x21,0x6B,0xFF,0xFF,0xFF,0xDE,0x21,0x6B,0xFF,0x6B,0x0,0x0,0x4A,0xFF,0x6B,0x0,0xFF,0xFF,0xDE,0x0,0x0,0x0,0x0,0x0,0x0,0x0,0x0,0x0,
        0x0,0x0,0x0,0x0,0x0,0x0,0x4A,0xFF,0xFF,0xFF,0xFF,0xFF,0xFF,0x4A,0x0,0x0,0x0,0x0,0x0,0x21,0xDE,0xFF,0xFF,0xFF,0xFF,0xFF,0xFF,0xFF,0x4A,0x21,0xFF,0xFF,0xFF,0xFF,0xDE,0x0,0xDE,0x94,0x0,0x0,0x0,0xDE,0xFF,0xDE,0xFF,0xFF,0xFF,0x4A,0x0,0x0,0x0,0x0,0x0,0x0,0x0,0x0,
        0x0,0x0,0x0,0x0,0x0,0x0,0x0,0xFF,0xFF,0xFF,0xFF,0xFF,0xFF,0xFF,0x94,0x0,0x0,0x0,0x0,0x0,0x0,0x94,0xFF,0xFF,0xFF,0xFF,0xFF,0xFF,0x6B,0x21,0xDE,0xFF,0xFF,0xFF,0xDE,0x94,0xFF,0xFF,0x6B,0x0,0x0,0x4A,0xFF,0xFF,0xFF,0xFF,0xFF,0xDE,0x0,0x0,0x0,0x0,0x0,0x0,0x0,0x0,
        0x0,0x0,0x0,0x0,0x0,0x0,0x94,0xFF,0xFF,0xFF,0xFF,0xFF,0xFF,0xFF,0xFF,0xDE,0x21,0x0,0x0,0x0,0x0,0x0,0x4A,0xFF,0xFF,0xFF,0xFF,0xFF,0xFF,0x94,0x0,0x94,0xFF,0xFF,0xB5,0x21,0xFF,0xFF,0xFF,0xB5,0x0,0x0,0xDE,0xFF,0xFF,0xFF,0xFF,0xFF,0x21,0x0,0x0,0x0,0x0,0x0,0x0,0x0,
        0x0,0x0,0x0,0x0,0x0,0x0,0x4A,0xFF,0xFF,0xFF,0xFF,0xFF,0xFF,0xFF,0xFF,0xFF,0xFF,0x6B,0x0,0x0,0x0,0x0,0x0,0x0,0xB5,0xFF,0xFF,0xFF,0xFF,0xFF,0xDE,0x0,0x6B,0xDE,0x0,0xB5,0xFF,0xFF,0xFF,0xFF,0xFF,0x4A,0x94,0xFF,0xFF,0xFF,0xFF,0xFF,0x21,0x0,0x0,0x0,0x0,0x0,0x0,0x0,
        0x0,0x0,0x0,0x0,0x0,0x0,0xDE,0xFF,0xFF,0xFF,0xFF,0xFF,0xFF,0xFF,0xFF,0xFF,0xFF,0xFF,0xB5,0x0,0x0,0x0,0x0,0x0,0x0,0x6B,0xFF,0xFF,0xFF,0xFF,0xFF,0x0,0x0,0x0,0x94,0xFF,0xFF,0xFF,0xFF,0x94,0x4A,0xB5,0x6B,0xFF,0xFF,0xFF,0xFF,0xFF,0x21,0x0,0x0,0x0,0x0,0x0,0x0,0x0,
        0x0,0x6B,0xB5,0x0,0x0,0x0,0xB5,0xFF,0xFF,0xFF,0xFF,0xFF,0xFF,0xFF,0xFF,0xFF,0xFF,0xFF,0xFF,0xDE,0x4A,0x0,0x0,0x0,0x0,0x0,0x4A,0xDE,0xFF,0xFF,0xFF,0xDE,0x21,0x4A,0xFF,0xFF,0xFF,0xFF,0xFF,0xFF,0x94,0x0,0x0,0x21,0xDE,0xFF,0xFF,0xFF,0x6B,0x0,0x0,0x0,0x0,0x0,0x0,0x0,
        0x0,0xB5,0xB5,0x0,0x0,0x21,0xFF,0xFF,0xFF,0xFF,0xFF,0xFF,0xFF,0xFF,0xFF,0xFF,0xFF,0xFF,0xFF,0xFF,0xFF,0x6B,0x0,0x0,0x0,0x0,0x0,0x0,0x94,0xFF,0xFF,0xFF,0xFF,0xFF,0xFF,0xFF,0xFF,0xFF,0xFF,0xFF,0xB5,0x0,0x0,0x0,0x0,0xDE,0xFF,0xFF,0x94,0x0,0x0,0x0,0x0,0x0,0x0,0x0,
        0x0,0x94,0xDE,0x0,0x0,0x21,0xFF,0xFF,0xFF,0xFF,0xFF,0xFF,0xFF,0xFF,0xFF,0xFF,0xFF,0xFF,0xFF,0xFF,0xFF,0xFF,0xB5,0x21,0x0,0x0,0x0,0x0,0x0,0x6B,0xFF,0xFF,0xFF,0xFF,0xFF,0xFF,0xFF,0xFF,0xFF,0xFF,0xFF,0x94,0x0,0x0,0x0,0xDE,0xFF,0xFF,0xB5,0x0,0x0,0x0,0xDE,0x21,0x0,0x0,
        0x0,0x4A,0xFF,0x21,0x0,0x21,0xFF,0xFF,0xFF,0xFF,0xFF,0xFF,0xFF,0xFF,0xFF,0xFF,0xFF,0xFF,0xFF,0xFF,0xFF,0xFF,0xFF,0xFF,0x4A,0x0,0x0,0x0,0x0,0x0,0x21,0x6B,0x4A,0xFF,0x94,0xFF,0xFF,0xFF,0xFF,0xFF,0x4A,0xB5,0xDE,0x21,0x0,0x0,0xDE,0xFF,0xDE,0x0,0x0,0x4A,0xFF,0x4A,0x0,0x0,
        0x0,0x21,0xFF,0x94,0x0,0x0,0xDE,0xFF,0xFF,0xFF,0xFF,0xFF,0xFF,0xFF,0xFF,0xFF,0xFF,0xFF,0xFF,0xFF,0xFF,0xFF,0xFF,0xFF,0xFF,0x94,0x0,0x0,0x0,0x0,0x0,0x0,0x0,0x0,0x0,0x4A,0xFF,0xFF,0xFF,0xFF,0xDE,0x21,0x6B,0xFF,0x6B,0x0,0xDE,0xFF,0xFF,0x21,0x4A,0x4A,0x4A,0xFF,0x21,0x0,
        0x0,0x21,0xFF,0xFF,0x21,0x0,0xB5,0xFF,0xFF,0xFF,0xFF,0xFF,0xFF,0xFF,0xFF,0xFF,0xFF,0xFF,0xFF,0xFF,0xFF,0xFF,0xFF,0xFF,0xFF,0xFF,0xDE,0x21,0x0,0x0,0x0,0x0,0x0,0x0,0x0,0x0,0x0,0xDE,0xFF,0xFF,0xFF,0xFF,0x21,0x21,0xDE,0x94,0xB5,0xFF,0xFF,0x21,0x4A,0xFF,0x94,0x6B,0x4A,0x0,
        0x0,0x0,0xDE,0xFF,0x94,0x21,0xFF,0xFF,0xFF,0xFF,0xFF,0xFF,0xFF,0xFF,0xFF,0xFF,0xFF,0xFF,0xDE,0xB5,0x94,0x6B,0xFF,0xFF,0xFF,0xFF,0xFF,0xFF,0x6B,0x0,0x0,0x0,0x0,0x0,0x0,0x0,0x0,0xDE,0xFF,0xFF,0xB5,0x21,0x0,0x0,0x0,0x4A,0x21,0xDE,0xFF,0x4A,0x0,0x0,0xB5,0xFF,0xFF,0x21,
        0x0,0x0,0x6B,0xFF,0xFF,0xFF,0xFF,0xFF,0xFF,0xFF,0xFF,0xDE,0xFF,0xFF,0xFF,0xFF,0x4A,0x21,0x0,0x0,0x0,0x21,0x21,0xDE,0xFF,0xFF,0xFF,0xFF,0xB5,0x0,0x0,0x0,0x0,0x0,0x0,0x0,0x0,0xB5,0xFF,0xFF,0xFF,0x0,0x0,0x0,0x0,0x0,0x0,0xB5,0xFF,0xFF,0x6B,0xB5,0x21,0xDE,0xFF,0x4A,
        0x0,0x0,0x0,0x4A,0xFF,0xFF,0xFF,0xFF,0xFF,0xFF,0xDE,0x21,0xFF,0xFF,0xFF,0x94,0x0,0x0,0x0,0xB5,0xDE,0xFF,0x94,0x0,0x21,0x21,0xDE,0xFF,0xFF,0x6B,0x0,0x0,0x0,0x0,0x0,0x0,0x4A,0xFF,0xFF,0xFF,0xFF,0x6B,0x0,0x0,0x0,0x0,0x0,0x0,0xB5,0xFF,0xFF,0xFF,0xFF,0xFF,0xFF,0xFF,
        0x0,0x0,0x0,0x21,0xFF,0xFF,0xFF,0xFF,0xFF,0xFF,0xFF,0x4A,0xB5,0xFF,0xFF,0x6B,0x0,0x0,0x0,0xFF,0xFF,0xFF,0xFF,0xDE,0x21,0x0,0x0,0xDE,0xFF,0xB5,0x0,0x0,0x0,0x0,0x0,0x0,0x0,0x6B,0x6B,0x4A,0x21,0xDE,0x94,0xB5,0x6B,0x0,0x0,0x0,0x0,0x6B,0xFF,0xFF,0xFF,0xFF,0xFF,0xFF,
        0x0,0x0,0x0,0x0,0x21,0xFF,0xFF,0xFF,0xFF,0xFF,0xFF,0x6B,0x0,0x94,0xFF,0x94,0x0,0x0,0x0,0xDE,0xFF,0xFF,0xFF,0xFF,0xFF,0x21,0x6B,0xFF,0xFF,0xFF,0x6B,0x0,0x0,0x0,0x0,0x6B,0x0,0x0,0x0,0x0,0x0,0x0,0x4A,0x21,0xB5,0x0,0x0,0x0,0x0,0x0,0x4A,0xDE,0xFF,0xFF,0xFF,0xFF,
        0x0,0x0,0x0,0x0,0x0,0xFF,0xFF,0xFF,0xFF,0xFF,0xFF,0x6B,0x0,0x6B,0xFF,0xFF,0x94,0x0,0x0,0x21,0xDE,0xFF,0xFF,0xFF,0x94,0x4A,0xFF,0xFF,0xFF,0xFF,0xFF,0xB5,0x0,0x6B,0x94,0xFF,0xB5,0x0,0x0,0x0,0x0,0x0,0x0,0x0,0x0,0x0,0x0,0x0,0x0,0x0,0x0,0x0,0xB5,0xFF,0xFF,0x6B,
        0x0,0x0,0x0,0x0,0x0,0x21,0xFF,0xFF,0xFF,0xFF,0xFF,0xFF,0xB5,0x0,0x6B,0xFF,0xDE,0xB5,0x21,0x0,0x0,0x94,0xB5,0xB5,0x0,0xDE,0xFF,0xFF,0xFF,0xFF,0xFF,0xFF,0xFF,0xFF,0xFF,0xFF,0xB5,0x0,0x0,0x0,0x0,0x0,0x0,0x0,0x0,0x0,0x0,0x0,0x0,0x0,0x0,0x0,0x0,0x6B,0xB5,0x0,
        0x0,0x0,0x0,0x0,0x0,0x0,0xFF,0xFF,0xFF,0xFF,0xFF,0xFF,0xFF,0xFF,0x4A,0x21,0x0,0x6B,0xFF,0xB5,0xDE,0x21,0x0,0xDE,0xDE,0xFF,0xFF,0xFF,0xFF,0xFF,0xFF,0xFF,0xFF,0xFF,0xFF,0xFF,0xDE,0x0,0x0,0x0,0x0,0x0,0x0,0x0,0x0,0x0,0x0,0x0,0x0,0x0,0x0,0x0,0x0,0x0,0x0,0x0,
        0x0,0x0,0x0,0x0,0x0,0x0,0x21,0xDE,0xFF,0xFF,0xFF,0xFF,0xFF,0xFF,0xFF,0x94,0x0,0x0,0x21,0xDE,0xFF,0xFF,0xDE,0xFF,0xFF,0xFF,0xFF,0xFF,0xFF,0xFF,0xFF,0xFF,0xFF,0xFF,0xFF,0xFF,0xDE,0x94,0x0,0x0,0x0,0x0,0x0,0x0,0x0,0x0,0x0,0x0,0x0,0x0,0x0,0x0,0x0,0x0,0x0,0x0,
        0x0,0x0,0x0,0x0,0x0,0x0,0x0,0x0,0x94,0xFF,0xDE,0xFF,0xFF,0xFF,0xFF,0xFF,0xDE,0x21,0x0,0x0,0x21,0x21,0x94,0x4A,0xFF,0xFF,0xFF,0xFF,0xFF,0xFF,0xFF,0x94,0xB5,0xFF,0x4A,0x0,0x0,0x94,0xB5,0x0,0x0,0x0,0x0,0x0,0x0,0x0,0x0,0x0,0x0,0x0,0x0,0x0,0x0,0x0,0x0,0x0,
        0x0,0x0,0x0,0x0,0x0,0x0,0x0,0x0,0x0,0x21,0x0,0x6B,0x4A,0x4A,0x4A,0xDE,0xFF,0xFF,0x6B,0x4A,0x21,0x0,0x0,0x0,0x21,0xB5,0xFF,0x4A,0x6B,0x94,0xB5,0xDE,0x21,0x6B,0x6B,0x0,0x0,0x0,0x94,0x0,0x0,0x0,0x0,0x0,0x0,0x0,0x0,0x0,0x0,0x0,0x0,0x0,0x0,0x0,0x0,0x0,
        0x0,0x0,0x0,0x0,0x0,0x0,0x0,0x0,0x0,0x0,0x0,0x0,0x0,0x0,0x0,0x0,0x94,0xB5,0xDE,0xFF,0xFF,0x6B,0x0,0x0,0x0,0x0,0x6B,0xFF,0x21,0x0,0x0,0x6B,0xFF,0x6B,0x0,0x0,0x0,0x0,0x94,0xB5,0x0,0x0,0x0,0x0,0x0,0x0,0x0,0x0,0x0,0x0,0x0,0x0,0x0,0x0,0x0,0x0,
        0x0,0x0,0x0,0x0,0x0,0x0,0x0,0x0,0x0,0x0,0x0,0x0,0x0,0x0,0x0,0x0,0x0,0x0,0x0,0x94,0xFF,0xFF,0xB5,0x0,0x4A,0x0,0x0,0x4A,0x4A,0x0,0x0,0x0,0x21,0xDE,0x94,0x0,0x0,0x0,0x0,0x0,0x0,0x0,0x0,0x0,0x0,0x0,0x0,0x0,0x0,0x0,0x0,0x0,0x0,0x0,0x0,0x0,
        0x0,0x0,0x0,0x0,0x0,0x0,0x0,0x0,0x0,0x0,0x0,0x0,0x0,0x0,0x0,0x0,0x0,0x0,0x0,0x0,0x4A,0x21,0x94,0xFF,0xFF,0xB5,0xDE,0xDE,0xFF,0x4A,0x0,0x0,0x0,0x0,0x94,0xDE,0x0,0x0,0x0,0x0,0x0,0x0,0x0,0x0,0x0,0x0,0x0,0x0,0x0,0x0,0x0,0x0,0x0,0x0,0x0,0x0,
        0x0,0x0,0x0,0x0,0x0,0x0,0x0,0x0,0x0,0x0,0x0,0x0,0x0,0x0,0x0,0x0,0x0,0x0,0x0,0x0,0x0,0x0,0x0,0x4A,0xFF,0xFF,0xFF,0xFF,0xFF,0xFF,0x94,0x6B,0x6B,0x0,0x21,0x94,0x0,0x21,0x0,0x0,0x0,0x0,0x0,0x0,0x0,0x0,0x0,0x0,0x0,0x0,0x0,0x0,0x0,0x0,0x0,0x0,
        0x0,0x0,0x0,0x0,0x0,0x0,0x0,0x0,0x0,0x0,0x0,0x0,0x0,0x0,0x0,0x0,0x0,0x0,0x0,0x0,0x0,0x0,0x0,0x4A,0x6B,0xFF,0xFF,0xFF,0xFF,0xFF,0xFF,0xFF,0xFF,0xDE,0xFF,0xFF,0xDE,0xFF,0xB5,0x0,0x0,0x0,0x0,0x0,0x0,0x0,0x0,0x0,0x0,0x0,0x0,0x0,0x0,0x0,0x0,0x0,
        0x0,0x0,0x0,0x0,0x0,0x0,0x0,0x0,0x0,0x0,0x0,0x0,0x0,0x0,0x0,0x0,0x0,0x0,0x0,0x0,0xB5,0x6B,0xFF,0xFF,0xFF,0xFF,0xFF,0xFF,0xFF,0xFF,0xFF,0xFF,0xFF,0xFF,0xFF,0xFF,0xFF,0xFF,0xFF,0xFF,0x4A,0x0,0x0,0x0,0x0,0x0,0x0,0x0,0x0,0x0,0x0,0x0,0x0,0x0,0x0,0x0,
        0x0,0x0,0x0,0x0,0x0,0x0,0x0,0x0,0x0,0x0,0x0,0x0,0x0,0x0,0x0,0x0,0x0,0x0,0x0,0x4A,0xB5,0x0,0x4A,0xFF,0xFF,0xFF,0xFF,0xFF,0xFF,0xFF,0xFF,0xFF,0xFF,0xDE,0x94,0x94,0x6B,0x0,0xB5,0xFF,0xFF,0x94,0x0,0x0,0x0,0x0,0x0,0x0,0x0,0x0,0x0,0x0,0x0,0x0,0x0,0x0,
        0x0,0x0,0x0,0x0,0x0,0x0,0x0,0x0,0x0,0x0,0x0,0x0,0x0,0x0,0x0,0x0,0x0,0x0,0x0,0x0,0x0,0x0,0x0,0x0,0x94,0x4A,0xDE,0xB5,0xB5,0x94,0x21,0x21,0x21,0x0,0x0,0x0,0x21,0x0,0x6B,0xFF,0xFF,0xFF,0xDE,0x21,0x0,0x0,0x0,0x0,0x0,0x0,0x0,0x0,0x0,0x0,0x0,0x0,
        0x0,0x0,0x0,0x0,0x0,0x0,0x0,0x0,0x0,0x0,0x0,0x0,0x0,0x0,0x0,0x0,0x0,0x0,0x0,0x0,0x0,0x0,0x0,0x0,0x0,0x0,0x0,0x0,0x0,0x0,0x0,0x0,0x0,0x0,0x0,0x21,0xFF,0x94,0x0,0xB5,0xFF,0xFF,0xFF,0xFF,0x6B,0x0,0x0,0x0,0x0,0x0,0x0,0x0,0x0,0x0,0x0,0x0,
        0x0,0x0,0x0,0x0,0x0,0x0,0x0,0x0,0x0,0x0,0x0,0x0,0x0,0x0,0x0,0x0,0x0,0x0,0x0,0x0,0x0,0x0,0x0,0x0,0x0,0x0,0x0,0x0,0x0,0x0,0x0,0x0,0x0,0x0,0x4A,0x6B,0x0,0xB5,0xB5,0x6B,0xFF,0xFF,0xFF,0xFF,0x94,0x0,0x0,0x0,0x0,0x0,0x0,0x0,0x0,0x0,0x0,0x0,
        0x0,0x0,0x0,0x0,0x0,0x0,0x0,0x0,0x0,0x0,0x0,0x0,0x0,0x0,0x0,0x0,0x0,0x0,0x0,0x0,0x0,0x0,0x0,0x0,0x0,0x0,0x0,0x0,0x0,0x0,0x0,0x0,0x0,0x0,0xFF,0xDE,0xB5,0x6B,0xFF,0xFF,0xFF,0xFF,0xFF,0xDE,0x0,0x0,0x0,0x0,0x0,0x0,0x0,0x0,0x0,0x0,0x0,0x0,
        0x0,0x0,0x0,0x0,0x0,0x0,0x0,0x0,0x0,0x0,0x0,0x0,0x0,0x0,0x0,0x0,0x0,0x0,0x0,0x0,0x0,0x0,0x0,0x0,0x0,0x0,0x0,0x0,0x0,0x0,0x0,0x0,0x0,0x0,0x21,0x0,0x6B,0x0,0xB5,0x94,0xDE,0xDE,0xFF,0x21,0x0,0x0,0x0,0x0,0x0,0x0,0x0,0x0,0x0,0x0,0x0,0x0,
        0x0,0x0,0x0,0x0,0x0,0x0,0x0,0x0,0x0,0x0,0x0,0x0,0x0,0x0,0x0,0x0,0x0,0x0,0x0,0x0,0x0,0x0,0x0,0x0,0x0,0x0,0x0,0x0,0x0,0x0,0x0,0x0,0x0,0x0,0x0,0x0,0x0,0x0,0x0,0x0,0x0,0x0,0x0,0x0,0x0,0x0,0x0,0x0,0x0,0x0,0x0,0x0,0x0,0x0,0x0,0x0,
        0x0,0x0,0x0,0x0,0x0,0x0,0x0,0x0,0x0,0x0,0x0,0x0,0x0,0x0,0x0,0x0,0x0,0x0,0x0,0x0,0x0,0x0,0x0,0x0,0x0,0x0,0x0,0x0,0x0,0x0,0x0,0x0,0x0,0x0,0x0,0x0,0x0,0x0,0x0,0x0,0x0,0x0,0x0,0x0,0x0,0x0,0x0,0x0,0x0,0x0,0x0,0x0,0x0,0x0,0x0,0x0
    }
};

const gfx_sprite_t sprite_gaster_blaster_3_4 = {
    .width = 56,
    .height = 56,
    .data = {
        0x0,0x0,0x0,0x0,0x0,0x0,0x0,0x0,0x0,0x0,0x0,0x0,0x0,0x0,0x0,0x0,0x0,0x0,0x0,0x0,0x0,0x0,0x0,0x0,0x0,0x0,0x0,0x0,0x0,0x0,0x0,0x0,0x0,0x0,0x0,0x0,0x0,0x0,0x0,0x0,0x0,0x0,0x0,0x0,0x0,0x0,0x0,0x0,0x0,0x0,0x0,0x0,0x0,0x0,0x0,0x0,
        0x0,0x0,0x0,0x0,0x0,0x0,0x0,0x0,0x0,0x0,0x0,0x0,0x0,0x0,0x0,0x0,0x0,0x0,0x0,0x0,0x0,0x0,0x0,0x0,0x0,0x0,0x0,0x0,0x0,0x0,0x0,0x0,0x0,0x0,0x0,0x0,0x0,0x0,0x0,0x0,0x0,0x0,0x0,0x0,0x0,0x0,0x0,0x0,0x0,0x0,0x0,0x0,0x0,0x0,0x0,0x0,
        0x0,0x0,0x0,0x0,0x0,0x0,0x0,0x0,0x0,0x0,0x0,0x0,0x0,0x0,0x0,0x0,0x0,0x0,0x0,0x0,0x0,0x0,0x0,0x0,0x0,0x0,0x0,0x0,0x0,0x0,0x0,0x0,0x0,0x0,0x0,0x0,0x0,0x0,0x0,0x0,0x0,0x0,0x0,0x0,0x0,0x0,0x0,0x0,0x0,0x0,0x0,0x0,0x0,0x0,0x0,0x0,
        0x0,0x0,0x0,0x0,0x0,0x0,0x0,0x0,0x0,0x0,0x0,0x0,0x0,0x0,0x0,0x0,0x0,0x0,0x0,0x0,0x0,0x0,0x0,0x0,0x0,0x0,0x0,0x0,0x0,0x0,0x0,0x0,0x0,0x0,0x0,0x0,0x0,0x0,0x0,0x0,0x0,0x0,0x0,0x0,0x0,0x0,0x0,0x0,0x0,0x0,0x0,0x0,0x0,0x0,0x0,0x0,
        0x0,0x0,0x0,0x0,0x0,0x0,0x0,0x0,0x0,0x0,0x0,0x0,0x0,0x0,0x0,0x0,0x0,0x0,0x0,0x0,0x0,0x0,0x0,0x0,0x0,0x0,0x0,0x0,0x0,0x0,0x0,0x0,0x0,0x0,0x0,0x0,0x0,0x0,0x0,0x0,0x0,0x0,0x0,0x0,0x0,0x0,0x0,0x0,0x0,0x0,0x0,0x0,0x0,0x0,0x0,0x0,
        0x0,0x0,0x0,0x0,0x0,0x0,0x0,0x0,0x0,0x0,0x0,0x0,0x0,0x0,0x0,0x0,0x0,0x0,0x0,0x0,0x21,0x4A,0x21,0xB5,0x4A,0x0,0x0,0x0,0x0,0x0,0x0,0x0,0x0,0x0,0x0,0x0,0x0,0x0,0x0,0x0,0x0,0x0,0x0,0x0,0x0,0x0,0x0,0x0,0x0,0x0,0x0,0x0,0x0,0x0,0x0,0x0,
        0x0,0x0,0x0,0x0,0x0,0x0,0x0,0x0,0x0,0x0,0x0,0x0,0x0,0x0,0x4A,0xDE,0xDE,0x6B,0xB5,0xDE,0xDE,0xFF,0xFF,0xFF,0xFF,0xFF,0xB5,0x4A,0x0,0x0,0x0,0x0,0x0,0x0,0x0,0x0,0x0,0x0,0x0,0x0,0x0,0x0,0x0,0x0,0x0,0x0,0x0,0x0,0x0,0x0,0x0,0x0,0x0,0x0,0x0,0x0,
        0x0,0x0,0x0,0x0,0x0,0x0,0x0,0x0,0x0,0x0,0x0,0x0,0x4A,0xB5,0xFF,0xFF,0xFF,0xFF,0xFF,0xFF,0xFF,0xFF,0xFF,0xFF,0xFF,0xFF,0xFF,0x94,0x0,0x0,0x0,0x0,0x0,0x0,0x0,0x0,0x0,0x0,0x0,0x0,0x0,0x0,0x0,0x0,0x0,0x0,0x0,0x0,0x0,0x0,0x0,0x0,0x0,0x0,0x0,0x0,
        0x0,0x0,0x0,0x0,0x0,0x0,0x0,0x0,0x0,0x0,0x4A,0xB5,0xFF,0xB5,0xB5,0x94,0x4A,0xDE,0xFF,0xFF,0xFF,0xFF,0xFF,0xFF,0xFF,0xFF,0xFF,0xFF,0xFF,0x21,0x0,0x0,0x0,0x0,0x0,0x0,0x0,0x0,0x0,0x0,0x0,0x0,0x0,0x0,0x0,0x0,0x0,0x0,0x0,0x0,0x0,0x0,0x0,0x0,0x0,0x0,
        0x0,0x0,0x0,0x0,0x0,0x0,0x0,0x0,0x0,0x0,0xFF,0xDE,0x21,0x0,0x0,0x0,0x0,0xB5,0xFF,0xFF,0xFF,0xFF,0xFF,0xFF,0xFF,0xFF,0xFF,0xFF,0xFF,0x94,0x0,0x0,0x0,0x0,0x0,0x0,0x0,0x0,0x0,0x0,0x0,0x0,0x0,0x0,0x0,0x0,0x0,0x0,0x0,0x0,0x0,0x0,0x0,0x0,0x0,0x0,
        0x0,0x0,0x0,0x0,0x0,0x0,0x0,0x0,0x0,0x0,0x6B,0x0,0x0,0x0,0x0,0x0,0x94,0xFF,0xFF,0xFF,0xFF,0xFF,0xFF,0xFF,0xFF,0xFF,0xFF,0xFF,0xFF,0xDE,0x4A,0x0,0x0,0x0,0x0,0x0,0x0,0x0,0x0,0x6B,0x0,0x0,0x0,0x0,0x0,0x0,0x0,0x0,0x0,0x0,0x0,0x0,0x0,0x0,0x0,0x0,
        0x0,0x0,0x0,0x0,0x0,0x0,0x0,0x0,0x0,0x0,0x0,0x0,0x0,0x21,0x94,0xFF,0xFF,0xFF,0xFF,0xFF,0xFF,0xFF,0xFF,0x94,0x0,0x21,0x94,0xDE,0xFF,0xFF,0xFF,0xFF,0x94,0x21,0x0,0x0,0x0,0x0,0x4A,0xDE,0x0,0x0,0x0,0x0,0x0,0x0,0x0,0x0,0x0,0x0,0x0,0x0,0x0,0x0,0x0,0x0,
        0x0,0x0,0x0,0x0,0x0,0x0,0x0,0x0,0x0,0x0,0x0,0x0,0x0,0xDE,0xFF,0xFF,0xFF,0xFF,0xFF,0xFF,0xFF,0x94,0x6B,0x4A,0x0,0x21,0x6B,0x0,0x21,0x94,0xDE,0xFF,0xFF,0x6B,0x0,0x0,0x0,0x0,0x21,0x6B,0x0,0x0,0x0,0x0,0x0,0x0,0x0,0x0,0x0,0x0,0x0,0x0,0x0,0x0,0x0,0x0,
        0x0,0x0,0x0,0x0,0x0,0x0,0x0,0x0,0x0,0x0,0x0,0x21,0xB5,0xFF,0xFF,0xFF,0xFF,0xFF,0xFF,0xFF,0xFF,0xFF,0xDE,0xFF,0xFF,0xDE,0xFF,0xFF,0x6B,0x0,0x0,0x21,0x6B,0xDE,0xFF,0x94,0x4A,0x0,0x0,0x94,0xFF,0xB5,0x6B,0x0,0x0,0x0,0x0,0x0,0x0,0x0,0x0,0x0,0x0,0x0,0x0,0x0,
        0x0,0x0,0x0,0x0,0x0,0x0,0x0,0x0,0x0,0x0,0x21,0x94,0xFF,0xFF,0xFF,0xFF,0xFF,0xFF,0xFF,0xFF,0xFF,0xFF,0xFF,0xFF,0xFF,0xFF,0xDE,0xFF,0xDE,0x4A,0x0,0x0,0x0,0x4A,0xFF,0xFF,0xDE,0x0,0x0,0x0,0xFF,0xFF,0xFF,0x0,0x0,0x0,0x0,0x0,0x0,0x0,0x0,0x0,0x0,0x0,0x0,0x0,
        0x0,0x0,0x0,0x0,0x0,0x0,0x0,0x0,0x0,0x0,0xDE,0xFF,0xFF,0xFF,0xFF,0xFF,0xFF,0xFF,0xFF,0xFF,0xFF,0xFF,0xFF,0xFF,0xDE,0x6B,0x0,0x0,0x4A,0xB5,0xFF,0xB5,0x6B,0x0,0x21,0x94,0xDE,0xDE,0x94,0x21,0x6B,0xFF,0xFF,0xFF,0x94,0x0,0x0,0x0,0x0,0x0,0x0,0x0,0x0,0x0,0x0,0x0,
        0x0,0x0,0x0,0x0,0x0,0x0,0x0,0x0,0x21,0x94,0xFF,0xFF,0xFF,0xFF,0xFF,0xFF,0xFF,0xFF,0xFF,0xFF,0xFF,0xFF,0xFF,0xFF,0x94,0x0,0x0,0x0,0x0,0x0,0x21,0xFF,0xFF,0x0,0x0,0x0,0x0,0x21,0xFF,0xFF,0xFF,0xFF,0xFF,0xFF,0xDE,0x21,0x0,0x0,0x0,0x0,0x0,0x0,0x0,0x0,0x0,0x0,
        0x0,0x0,0x0,0x0,0x0,0x0,0x21,0xB5,0xFF,0xFF,0xFF,0xFF,0xFF,0xFF,0xFF,0xFF,0xFF,0xFF,0xFF,0xFF,0xFF,0xFF,0xFF,0xFF,0x21,0x0,0x0,0x0,0x4A,0x21,0x0,0x6B,0xB5,0xFF,0x6B,0x0,0x0,0x0,0x94,0xDE,0xFF,0xFF,0xFF,0xFF,0xFF,0x6B,0x0,0x0,0x0,0x0,0x0,0x0,0x0,0x0,0x0,0x0,
        0x0,0x0,0x94,0x21,0x0,0x94,0xFF,0xFF,0xFF,0xFF,0xFF,0xFF,0xFF,0xFF,0xFF,0xFF,0xFF,0xFF,0xFF,0xFF,0xFF,0xFF,0xFF,0xFF,0xB5,0x0,0x0,0xDE,0xFF,0xFF,0xDE,0x94,0x0,0xB5,0xDE,0x4A,0x0,0x0,0x0,0x4A,0xFF,0xFF,0xFF,0xFF,0xFF,0xFF,0x0,0x0,0x0,0x0,0x0,0x0,0x0,0x0,0x0,0x0,
        0x0,0x0,0x94,0xDE,0xFF,0xFF,0xFF,0xFF,0xFF,0xFF,0xFF,0xFF,0xFF,0xFF,0xFF,0xFF,0xFF,0xFF,0xFF,0xFF,0xFF,0xFF,0xFF,0xFF,0xDE,0x21,0x4A,0xFF,0xFF,0xFF,0xFF,0xFF,0x21,0xFF,0xFF,0xFF,0xFF,0xB5,0x4A,0x0,0xB5,0xFF,0xFF,0xFF,0xFF,0xFF,0x94,0x0,0x0,0x0,0x0,0x4A,0x0,0x0,0x0,0x0,
        0x0,0x0,0x0,0x0,0x21,0x6B,0xDE,0xFF,0xFF,0xFF,0xFF,0xFF,0xFF,0xFF,0xFF,0xFF,0xFF,0xFF,0xFF,0xFF,0xFF,0xFF,0xFF,0xFF,0xFF,0x94,0x0,0xB5,0xFF,0xFF,0xFF,0xFF,0xB5,0x6B,0xFF,0xFF,0xFF,0xFF,0xB5,0xFF,0x4A,0x94,0xFF,0xFF,0xFF,0xFF,0xFF,0x21,0x0,0x0,0x6B,0xB5,0x0,0x0,0x0,0x0,
        0x0,0xB5,0x6B,0x0,0x0,0x0,0x0,0x21,0x6B,0xDE,0xFF,0xFF,0xDE,0xFF,0xFF,0xFF,0xFF,0xFF,0xFF,0xFF,0xFF,0xFF,0xFF,0xFF,0xFF,0xFF,0x0,0x4A,0xB5,0xFF,0xFF,0xFF,0x4A,0x94,0xFF,0xFF,0xFF,0xDE,0x4A,0x0,0x0,0x0,0x0,0x4A,0xFF,0xFF,0xFF,0x94,0x0,0x0,0x4A,0xDE,0xFF,0x21,0x0,0x0,
        0x0,0x4A,0xB5,0xFF,0xB5,0x6B,0x0,0x0,0x0,0x0,0x21,0x6B,0x0,0x0,0x6B,0xB5,0xFF,0xFF,0xFF,0xFF,0xFF,0xFF,0xFF,0xFF,0xFF,0xFF,0xFF,0x94,0x4A,0x0,0x4A,0xB5,0x0,0xFF,0xFF,0xFF,0xFF,0xFF,0xFF,0x4A,0x0,0x0,0x0,0x21,0xB5,0xFF,0xFF,0xDE,0x0,0x0,0x6B,0x21,0x0,0x94,0x4A,0x0,
        0x0,0x0,0x0,0xB5,0xFF,0xFF,0xFF,0xB5,0x6B,0x0,0x0,0x0,0x0,0x0,0x0,0x0,0x0,0x4A,0xB5,0xFF,0xFF,0xFF,0xFF,0xFF,0xFF,0xFF,0xFF,0xFF,0xFF,0x94,0x0,0x0,0x4A,0xFF,0xFF,0xFF,0xFF,0xFF,0xFF,0xDE,0x94,0x21,0x0,0x0,0x0,0x94,0xFF,0xFF,0x94,0x0,0x94,0xDE,0xDE,0xFF,0xDE,0x0,
        0x0,0x0,0x0,0x0,0xFF,0xFF,0xFF,0xFF,0xFF,0xFF,0xDE,0x21,0x0,0x0,0x0,0x0,0x0,0x0,0x0,0x0,0x4A,0xB5,0xFF,0xFF,0xFF,0xFF,0xFF,0xFF,0xFF,0xFF,0x94,0x4A,0x94,0xFF,0xFF,0xFF,0xFF,0xFF,0xFF,0xDE,0x94,0xDE,0xDE,0x94,0x4A,0x0,0xFF,0xFF,0xFF,0x21,0x0,0x0,0x21,0xDE,0xFF,0xDE,
        0x0,0x0,0x0,0x0,0x94,0xFF,0xFF,0xFF,0xFF,0xFF,0xFF,0x6B,0x0,0x0,0x0,0x0,0x0,0x0,0x0,0x0,0x0,0x0,0x0,0x4A,0x94,0xFF,0xFF,0xFF,0xFF,0xFF,0xFF,0xFF,0xFF,0xFF,0xFF,0xFF,0xFF,0xFF,0xFF,0xDE,0x6B,0x21,0x21,0x6B,0xDE,0xB5,0x6B,0xDE,0xFF,0xB5,0x4A,0xFF,0xB5,0xFF,0xFF,0xFF,
        0x0,0x0,0x0,0x0,0x4A,0xFF,0xFF,0xFF,0xFF,0xFF,0xFF,0xFF,0xFF,0xB5,0x6B,0x0,0x0,0x0,0x0,0x0,0x0,0x0,0x0,0x0,0x0,0x0,0x4A,0x94,0xFF,0xFF,0xFF,0xFF,0xFF,0xFF,0xDE,0xFF,0xFF,0xFF,0xFF,0xFF,0xFF,0xFF,0x21,0x0,0x0,0x0,0x0,0x4A,0xFF,0xFF,0xFF,0xFF,0xFF,0xFF,0xFF,0xFF,
        0x0,0x0,0x0,0x0,0x0,0xB5,0xFF,0xFF,0xFF,0xFF,0xFF,0xFF,0xFF,0xFF,0xFF,0xFF,0xDE,0x6B,0x21,0x0,0x0,0x0,0x0,0x0,0x0,0x0,0x0,0x0,0x0,0x4A,0x94,0x6B,0x21,0x4A,0x0,0x0,0x6B,0xDE,0xFF,0xFF,0xFF,0x0,0x0,0x0,0x0,0x0,0x0,0x0,0x21,0x6B,0xB5,0xFF,0xFF,0xFF,0xFF,0xFF,
        0x0,0x0,0x0,0x0,0x0,0x21,0xFF,0xFF,0xFF,0xFF,0xFF,0xFF,0xFF,0xFF,0xFF,0xFF,0xFF,0xFF,0xFF,0xDE,0x6B,0x21,0x0,0x0,0x0,0x0,0x0,0x0,0x0,0x0,0x0,0x0,0x0,0x0,0x0,0x0,0x0,0x6B,0xFF,0xFF,0xFF,0x94,0x0,0x0,0x0,0x0,0x0,0x0,0x0,0x0,0x0,0x0,0x6B,0xB5,0xFF,0xFF,
        0x0,0x0,0x0,0x0,0x0,0x6B,0xFF,0xFF,0xFF,0xFF,0xFF,0xFF,0xFF,0xFF,0xFF,0xFF,0xFF,0xFF,0xFF,0xFF,0xFF,0xFF,0xDE,0x6B,0x21,0x0,0x0,0x0,0x0,0x0,0x0,0x0,0x0,0x0,0x0,0x0,0x0,0x0,0xDE,0xFF,0xFF,0xFF,0x94,0x4A,0x94,0xB5,0x21,0x0,0x0,0x0,0x0,0x0,0x0,0x0,0x0,0x6B,
        0x0,0x0,0x0,0x0,0x0,0x0,0xDE,0xFF,0xFF,0xFF,0xFF,0xFF,0xFF,0xFF,0xFF,0xFF,0xFF,0xFF,0xFF,0xFF,0xFF,0xFF,0xFF,0xFF,0xFF,0xDE,0x94,0x21,0x0,0x0,0x0,0x0,0x0,0x0,0x0,0x0,0x0,0x21,0xFF,0xFF,0xDE,0x21,0x6B,0xB5,0x21,0x4A,0x21,0x0,0x0,0x0,0x0,0x0,0x0,0x0,0x0,0x0,
        0x0,0x0,0x0,0x0,0x0,0x0,0xFF,0xFF,0xFF,0xFF,0xFF,0xFF,0xFF,0xFF,0xFF,0xFF,0xFF,0xFF,0xFF,0xFF,0xFF,0xFF,0xFF,0xFF,0xFF,0xFF,0xFF,0xFF,0xDE,0x94,0x0,0x0,0x0,0x0,0x0,0x0,0x0,0x0,0x21,0x4A,0x0,0x0,0x0,0x0,0x0,0x0,0x0,0x0,0x0,0x0,0x0,0x0,0x0,0x0,0x0,0x0,
        0x0,0x0,0x0,0x0,0x0,0x0,0x94,0xFF,0xFF,0xFF,0xFF,0xFF,0xFF,0xFF,0xFF,0xFF,0xFF,0xFF,0xFF,0xFF,0xFF,0xFF,0xFF,0xFF,0xFF,0xFF,0xFF,0xFF,0xFF,0xFF,0x21,0x0,0x0,0x0,0x0,0x0,0x0,0x0,0x0,0x0,0x0,0x0,0x0,0x0,0x0,0x0,0x0,0x0,0x0,0x0,0x0,0x0,0x0,0x0,0x0,0x0,
        0x0,0x0,0xB5,0x0,0x0,0x0,0x94,0xFF,0xFF,0xFF,0xFF,0xFF,0xFF,0xFF,0xFF,0xFF,0xFF,0xFF,0xFF,0xFF,0xFF,0xFF,0x6B,0xB5,0xFF,0xFF,0xDE,0xFF,0xFF,0xFF,0xFF,0x6B,0x0,0x0,0x0,0x0,0x21,0xFF,0x94,0x0,0x0,0x0,0x0,0x0,0x0,0x0,0x0,0x0,0x0,0x0,0x0,0x0,0x0,0x0,0x0,0x0,
        0x0,0x21,0xFF,0x6B,0x0,0x0,0x6B,0xFF,0xFF,0xFF,0xFF,0xFF,0xFF,0xFF,0xFF,0xFF,0xFF,0xFF,0xFF,0xDE,0x94,0x0,0x0,0x4A,0x0,0x4A,0x0,0x0,0x4A,0xFF,0xFF,0xDE,0x6B,0x21,0x0,0x4A,0x94,0xFF,0xDE,0x21,0x0,0x0,0x0,0x0,0x0,0x0,0x0,0x0,0x0,0x0,0x0,0x0,0x0,0x0,0x0,0x0,
        0x0,0x0,0x94,0xDE,0x0,0x0,0x21,0xFF,0xFF,0xFF,0xFF,0xFF,0xFF,0xFF,0xFF,0xFF,0xFF,0xFF,0x94,0x21,0x0,0x6B,0xB5,0xFF,0xFF,0x94,0x4A,0x0,0x21,0xFF,0xFF,0xFF,0xFF,0xFF,0xDE,0xFF,0xFF,0xFF,0xFF,0x94,0x0,0x0,0x0,0x0,0x0,0x0,0x0,0x0,0x0,0x0,0x0,0x0,0x0,0x0,0x0,0x0,
        0x0,0x0,0x4A,0xFF,0x4A,0x0,0x0,0x6B,0xFF,0xFF,0xFF,0xFF,0xFF,0xFF,0xFF,0xFF,0xFF,0xFF,0x0,0x0,0x0,0xDE,0xFF,0xFF,0xFF,0xFF,0xFF,0x6B,0x6B,0xFF,0xFF,0xFF,0xFF,0xFF,0xFF,0xFF,0xFF,0xFF,0xFF,0xDE,0xFF,0x94,0x0,0x0,0x0,0x0,0x0,0x0,0x0,0x0,0x0,0x0,0x0,0x0,0x0,0x0,
        0x0,0x0,0x0,0xB5,0xFF,0xB5,0x0,0x0,0xDE,0xFF,0xFF,0xFF,0xFF,0xFF,0xFF,0xFF,0xFF,0xB5,0x0,0x0,0x0,0x4A,0xFF,0xFF,0xFF,0xFF,0xFF,0x21,0xDE,0xFF,0xFF,0xFF,0xFF,0xFF,0xFF,0xFF,0xFF,0xB5,0x4A,0x0,0x21,0x6B,0x21,0x0,0x0,0x0,0x0,0x0,0x0,0x0,0x0,0x0,0x0,0x0,0x0,0x0,
        0x0,0x0,0x0,0x21,0xFF,0xFF,0x4A,0x0,0xFF,0xFF,0xFF,0xFF,0xFF,0x4A,0xDE,0xFF,0xFF,0xFF,0x4A,0x0,0x0,0x21,0xB5,0xFF,0xFF,0xFF,0xB5,0x21,0xFF,0xFF,0xFF,0xFF,0xFF,0xFF,0xFF,0xB5,0xFF,0xDE,0x21,0x0,0x0,0x21,0xDE,0x94,0x0,0x0,0x0,0x0,0x0,0x0,0x0,0x0,0x0,0x0,0x0,0x0,
        0x0,0x0,0x0,0x0,0x94,0xFF,0xFF,0xFF,0xFF,0xFF,0xFF,0xFF,0xFF,0xFF,0x21,0x94,0xDE,0xFF,0x94,0x21,0x0,0x0,0x0,0x0,0x4A,0x4A,0x6B,0xDE,0xFF,0xFF,0xFF,0xFF,0xFF,0xFF,0xFF,0x4A,0x0,0x4A,0x0,0x0,0x0,0x0,0x0,0x0,0x0,0x0,0x0,0x0,0x0,0x0,0x0,0x0,0x0,0x0,0x0,0x0,
        0x0,0x0,0x0,0x0,0x21,0x6B,0xDE,0xFF,0xFF,0xFF,0xFF,0xFF,0xFF,0xFF,0x6B,0x0,0x4A,0xFF,0xFF,0xFF,0xFF,0x94,0x4A,0xFF,0xB5,0x4A,0xDE,0xFF,0xFF,0xFF,0xFF,0xB5,0xDE,0x94,0x6B,0xB5,0xFF,0xB5,0x4A,0x0,0x0,0x0,0x0,0x0,0x0,0x0,0x0,0x0,0x0,0x0,0x0,0x0,0x0,0x0,0x0,0x0,
        0x0,0x0,0x0,0x0,0x0,0x0,0x0,0xFF,0xFF,0xFF,0xFF,0xFF,0xFF,0xFF,0xDE,0x6B,0x0,0x21,0x94,0x6B,0x21,0x6B,0xDE,0xFF,0xDE,0xB5,0xFF,0x4A,0xB5,0xFF,0xFF,0x94,0x21,0x0,0x0,0x0,0x0,0x6B,0xB5,0xFF,0x4A,0x0,0x0,0x0,0x0,0x0,0x0,0x0,0x0,0x0,0x0,0x0,0x0,0x0,0x0,0x0,
        0x0,0x0,0x0,0x0,0x0,0x0,0x0,0x21,0xB5,0xFF,0xFF,0xFF,0xFF,0xFF,0xFF,0xFF,0xFF,0xB5,0x6B,0x0,0x0,0x0,0x0,0x21,0x21,0x0,0x0,0x0,0x0,0x0,0x4A,0x94,0xDE,0x0,0x0,0x0,0x0,0x0,0x0,0x0,0x94,0x4A,0xB5,0xB5,0x4A,0x0,0x0,0x0,0x0,0x0,0x0,0x0,0x0,0x0,0x0,0x0,
        0x0,0x0,0x0,0x0,0x0,0x0,0x0,0x0,0x4A,0xDE,0xFF,0xFF,0xFF,0xFF,0xFF,0xFF,0xFF,0xFF,0xFF,0xFF,0xB5,0x6B,0x0,0x0,0x6B,0x21,0x0,0x0,0x0,0x0,0x0,0x21,0x6B,0xB5,0x6B,0x0,0x21,0x6B,0x4A,0xDE,0xFF,0xFF,0xFF,0xFF,0xFF,0xFF,0xB5,0x6B,0x0,0x0,0x0,0x0,0x0,0x0,0x0,0x0,
        0x0,0x0,0x0,0x0,0x0,0x0,0x0,0x0,0x0,0x0,0xDE,0xFF,0xFF,0xFF,0xFF,0xFF,0xFF,0xFF,0xDE,0xFF,0xFF,0xFF,0xFF,0xDE,0xFF,0xFF,0xDE,0x94,0x21,0xDE,0x94,0xDE,0xFF,0xFF,0xFF,0xFF,0xFF,0xFF,0xFF,0xFF,0xFF,0xFF,0xDE,0x6B,0xDE,0xFF,0xFF,0xFF,0xFF,0xB5,0x6B,0x0,0x0,0x0,0x0,0x0,
        0x0,0x0,0x0,0x0,0x0,0x0,0x0,0x0,0x0,0x0,0x4A,0x94,0xFF,0xFF,0xFF,0xDE,0xFF,0x94,0x21,0x0,0x4A,0xB5,0x6B,0x4A,0x94,0xFF,0xB5,0x94,0xDE,0xFF,0xFF,0xFF,0xFF,0xFF,0xFF,0xFF,0xFF,0xFF,0xFF,0xFF,0xB5,0x4A,0x0,0x0,0x4A,0xFF,0xFF,0xFF,0xFF,0xFF,0xDE,0x0,0x0,0x0,0x0,0x0,
        0x0,0x0,0x0,0x0,0x0,0x0,0x0,0x0,0x0,0x0,0x0,0x0,0x0,0x21,0x6B,0x0,0x21,0x0,0x0,0x0,0x0,0x0,0x0,0x0,0x0,0x0,0x0,0x0,0x0,0x21,0xB5,0xFF,0xFF,0xFF,0xFF,0xFF,0xFF,0xFF,0xFF,0x4A,0x0,0x0,0xB5,0x6B,0x21,0x21,0xDE,0xFF,0xFF,0xFF,0x94,0x0,0x0,0x0,0x0,0x0,
        0x0,0x0,0x0,0x0,0x0,0x0,0x0,0x0,0x0,0x0,0x0,0x0,0x0,0x0,0x0,0x0,0x0,0x0,0x0,0x0,0x0,0x0,0x0,0x0,0x0,0x0,0x0,0x0,0x0,0x94,0xDE,0xFF,0xFF,0xFF,0xFF,0xFF,0xB5,0x6B,0x0,0x0,0x0,0x0,0x4A,0x94,0xFF,0xDE,0xFF,0xFF,0xFF,0xFF,0x21,0x0,0x0,0x0,0x0,0x0,
        0x0,0x0,0x0,0x0,0x0,0x0,0x0,0x0,0x0,0x0,0x0,0x0,0x0,0x0,0x0,0x0,0x0,0x0,0x0,0x0,0x0,0x0,0x0,0x0,0x0,0x0,0x21,0x6B,0xFF,0xFF,0xFF,0xFF,0xFF,0xFF,0xDE,0x4A,0x0,0x0,0x0,0x0,0x0,0x94,0xB5,0x6B,0x6B,0xFF,0xDE,0xDE,0xDE,0x6B,0x0,0x0,0x0,0x0,0x0,0x0,
        0x0,0x0,0x0,0x0,0x0,0x0,0x0,0x0,0x0,0x0,0x0,0x0,0x0,0x0,0x0,0x0,0x0,0x0,0x0,0x0,0x0,0x0,0x0,0x0,0x0,0x0,0x94,0x6B,0x0,0x4A,0xB5,0x94,0x4A,0x6B,0x0,0x0,0x0,0x0,0x0,0x0,0x0,0xDE,0x6B,0xB5,0x4A,0x4A,0x21,0x0,0x0,0x0,0x0,0x0,0x0,0x0,0x0,0x0,
        0x0,0x0,0x0,0x0,0x0,0x0,0x0,0x0,0x0,0x0,0x0,0x0,0x0,0x0,0x0,0x0,0x0,0x0,0x0,0x0,0x0,0x0,0x0,0x0,0x0,0x0,0x6B,0x0,0x0,0x0,0x0,0x0,0x0,0x0,0x0,0x0,0x0,0x0,0x0,0x0,0x0,0x0,0x0,0x0,0x0,0x0,0x0,0x0,0x0,0x0,0x0,0x0,0x0,0x0,0x0,0x0,
        0x0,0x0,0x0,0x0,0x0,0x0,0x0,0x0,0x0,0x0,0x0,0x0,0x0,0x0,0x0,0x0,0x0,0x0,0x0,0x0,0x0,0x0,0x0,0x0,0x0,0x0,0x0,0x0,0x0,0x0,0x0,0x0,0x0,0x0,0x0,0x0,0x0,0x0,0x0,0x0,0x0,0x0,0x0,0x0,0x0,0x0,0x0,0x0,0x0,0x0,0x0,0x0,0x0,0x0,0x0,0x0,
        0x0,0x0,0x0,0x0,0x0,0x0,0x0,0x0,0x0,0x0,0x0,0x0,0x0,0x0,0x0,0x0,0x0,0x0,0x0,0x0,0x0,0x0,0x0,0x0,0x0,0x0,0x0,0x0,0x0,0x0,0x0,0x0,0x0,0x0,0x0,0x0,0x0,0x0,0x0,0x0,0x0,0x0,0x0,0x0,0x0,0x0,0x0,0x0,0x0,0x0,0x0,0x0,0x0,0x0,0x0,0x0,
        0x0,0x0,0x0,0x0,0x0,0x0,0x0,0x0,0x0,0x0,0x0,0x0,0x0,0x0,0x0,0x0,0x0,0x0,0x0,0x0,0x0,0x0,0x0,0x0,0x0,0x0,0x0,0x0,0x0,0x0,0x0,0x0,0x0,0x0,0x0,0x0,0x0,0x0,0x0,0x0,0x0,0x0,0x0,0x0,0x0,0x0,0x0,0x0,0x0,0x0,0x0,0x0,0x0,0x0,0x0,0x0,
        0x0,0x0,0x0,0x0,0x0,0x0,0x0,0x0,0x0,0x0,0x0,0x0,0x0,0x0,0x0,0x0,0x0,0x0,0x0,0x0,0x0,0x0,0x0,0x0,0x0,0x0,0x0,0x0,0x0,0x0,0x0,0x0,0x0,0x0,0x0,0x0,0x0,0x0,0x0,0x0,0x0,0x0,0x0,0x0,0x0,0x0,0x0,0x0,0x0,0x0,0x0,0x0,0x0,0x0,0x0,0x0,
        0x0,0x0,0x0,0x0,0x0,0x0,0x0,0x0,0x0,0x0,0x0,0x0,0x0,0x0,0x0,0x0,0x0,0x0,0x0,0x0,0x0,0x0,0x0,0x0,0x0,0x0,0x0,0x0,0x0,0x0,0x0,0x0,0x0,0x0,0x0,0x0,0x0,0x0,0x0,0x0,0x0,0x0,0x0,0x0,0x0,0x0,0x0,0x0,0x0,0x0,0x0,0x0,0x0,0x0,0x0,0x0
    }
};

const gfx_sprite_t sprite_gaster_blaster_3_5 = {
    .width = 56,
    .height = 56,
    .data = {
        0x0,0x0,0x0,0x0,0x0,0x0,0x0,0x0,0x0,0x0,0x0,0x0,0x0,0x0,0x0,0x0,0x0,0x0,0x0,0x0,0x0,0x0,0x0,0x0,0x0,0x0,0x0,0x0,0x0,0x0,0x0,0x0,0x0,0x0,0x0,0x0,0x0,0x0,0x0,0x0,0x0,0x0,0x0,0x0,0x0,0x0,0x0,0x0,0x0,0x0,0x0,0x0,0x0,0x0,0x0,0x0,
        0x0,0x0,0x0,0x0,0x0,0x0,0x0,0x0,0x0,0x0,0x0,0x0,0x0,0x0,0x0,0x0,0x0,0x0,0x0,0x0,0x0,0x0,0x0,0x0,0x0,0x0,0x0,0x0,0x0,0x0,0x0,0x0,0x0,0x0,0x0,0x0,0x0,0x0,0x0,0x0,0x0,0x0,0x0,0x0,0x0,0x0,0x0,0x0,0x0,0x0,0x0,0x0,0x0,0x0,0x0,0x0,
        0x0,0x0,0x0,0x0,0x0,0x0,0x0,0x0,0x0,0x0,0x0,0x0,0x0,0x0,0x0,0x0,0x0,0x0,0x0,0x0,0x0,0x0,0x0,0x0,0x0,0x0,0x0,0x0,0x0,0x0,0x0,0x0,0x0,0x0,0x0,0x0,0x0,0x0,0x0,0x0,0x0,0x0,0x0,0x0,0x0,0x0,0x0,0x0,0x0,0x0,0x0,0x0,0x0,0x0,0x0,0x0,
        0x0,0x0,0x0,0x0,0x0,0x0,0x0,0x0,0x0,0x0,0x0,0x0,0x0,0x0,0x0,0x0,0x0,0x0,0x0,0x0,0x0,0x0,0x0,0x0,0x0,0x0,0x0,0x0,0x0,0x0,0x0,0x0,0x0,0x0,0x0,0x0,0x0,0x0,0x0,0x0,0x0,0x0,0x0,0x0,0x0,0x0,0x0,0x0,0x0,0x0,0x0,0x0,0x0,0x0,0x0,0x0,
        0x0,0x0,0x0,0x0,0x0,0x0,0x0,0x0,0x0,0x0,0x0,0x0,0x0,0x0,0x0,0x0,0x0,0x0,0x0,0x0,0x0,0x0,0x0,0x0,0x0,0x0,0x0,0x0,0x0,0x0,0x0,0x0,0x0,0x0,0x0,0x0,0x0,0x0,0x0,0x0,0x0,0x0,0x0,0x0,0x0,0x0,0x0,0x0,0x0,0x0,0x0,0x0,0x0,0x0,0x0,0x0,
        0x0,0x0,0x0,0x0,0x0,0x0,0x0,0x0,0x0,0x0,0x0,0x0,0x0,0x0,0x0,0x0,0x0,0x0,0x0,0x0,0x0,0x0,0x0,0x0,0x0,0x0,0x0,0x0,0x0,0x0,0x0,0x0,0x0,0x0,0x0,0x0,0x0,0x0,0x0,0x0,0x0,0x0,0x0,0x0,0x0,0x0,0x0,0x0,0x0,0x0,0x0,0x0,0x0,0x0,0x0,0x0,
        0x0,0x0,0x0,0x0,0x0,0x0,0x0,0x0,0x0,0x0,0x0,0x0,0x0,0x0,0x0,0x0,0x0,0x0,0x0,0x0,0x0,0x0,0x0,0x0,0x0,0x0,0x0,0x0,0x0,0x0,0x0,0x0,0x0,0x0,0x0,0x0,0x0,0x0,0x0,0x0,0x0,0x0,0x0,0x0,0x0,0x0,0x0,0x0,0x0,0x0,0x0,0x0,0x0,0x0,0x0,0x0,
        0x0,0x0,0x0,0x0,0x0,0x0,0x0,0x0,0x0,0x0,0x0,0x0,0x0,0x0,0x0,0x0,0x0,0x0,0x0,0x0,0x0,0x0,0x0,0x0,0x0,0x0,0x0,0x0,0x0,0x0,0x0,0x0,0x0,0x0,0x0,0x0,0x0,0x0,0x0,0x0,0x0,0x0,0x0,0x0,0x0,0x0,0x0,0x0,0x0,0x0,0x0,0x0,0x0,0x0,0x0,0x0,
        0x0,0x0,0x0,0x0,0x0,0x0,0x0,0x0,0x0,0x0,0x0,0x0,0x0,0x0,0x0,0x0,0xFF,0xFF,0xFF,0xFF,0xFF,0x0,0x0,0x0,0x0,0x0,0x0,0x0,0x0,0x0,0x0,0x0,0x0,0xFF,0x0,0x0,0x0,0x0,0x0,0x0,0x0,0x0,0x0,0x0,0x0,0x0,0x0,0x0,0x0,0x0,0x0,0x0,0x0,0x0,0x0,0x0,
        0x0,0x0,0x0,0x0,0x0,0x0,0x0,0x0,0x0,0x0,0x0,0x0,0x0,0x0,0xFF,0xFF,0xFF,0xFF,0xFF,0xFF,0xFF,0xFF,0xFF,0x0,0x0,0x0,0x0,0x0,0x0,0x0,0x0,0x0,0x0,0xFF,0x0,0x0,0x0,0x0,0x0,0x0,0x0,0x0,0x0,0x0,0x0,0x0,0x0,0x0,0x0,0x0,0x0,0x0,0x0,0x0,0x0,0x0,
        0x0,0x0,0x0,0x0,0x0,0x0,0x0,0x0,0x0,0x0,0x0,0x0,0xFF,0xFF,0xFF,0xFF,0xFF,0xFF,0xFF,0xFF,0xFF,0xFF,0xFF,0xFF,0x0,0x0,0x0,0x0,0x0,0x0,0x0,0x0,0x0,0x0,0xFF,0xFF,0xFF,0xFF,0x0,0x0,0x0,0x0,0x0,0x0,0x0,0x0,0x0,0x0,0x0,0x0,0x0,0x0,0x0,0x0,0x0,0x0,
        0x0,0x0,0x0,0x0,0x0,0x0,0x0,0x0,0x0,0xFF,0xFF,0xFF,0xFF,0xFF,0xFF,0xFF,0xFF,0xFF,0xFF,0xFF,0xFF,0xFF,0xFF,0xFF,0xFF,0xFF,0xFF,0xFF,0x0,0x0,0x0,0x0,0x0,0x0,0x0,0xFF,0xFF,0xFF,0xFF,0xFF,0x0,0x0,0x0,0x0,0x0,0x0,0x0,0x0,0x0,0x0,0x0,0x0,0x0,0x0,0x0,0x0,
        0x0,0x0,0x0,0x0,0x0,0x0,0x0,0x0,0xFF,0xFF,0xFF,0xFF,0xFF,0xFF,0xFF,0xFF,0xFF,0xFF,0xFF,0xFF,0xFF,0xFF,0xFF,0xFF,0xFF,0xFF,0xFF,0xFF,0xFF,0xFF,0xFF,0xFF,0x0,0x0,0x0,0x0,0xFF,0xFF,0xFF,0xFF,0xFF,0x0,0x0,0x0,0x0,0x0,0x0,0x0,0x0,0x0,0x0,0x0,0x0,0x0,0x0,0x0,
        0x0,0x0,0x0,0x0,0x0,0x0,0x0,0xFF,0xFF,0xFF,0x0,0x0,0xFF,0xFF,0xFF,0xFF,0xFF,0xFF,0xFF,0x0,0x0,0x0,0x0,0x0,0x0,0x0,0x0,0x0,0x0,0xFF,0xFF,0xFF,0xFF,0xFF,0xFF,0xFF,0xFF,0xFF,0xFF,0xFF,0xFF,0xFF,0x0,0x0,0x0,0x0,0x0,0xFF,0x0,0x0,0x0,0x0,0x0,0x0,0x0,0x0,
        0x0,0x0,0x0,0x0,0x0,0x0,0xFF,0xFF,0x0,0x0,0x0,0x0,0xFF,0xFF,0xFF,0xFF,0xFF,0xFF,0x0,0x0,0x0,0xFF,0xFF,0xFF,0x0,0x0,0x0,0x0,0x0,0x0,0x0,0x0,0x0,0x0,0xFF,0xFF,0xFF,0xFF,0xFF,0xFF,0xFF,0xFF,0xFF,0x0,0x0,0x0,0x0,0xFF,0xFF,0xFF,0x0,0x0,0x0,0x0,0x0,0x0,
        0x0,0x0,0x0,0x0,0x0,0xFF,0xFF,0x0,0x0,0x0,0x0,0xFF,0xFF,0xFF,0xFF,0xFF,0xFF,0x0,0xFF,0xFF,0xFF,0xFF,0xFF,0xFF,0xFF,0xFF,0xFF,0xFF,0xFF,0x0,0x0,0x0,0x0,0x0,0x0,0x0,0xFF,0xFF,0xFF,0xFF,0xFF,0xFF,0xFF,0xFF,0x0,0x0,0x0,0x0,0x0,0x0,0xFF,0xFF,0x0,0x0,0x0,0x0,
        0x0,0x0,0x0,0x0,0x0,0xFF,0x0,0x0,0x0,0x0,0xFF,0xFF,0xFF,0xFF,0xFF,0xFF,0xFF,0xFF,0xFF,0xFF,0xFF,0xFF,0x0,0x0,0x0,0x0,0x0,0xFF,0xFF,0xFF,0xFF,0x0,0x0,0x0,0x0,0x0,0x0,0xFF,0xFF,0xFF,0xFF,0xFF,0xFF,0xFF,0xFF,0x0,0x0,0xFF,0xFF,0xFF,0xFF,0xFF,0xFF,0xFF,0x0,0x0,
        0x0,0x0,0x0,0x0,0x0,0x0,0x0,0x0,0x0,0xFF,0xFF,0xFF,0xFF,0xFF,0xFF,0xFF,0xFF,0xFF,0xFF,0xFF,0xFF,0x0,0x0,0x0,0x0,0x0,0x0,0x0,0x0,0x0,0xFF,0xFF,0xFF,0xFF,0xFF,0xFF,0xFF,0x0,0x0,0x0,0x0,0xFF,0xFF,0xFF,0xFF,0xFF,0x0,0x0,0x0,0x0,0x0,0xFF,0xFF,0xFF,0xFF,0x0,
        0x0,0x0,0x0,0x0,0x0,0x0,0x0,0x0,0x0,0xFF,0xFF,0xFF,0xFF,0xFF,0xFF,0xFF,0xFF,0xFF,0xFF,0xFF,0xFF,0x0,0x0,0x0,0x0,0xFF,0xFF,0xFF,0xFF,0x0,0xFF,0xFF,0xFF,0xFF,0xFF,0x0,0x0,0x0,0x0,0x0,0x0,0x0,0x0,0xFF,0xFF,0xFF,0xFF,0x0,0x0,0xFF,0xFF,0xFF,0xFF,0xFF,0xFF,0x0,
        0x0,0x0,0x0,0x0,0x0,0x0,0x0,0x0,0xFF,0xFF,0xFF,0xFF,0xFF,0xFF,0xFF,0xFF,0xFF,0xFF,0xFF,0xFF,0xFF,0x0,0x0,0x0,0xFF,0xFF,0xFF,0xFF,0xFF,0xFF,0x0,0xFF,0xFF,0xFF,0xFF,0xFF,0xFF,0x0,0x0,0x0,0x0,0x0,0x0,0x0,0xFF,0xFF,0xFF,0xFF,0xFF,0xFF,0xFF,0xFF,0xFF,0xFF,0xFF,0x0,
        0x0,0x0,0x0,0x0,0x0,0x0,0x0,0x0,0xFF,0xFF,0xFF,0xFF,0xFF,0xFF,0xFF,0xFF,0xFF,0xFF,0xFF,0xFF,0xFF,0xFF,0x0,0x0,0xFF,0xFF,0xFF,0xFF,0xFF,0xFF,0x0,0xFF,0xFF,0xFF,0xFF,0xFF,0xFF,0xFF,0xFF,0xFF,0xFF,0xFF,0xFF,0xFF,0x0,0x0,0xFF,0xFF,0xFF,0xFF,0xFF,0xFF,0xFF,0xFF,0xFF,0x0,
        0x0,0x0,0x0,0x0,0x0,0x0,0x0,0xFF,0xFF,0xFF,0xFF,0xFF,0xFF,0xFF,0xFF,0xFF,0xFF,0xFF,0xFF,0xFF,0xFF,0xFF,0xFF,0x0,0x0,0xFF,0xFF,0xFF,0xFF,0xFF,0x0,0xFF,0xFF,0xFF,0xFF,0xFF,0xFF,0xFF,0x0,0x0,0x0,0x0,0x0,0x0,0x0,0x0,0x0,0x0,0x0,0x0,0x0,0x0,0x0,0x0,0x0,0x0,
        0x0,0x0,0x0,0x0,0x0,0x0,0x0,0xFF,0xFF,0xFF,0xFF,0xFF,0xFF,0xFF,0xFF,0xFF,0xFF,0xFF,0xFF,0xFF,0xFF,0xFF,0xFF,0xFF,0x0,0x0,0x0,0x0,0x0,0x0,0x0,0xFF,0xFF,0xFF,0xFF,0xFF,0xFF,0xFF,0xFF,0xFF,0xFF,0x0,0x0,0x0,0x0,0x0,0x0,0x0,0x0,0x0,0x0,0x0,0x0,0x0,0x0,0x0,
        0x0,0x0,0x0,0x0,0x0,0x0,0xFF,0xFF,0xFF,0xFF,0xFF,0xFF,0xFF,0xFF,0xFF,0xFF,0xFF,0xFF,0xFF,0xFF,0xFF,0xFF,0xFF,0xFF,0xFF,0xFF,0xFF,0xFF,0x0,0x0,0x0,0xFF,0xFF,0xFF,0xFF,0xFF,0xFF,0xFF,0xFF,0xFF,0x0,0x0,0x0,0x0,0x0,0x0,0x0,0x0,0x0,0x0,0x0,0x0,0x0,0x0,0x0,0x0,
        0x0,0x0,0x0,0x0,0x0,0xFF,0xFF,0xFF,0xFF,0xFF,0xFF,0xFF,0xFF,0xFF,0xFF,0xFF,0xFF,0xFF,0xFF,0xFF,0xFF,0xFF,0xFF,0xFF,0xFF,0xFF,0xFF,0xFF,0xFF,0xFF,0xFF,0xFF,0xFF,0xFF,0xFF,0xFF,0xFF,0xFF,0xFF,0xFF,0xFF,0x0,0x0,0x0,0xFF,0xFF,0x0,0x0,0x0,0x0,0x0,0x0,0x0,0x0,0x0,0x0,
        0x0,0x0,0x0,0x0,0xFF,0xFF,0xFF,0xFF,0xFF,0xFF,0xFF,0xFF,0xFF,0xFF,0xFF,0xFF,0xFF,0xFF,0xFF,0xFF,0xFF,0xFF,0xFF,0xFF,0xFF,0xFF,0xFF,0xFF,0xFF,0xFF,0xFF,0xFF,0xFF,0x0,0x0,0x0,0x0,0xFF,0xFF,0xFF,0xFF,0xFF,0xFF,0xFF,0x0,0x0,0x0,0x0,0x0,0x0,0x0,0x0,0x0,0x0,0x0,0x0,
        0x0,0x0,0x0,0xFF,0xFF,0xFF,0xFF,0xFF,0xFF,0xFF,0xFF,0xFF,0xFF,0xFF,0xFF,0xFF,0xFF,0xFF,0xFF,0xFF,0xFF,0xFF,0xFF,0xFF,0xFF,0xFF,0xFF,0xFF,0xFF,0xFF,0xFF,0x0,0x0,0x0,0x0,0x0,0x0,0x0,0xFF,0xFF,0xFF,0x0,0x0,0x0,0x0,0x0,0x0,0x0,0x0,0x0,0x0,0x0,0x0,0x0,0x0,0x0,
        0xFF,0xFF,0xFF,0xFF,0xFF,0xFF,0xFF,0xFF,0xFF,0xFF,0xFF,0x0,0x0,0x0,0x0,0x0,0x0,0x0,0x0,0x0,0x0,0x0,0x0,0x0,0x0,0x0,0x0,0x0,0x0,0x0,0x0,0x0,0x0,0x0,0x0,0x0,0x0,0x0,0xFF,0xFF,0x0,0x0,0x0,0x0,0x0,0x0,0x0,0x0,0x0,0x0,0x0,0x0,0x0,0x0,0x0,0x0,
        0x0,0x0,0x0,0x0,0x0,0x0,0x0,0x0,0x0,0x0,0x0,0x0,0x0,0x0,0x0,0x0,0x0,0x0,0x0,0x0,0x0,0x0,0x0,0x0,0x0,0x0,0x0,0x0,0x0,0x0,0x0,0x0,0x0,0x0,0x0,0x0,0x0,0x0,0x0,0x0,0x0,0x0,0x0,0x0,0x0,0x0,0x0,0x0,0x0,0x0,0x0,0x0,0x0,0x0,0x0,0x0,
        0x0,0x0,0x0,0x0,0x0,0x0,0x0,0x0,0x0,0x0,0x0,0x0,0x0,0x0,0x0,0x0,0x0,0x0,0x0,0x0,0x0,0x0,0x0,0x0,0x0,0x0,0x0,0x0,0x0,0x0,0x0,0x0,0x0,0x0,0x0,0x0,0x0,0x0,0x0,0x0,0x0,0x0,0x0,0x0,0x0,0x0,0x0,0x0,0x0,0x0,0x0,0x0,0x0,0x0,0x0,0x0,
        0xFF,0xFF,0xFF,0xFF,0xFF,0xFF,0xFF,0xFF,0xFF,0xFF,0xFF,0x0,0x0,0x0,0x0,0x0,0x0,0x0,0x0,0x0,0x0,0x0,0x0,0x0,0x0,0x0,0x0,0x0,0x0,0x0,0x0,0x0,0x0,0x0,0x0,0x0,0x0,0x0,0xFF,0xFF,0x0,0x0,0x0,0x0,0x0,0x0,0x0,0x0,0x0,0x0,0x0,0x0,0x0,0x0,0x0,0x0,
        0x0,0x0,0x0,0xFF,0xFF,0xFF,0xFF,0xFF,0xFF,0xFF,0xFF,0xFF,0xFF,0xFF,0xFF,0xFF,0xFF,0xFF,0xFF,0xFF,0xFF,0xFF,0xFF,0xFF,0xFF,0xFF,0xFF,0xFF,0xFF,0xFF,0xFF,0x0,0x0,0x0,0x0,0x0,0x0,0x0,0xFF,0xFF,0xFF,0x0,0x0,0x0,0x0,0x0,0x0,0x0,0x0,0x0,0x0,0x0,0x0,0x0,0x0,0x0,
        0x0,0x0,0x0,0x0,0xFF,0xFF,0xFF,0xFF,0xFF,0xFF,0xFF,0xFF,0xFF,0xFF,0xFF,0xFF,0xFF,0xFF,0xFF,0xFF,0xFF,0xFF,0xFF,0xFF,0xFF,0xFF,0xFF,0xFF,0xFF,0xFF,0xFF,0xFF,0xFF,0x0,0x0,0x0,0x0,0xFF,0xFF,0xFF,0xFF,0xFF,0xFF,0xFF,0x0,0x0,0x0,0x0,0x0,0x0,0x0,0x0,0x0,0x0,0x0,0x0,
        0x0,0x0,0x0,0x0,0x0,0xFF,0xFF,0xFF,0xFF,0xFF,0xFF,0xFF,0xFF,0xFF,0xFF,0xFF,0xFF,0xFF,0xFF,0xFF,0xFF,0xFF,0xFF,0xFF,0xFF,0xFF,0xFF,0xFF,0xFF,0xFF,0xFF,0xFF,0xFF,0xFF,0xFF,0xFF,0xFF,0xFF,0xFF,0xFF,0xFF,0x0,0x0,0x0,0xFF,0xFF,0x0,0x0,0x0,0x0,0x0,0x0,0x0,0x0,0x0,0x0,
        0x0,0x0,0x0,0x0,0x0,0x0,0xFF,0xFF,0xFF,0xFF,0xFF,0xFF,0xFF,0xFF,0xFF,0xFF,0xFF,0xFF,0xFF,0xFF,0xFF,0xFF,0xFF,0xFF,0xFF,0xFF,0xFF,0xFF,0x0,0x0,0x0,0xFF,0xFF,0xFF,0xFF,0xFF,0xFF,0xFF,0xFF,0xFF,0x0,0x0,0x0,0x0,0x0,0x0,0x0,0x0,0x0,0x0,0x0,0x0,0x0,0x0,0x0,0x0,
        0x0,0x0,0x0,0x0,0x0,0x0,0x0,0xFF,0xFF,0xFF,0xFF,0xFF,0xFF,0xFF,0xFF,0xFF,0xFF,0xFF,0xFF,0xFF,0xFF,0xFF,0xFF,0xFF,0x0,0x0,0x0,0x0,0x0,0x0,0x0,0xFF,0xFF,0xFF,0xFF,0xFF,0xFF,0xFF,0xFF,0xFF,0xFF,0x0,0x0,0x0,0x0,0x0,0x0,0x0,0x0,0x0,0x0,0x0,0x0,0x0,0x0,0x0,
        0x0,0x0,0x0,0x0,0x0,0x0,0x0,0xFF,0xFF,0xFF,0xFF,0xFF,0xFF,0xFF,0xFF,0xFF,0xFF,0xFF,0xFF,0xFF,0xFF,0xFF,0xFF,0x0,0x0,0xFF,0xFF,0xFF,0xFF,0xFF,0x0,0xFF,0xFF,0xFF,0xFF,0xFF,0xFF,0xFF,0x0,0x0,0x0,0x0,0x0,0x0,0x0,0x0,0x0,0x0,0x0,0x0,0x0,0x0,0x0,0x0,0x0,0x0,
        0x0,0x0,0x0,0x0,0x0,0x0,0x0,0x0,0xFF,0xFF,0xFF,0xFF,0xFF,0xFF,0xFF,0xFF,0xFF,0xFF,0xFF,0xFF,0xFF,0xFF,0x0,0x0,0xFF,0xFF,0xFF,0xFF,0xFF,0xFF,0x0,0xFF,0xFF,0xFF,0xFF,0xFF,0xFF,0xFF,0xFF,0xFF,0xFF,0xFF,0xFF,0xFF,0x0,0x0,0xFF,0xFF,0xFF,0xFF,0xFF,0xFF,0xFF,0xFF,0xFF,0x0,
        0x0,0x0,0x0,0x0,0x0,0x0,0x0,0x0,0xFF,0xFF,0xFF,0xFF,0xFF,0xFF,0xFF,0xFF,0xFF,0xFF,0xFF,0xFF,0xFF,0x0,0x0,0x0,0xFF,0xFF,0xFF,0xFF,0xFF,0xFF,0x0,0xFF,0xFF,0xFF,0xFF,0xFF,0xFF,0x0,0x0,0x0,0x0,0x0,0x0,0x0,0xFF,0xFF,0xFF,0xFF,0xFF,0xFF,0xFF,0xFF,0xFF,0xFF,0xFF,0x0,
        0x0,0x0,0x0,0x0,0x0,0x0,0x0,0x0,0x0,0xFF,0xFF,0xFF,0xFF,0xFF,0xFF,0xFF,0xFF,0xFF,0xFF,0xFF,0xFF,0x0,0x0,0x0,0x0,0xFF,0xFF,0xFF,0xFF,0x0,0xFF,0xFF,0xFF,0xFF,0xFF,0x0,0x0,0x0,0x0,0x0,0x0,0x0,0x0,0xFF,0xFF,0xFF,0xFF,0x0,0x0,0xFF,0xFF,0xFF,0xFF,0xFF,0xFF,0x0,
        0x0,0x0,0x0,0x0,0x0,0x0,0x0,0x0,0x0,0xFF,0xFF,0xFF,0xFF,0xFF,0xFF,0xFF,0xFF,0xFF,0xFF,0xFF,0xFF,0x0,0x0,0x0,0x0,0x0,0x0,0x0,0x0,0x0,0xFF,0xFF,0xFF,0xFF,0xFF,0xFF,0xFF,0x0,0x0,0x0,0x0,0xFF,0xFF,0xFF,0xFF,0xFF,0x0,0x0,0x0,0x0,0x0,0xFF,0xFF,0xFF,0xFF,0x0,
        0x0,0x0,0x0,0x0,0x0,0xFF,0x0,0x0,0x0,0x0,0xFF,0xFF,0xFF,0xFF,0xFF,0xFF,0xFF,0xFF,0xFF,0xFF,0xFF,0xFF,0x0,0x0,0x0,0x0,0x0,0xFF,0xFF,0xFF,0xFF,0x0,0x0,0x0,0x0,0x0,0x0,0xFF,0xFF,0xFF,0xFF,0xFF,0xFF,0xFF,0xFF,0x0,0x0,0xFF,0xFF,0xFF,0xFF,0xFF,0xFF,0xFF,0x0,0x0,
        0x0,0x0,0x0,0x0,0x0,0xFF,0xFF,0x0,0x0,0x0,0x0,0xFF,0xFF,0xFF,0xFF,0xFF,0xFF,0x0,0xFF,0xFF,0xFF,0xFF,0xFF,0xFF,0xFF,0xFF,0xFF,0xFF,0xFF,0x0,0x0,0x0,0x0,0x0,0x0,0x0,0xFF,0xFF,0xFF,0xFF,0xFF,0xFF,0xFF,0xFF,0x0,0x0,0x0,0x0,0x0,0x0,0xFF,0xFF,0x0,0x0,0x0,0x0,
        0x0,0x0,0x0,0x0,0x0,0x0,0xFF,0xFF,0x0,0x0,0x0,0x0,0xFF,0xFF,0xFF,0xFF,0xFF,0xFF,0x0,0x0,0x0,0xFF,0xFF,0xFF,0x0,0x0,0x0,0x0,0x0,0x0,0x0,0x0,0x0,0x0,0xFF,0xFF,0xFF,0xFF,0xFF,0xFF,0xFF,0xFF,0xFF,0x0,0x0,0x0,0x0,0xFF,0xFF,0xFF,0x0,0x0,0x0,0x0,0x0,0x0,
        0x0,0x0,0x0,0x0,0x0,0x0,0x0,0xFF,0xFF,0xFF,0x0,0x0,0xFF,0xFF,0xFF,0xFF,0xFF,0xFF,0xFF,0x0,0x0,0x0,0x0,0x0,0x0,0x0,0x0,0x0,0x0,0xFF,0xFF,0xFF,0xFF,0xFF,0xFF,0xFF,0xFF,0xFF,0xFF,0xFF,0xFF,0xFF,0x0,0x0,0x0,0x0,0x0,0xFF,0x0,0x0,0x0,0x0,0x0,0x0,0x0,0x0,
        0x0,0x0,0x0,0x0,0x0,0x0,0x0,0x0,0xFF,0xFF,0xFF,0xFF,0xFF,0xFF,0xFF,0xFF,0xFF,0xFF,0xFF,0xFF,0xFF,0xFF,0xFF,0xFF,0xFF,0xFF,0xFF,0xFF,0xFF,0xFF,0xFF,0xFF,0x0,0x0,0x0,0x0,0xFF,0xFF,0xFF,0xFF,0xFF,0x0,0x0,0x0,0x0,0x0,0x0,0x0,0x0,0x0,0x0,0x0,0x0,0x0,0x0,0x0,
        0x0,0x0,0x0,0x0,0x0,0x0,0x0,0x0,0x0,0xFF,0xFF,0xFF,0xFF,0xFF,0xFF,0xFF,0xFF,0xFF,0xFF,0xFF,0xFF,0xFF,0xFF,0xFF,0xFF,0xFF,0xFF,0xFF,0x0,0x0,0x0,0x0,0x0,0x0,0x0,0xFF,0xFF,0xFF,0xFF,0xFF,0x0,0x0,0x0,0x0,0x0,0x0,0x0,0x0,0x0,0x0,0x0,0x0,0x0,0x0,0x0,0x0,
        0x0,0x0,0x0,0x0,0x0,0x0,0x0,0x0,0x0,0x0,0x0,0x0,0xFF,0xFF,0xFF,0xFF,0xFF,0xFF,0xFF,0xFF,0xFF,0xFF,0xFF,0xFF,0x0,0x0,0x0,0x0,0x0,0x0,0x0,0x0,0x0,0x0,0xFF,0xFF,0xFF,0xFF,0x0,0x0,0x0,0x0,0x0,0x0,0x0,0x0,0x0,0x0,0x0,0x0,0x0,0x0,0x0,0x0,0x0,0x0,
        0x0,0x0,0x0,0x0,0x0,0x0,0x0,0x0,0x0,0x0,0x0,0x0,0x0,0x0,0xFF,0xFF,0xFF,0xFF,0xFF,0xFF,0xFF,0xFF,0xFF,0x0,0x0,0x0,0x0,0x0,0x0,0x0,0x0,0x0,0x0,0xFF,0x0,0x0,0x0,0x0,0x0,0x0,0x0,0x0,0x0,0x0,0x0,0x0,0x0,0x0,0x0,0x0,0x0,0x0,0x0,0x0,0x0,0x0,
        0x0,0x0,0x0,0x0,0x0,0x0,0x0,0x0,0x0,0x0,0x0,0x0,0x0,0x0,0x0,0x0,0xFF,0xFF,0xFF,0xFF,0xFF,0x0,0x0,0x0,0x0,0x0,0x0,0x0,0x0,0x0,0x0,0x0,0x0,0xFF,0x0,0x0,0x0,0x0,0x0,0x0,0x0,0x0,0x0,0x0,0x0,0x0,0x0,0x0,0x0,0x0,0x0,0x0,0x0,0x0,0x0,0x0,
        0x0,0x0,0x0,0x0,0x0,0x0,0x0,0x0,0x0,0x0,0x0,0x0,0x0,0x0,0x0,0x0,0x0,0x0,0x0,0x0,0x0,0x0,0x0,0x0,0x0,0x0,0x0,0x0,0x0,0x0,0x0,0x0,0x0,0x0,0x0,0x0,0x0,0x0,0x0,0x0,0x0,0x0,0x0,0x0,0x0,0x0,0x0,0x0,0x0,0x0,0x0,0x0,0x0,0x0,0x0,0x0,
        0x0,0x0,0x0,0x0,0x0,0x0,0x0,0x0,0x0,0x0,0x0,0x0,0x0,0x0,0x0,0x0,0x0,0x0,0x0,0x0,0x0,0x0,0x0,0x0,0x0,0x0,0x0,0x0,0x0,0x0,0x0,0x0,0x0,0x0,0x0,0x0,0x0,0x0,0x0,0x0,0x0,0x0,0x0,0x0,0x0,0x0,0x0,0x0,0x0,0x0,0x0,0x0,0x0,0x0,0x0,0x0,
        0x0,0x0,0x0,0x0,0x0,0x0,0x0,0x0,0x0,0x0,0x0,0x0,0x0,0x0,0x0,0x0,0x0,0x0,0x0,0x0,0x0,0x0,0x0,0x0,0x0,0x0,0x0,0x0,0x0,0x0,0x0,0x0,0x0,0x0,0x0,0x0,0x0,0x0,0x0,0x0,0x0,0x0,0x0,0x0,0x0,0x0,0x0,0x0,0x0,0x0,0x0,0x0,0x0,0x0,0x0,0x0,
        0x0,0x0,0x0,0x0,0x0,0x0,0x0,0x0,0x0,0x0,0x0,0x0,0x0,0x0,0x0,0x0,0x0,0x0,0x0,0x0,0x0,0x0,0x0,0x0,0x0,0x0,0x0,0x0,0x0,0x0,0x0,0x0,0x0,0x0,0x0,0x0,0x0,0x0,0x0,0x0,0x0,0x0,0x0,0x0,0x0,0x0,0x0,0x0,0x0,0x0,0x0,0x0,0x0,0x0,0x0,0x0,
        0x0,0x0,0x0,0x0,0x0,0x0,0x0,0x0,0x0,0x0,0x0,0x0,0x0,0x0,0x0,0x0,0x0,0x0,0x0,0x0,0x0,0x0,0x0,0x0,0x0,0x0,0x0,0x0,0x0,0x0,0x0,0x0,0x0,0x0,0x0,0x0,0x0,0x0,0x0,0x0,0x0,0x0,0x0,0x0,0x0,0x0,0x0,0x0,0x0,0x0,0x0,0x0,0x0,0x0,0x0,0x0,
        0x0,0x0,0x0,0x0,0x0,0x0,0x0,0x0,0x0,0x0,0x0,0x0,0x0,0x0,0x0,0x0,0x0,0x0,0x0,0x0,0x0,0x0,0x0,0x0,0x0,0x0,0x0,0x0,0x0,0x0,0x0,0x0,0x0,0x0,0x0,0x0,0x0,0x0,0x0,0x0,0x0,0x0,0x0,0x0,0x0,0x0,0x0,0x0,0x0,0x0,0x0,0x0,0x0,0x0,0x0,0x0
    }
};

const gfx_sprite_t sprite_gaster_blaster_3_6 = {
    .width = 56,
    .height = 56,
    .data = {
        0x0,0x0,0x0,0x0,0x0,0x0,0x0,0x0,0x0,0x0,0x0,0x0,0x0,0x0,0x0,0x0,0x0,0x0,0x0,0x0,0x0,0x0,0x0,0x0,0x0,0x0,0x0,0x0,0x0,0x0,0x0,0x0,0x0,0x0,0x0,0x0,0x0,0x0,0x0,0x0,0x0,0x0,0x0,0x0,0x0,0x0,0x0,0x0,0x0,0x0,0x0,0x0,0x0,0x0,0x0,0x0,
        0x0,0x0,0x0,0x0,0x0,0x0,0x0,0x0,0x0,0x0,0x0,0x0,0x0,0x0,0x0,0x0,0x0,0x0,0x0,0x0,0x0,0x0,0x0,0x0,0x0,0x0,0x0,0x0,0x0,0x0,0x0,0x0,0x0,0x0,0x0,0x0,0x0,0x0,0x0,0x0,0x0,0x0,0x0,0x0,0x0,0x0,0x0,0x0,0x0,0x0,0x0,0x0,0x0,0x0,0x0,0x0,
        0x0,0x0,0x0,0x0,0x0,0x0,0x0,0x0,0x0,0x0,0x0,0x0,0x0,0x0,0x0,0x0,0x0,0x0,0x0,0x0,0x0,0x0,0x0,0x0,0x0,0x0,0x0,0x0,0x0,0x0,0x0,0x0,0x0,0x0,0x0,0x0,0x0,0x0,0x0,0x0,0x0,0x0,0x0,0x0,0x0,0x0,0x0,0x0,0x0,0x0,0x0,0x0,0x0,0x0,0x0,0x0,
        0x0,0x0,0x0,0x0,0x0,0x0,0x0,0x0,0x0,0x0,0x0,0x0,0x0,0x0,0x0,0x0,0x0,0x0,0x0,0x0,0x0,0x0,0x0,0x0,0x0,0x0,0x0,0x0,0x0,0x0,0x0,0x0,0x0,0x0,0x0,0x0,0x0,0x0,0x0,0x0,0x0,0x0,0x0,0x0,0x0,0x0,0x0,0x0,0x0,0x0,0x0,0x0,0x0,0x0,0x0,0x0,
        0x0,0x0,0x0,0x0,0x0,0x0,0x0,0x0,0x0,0x0,0x0,0x0,0x0,0x0,0x0,0x0,0x0,0x0,0x0,0x0,0x0,0x0,0x0,0x0,0x0,0x0,0x0,0x0,0x0,0x0,0x0,0x0,0x0,0x0,0x0,0x0,0x0,0x0,0x0,0x0,0x0,0x0,0x0,0x0,0x0,0x0,0x0,0x0,0x0,0x0,0x0,0x0,0x0,0x0,0x0,0x0,
        0x0,0x0,0x0,0x0,0x0,0x0,0x0,0x0,0x0,0x0,0x0,0x0,0x0,0x0,0x0,0x0,0x0,0x0,0x0,0x0,0x0,0x0,0x0,0x0,0x0,0x0,0x0,0x0,0x0,0x0,0x0,0x0,0x0,0x0,0x0,0x0,0x0,0x0,0x0,0x0,0x0,0x0,0x0,0x0,0x0,0x0,0x0,0x0,0x0,0x0,0x0,0x0,0x0,0x0,0x0,0x0,
        0x0,0x0,0x0,0x0,0x0,0x0,0x0,0x0,0x0,0x0,0x0,0x0,0x0,0x0,0x0,0x0,0x0,0x0,0x0,0x0,0x0,0x0,0x0,0x0,0x0,0x0,0x0,0x0,0x0,0x0,0x0,0x0,0x0,0x0,0x0,0x0,0x0,0x0,0x0,0x0,0x0,0x0,0x0,0x0,0x0,0x0,0x0,0x0,0x0,0x0,0x0,0x0,0x0,0x0,0x0,0x0,
        0x0,0x0,0x0,0x0,0x0,0x0,0x0,0x0,0x0,0x0,0x0,0x0,0x0,0x0,0x0,0x0,0x0,0x0,0x0,0x0,0x0,0x0,0x0,0x0,0x0,0x0,0x21,0x4A,0x0,0x0,0x0,0x0,0x0,0x0,0x0,0x0,0x0,0x0,0x0,0x0,0x0,0x0,0x0,0x0,0x0,0x0,0x0,0x0,0x0,0x0,0x0,0x0,0x0,0x0,0x0,0x0,
        0x0,0x0,0x0,0x0,0x0,0x0,0x0,0x0,0x0,0x0,0x0,0x0,0x0,0x0,0x0,0x0,0x0,0x0,0x0,0x0,0x0,0x0,0x0,0x0,0x0,0x0,0x4A,0xDE,0x0,0x4A,0x94,0xDE,0x21,0x94,0x0,0x0,0x0,0x0,0x0,0x0,0x0,0x94,0xB5,0x94,0x94,0x21,0x4A,0x0,0x0,0x0,0x0,0x0,0x0,0x0,0x0,0x0,
        0x0,0x0,0x0,0x0,0x0,0x0,0x0,0x0,0x0,0x0,0x0,0x0,0x0,0x0,0x0,0x0,0x0,0x0,0x0,0x0,0x0,0x0,0x0,0x0,0x0,0x0,0x0,0x4A,0xDE,0xFF,0xFF,0xFF,0xFF,0xFF,0xDE,0x94,0x21,0x0,0x0,0x0,0x0,0x21,0xB5,0x6B,0x21,0xFF,0xFF,0xDE,0xFF,0x94,0x21,0x0,0x0,0x0,0x0,0x0,
        0x0,0x0,0x0,0x0,0x0,0x0,0x0,0x0,0x0,0x0,0x0,0x0,0x0,0x0,0x0,0x0,0x0,0x0,0x0,0x0,0x0,0x0,0x0,0x0,0x0,0x0,0x0,0x0,0x0,0x6B,0xB5,0xFF,0xFF,0xFF,0xFF,0xFF,0xFF,0x94,0x0,0x0,0x0,0x0,0x21,0x94,0xDE,0xDE,0xDE,0xFF,0xFF,0xFF,0x94,0x0,0x0,0x0,0x0,0x0,
        0x0,0x0,0x0,0x0,0x0,0x0,0x0,0x0,0x0,0x0,0x0,0x0,0x0,0x21,0x94,0x0,0x0,0x0,0x0,0x0,0x0,0x0,0x0,0x0,0x0,0x0,0x21,0x0,0x0,0x21,0x94,0xFF,0xFF,0xFF,0xFF,0xFF,0xFF,0xFF,0xFF,0x6B,0x21,0x0,0x6B,0x94,0x21,0x0,0x94,0xFF,0xFF,0xFF,0xDE,0x0,0x0,0x0,0x0,0x0,
        0x0,0x0,0x0,0x0,0x0,0x0,0x0,0x0,0x0,0x0,0x21,0x94,0xDE,0xFF,0xFF,0xDE,0xFF,0xB5,0x6B,0x0,0x4A,0x94,0xB5,0x21,0x94,0xDE,0xFF,0x6B,0xDE,0xFF,0xFF,0xFF,0xFF,0xFF,0xFF,0xFF,0xFF,0xFF,0xFF,0xFF,0xDE,0x94,0x0,0x0,0x0,0xFF,0xFF,0xFF,0xFF,0xFF,0xFF,0x21,0x0,0x0,0x0,0x0,
        0x0,0x0,0x0,0x0,0x0,0x0,0x0,0x0,0x0,0x0,0x94,0xFF,0xFF,0xFF,0xFF,0xFF,0xFF,0xFF,0xFF,0xFF,0xFF,0xFF,0xFF,0xDE,0xFF,0xFF,0xFF,0x94,0x4A,0x94,0xB5,0xB5,0xFF,0xFF,0xFF,0xFF,0xDE,0xFF,0xFF,0xFF,0xFF,0xFF,0xFF,0x6B,0xB5,0xFF,0xFF,0xFF,0xFF,0xDE,0x6B,0x0,0x0,0x0,0x0,0x0,
        0x0,0x0,0x0,0x0,0x0,0x0,0x0,0x0,0x21,0xDE,0xFF,0xFF,0xFF,0xFF,0xFF,0xFF,0xFF,0xFF,0xFF,0xFF,0xDE,0x6B,0x21,0x0,0x4A,0x21,0x0,0x0,0x0,0x0,0x0,0x0,0x21,0xDE,0x6B,0x21,0x0,0x6B,0x21,0xB5,0xFF,0xFF,0xFF,0xFF,0xFF,0xFF,0xB5,0x6B,0x21,0x0,0x0,0x0,0x0,0x0,0x0,0x0,
        0x0,0x0,0x0,0x0,0x0,0x0,0x0,0x21,0x6B,0xFF,0xFF,0xFF,0xFF,0xFF,0xFF,0xFF,0xFF,0xDE,0x6B,0x21,0x0,0x0,0x0,0x0,0x4A,0x0,0x0,0x0,0x0,0x0,0x4A,0x94,0xDE,0x21,0x0,0x0,0x0,0x0,0x0,0x0,0x6B,0x4A,0x4A,0xB5,0x6B,0x0,0x0,0x0,0x0,0x0,0x0,0x0,0x0,0x0,0x0,0x0,
        0x0,0x0,0x0,0x0,0x0,0x0,0x0,0xDE,0xFF,0xFF,0xFF,0xFF,0xFF,0xFF,0xFF,0x6B,0x0,0x21,0x6B,0xB5,0x0,0x6B,0xB5,0xFF,0xFF,0xB5,0xFF,0x6B,0x94,0xFF,0xFF,0xB5,0x21,0x0,0x0,0x0,0x0,0x4A,0xB5,0xFF,0x94,0x0,0x0,0x0,0x0,0x0,0x0,0x0,0x0,0x0,0x0,0x0,0x0,0x0,0x0,0x0,
        0x0,0x0,0x0,0x0,0x0,0x6B,0xB5,0xFF,0xFF,0xFF,0xFF,0xFF,0xFF,0xFF,0xB5,0x0,0x0,0xFF,0xFF,0xFF,0xFF,0x94,0x4A,0xB5,0xB5,0x6B,0x94,0xFF,0xFF,0xFF,0xFF,0xDE,0xDE,0xDE,0x6B,0xB5,0xFF,0xB5,0x4A,0x0,0x0,0x0,0x0,0x0,0x0,0x0,0x0,0x0,0x0,0x0,0x0,0x0,0x0,0x0,0x0,0x0,
        0x0,0x0,0x0,0x0,0x4A,0xFF,0xFF,0xFF,0xFF,0xFF,0xFF,0xFF,0xFF,0xFF,0x4A,0x6B,0xDE,0xFF,0xDE,0x4A,0x0,0x0,0x0,0x0,0x4A,0x6B,0x21,0xDE,0xFF,0xFF,0xFF,0xFF,0xFF,0xFF,0xFF,0x94,0x0,0x4A,0x21,0x0,0x0,0x0,0x0,0x0,0x0,0x0,0x0,0x0,0x0,0x0,0x0,0x0,0x0,0x0,0x0,0x0,
        0x0,0x0,0x0,0x0,0xFF,0xFF,0x6B,0x0,0xDE,0xFF,0xFF,0xFF,0xFF,0x94,0x94,0xFF,0xFF,0xFF,0x6B,0x0,0x0,0x0,0x94,0xFF,0xFF,0xFF,0xDE,0x21,0xDE,0xFF,0xFF,0xFF,0xFF,0xFF,0xFF,0xDE,0xFF,0xFF,0x4A,0x0,0x0,0x0,0xDE,0xDE,0x0,0x0,0x0,0x0,0x0,0x0,0x0,0x0,0x0,0x0,0x0,0x0,
        0x0,0x0,0x0,0x6B,0xFF,0xB5,0x21,0x0,0x94,0xFF,0xFF,0xFF,0xFF,0xFF,0xFF,0xFF,0xFF,0xFF,0x0,0x0,0x0,0x21,0xFF,0xFF,0xFF,0xFF,0xFF,0x6B,0x6B,0xFF,0xFF,0xFF,0xFF,0xFF,0xFF,0xFF,0xFF,0xFF,0x6B,0x0,0x0,0x6B,0x4A,0x0,0x0,0x0,0x0,0x0,0x0,0x0,0x0,0x0,0x0,0x0,0x0,0x0,
        0x0,0x0,0x21,0xDE,0xB5,0x0,0x0,0x21,0xFF,0xFF,0xFF,0xFF,0xFF,0xFF,0xFF,0xFF,0xFF,0xFF,0x4A,0x0,0x0,0x94,0xFF,0xFF,0xFF,0xFF,0xFF,0xDE,0x21,0xFF,0xFF,0xFF,0xFF,0xFF,0xFF,0xFF,0xFF,0xFF,0xFF,0xDE,0xFF,0xB5,0x21,0x0,0x0,0x0,0x0,0x0,0x0,0x0,0x0,0x0,0x0,0x0,0x0,0x0,
        0x0,0x0,0x4A,0xFF,0x0,0x0,0x0,0xB5,0xFF,0xFF,0xFF,0xFF,0xFF,0xFF,0xFF,0xFF,0xFF,0xFF,0xB5,0x4A,0x0,0x21,0x94,0xFF,0xFF,0xB5,0x4A,0x0,0x0,0xDE,0xFF,0xFF,0xFF,0xFF,0xDE,0xDE,0xFF,0xFF,0xFF,0xDE,0x0,0x0,0x0,0x0,0x0,0x0,0x0,0x0,0x0,0x0,0x0,0x0,0x0,0x0,0x0,0x0,
        0x0,0x0,0xDE,0x94,0x0,0x0,0x4A,0xFF,0xFF,0xFF,0xFF,0xFF,0xFF,0xFF,0xFF,0xFF,0xFF,0xFF,0xFF,0xFF,0xDE,0x21,0x0,0x21,0x0,0x4A,0x21,0x0,0x21,0xDE,0xFF,0xFF,0x94,0x21,0x0,0x0,0x6B,0xFF,0xFF,0x4A,0x0,0x0,0x0,0x0,0x0,0x0,0x0,0x0,0x0,0x0,0x0,0x0,0x0,0x0,0x0,0x0,
        0x0,0x0,0x6B,0x4A,0x0,0x0,0x4A,0xFF,0xFF,0xFF,0xFF,0xFF,0xFF,0xFF,0xFF,0xFF,0xFF,0xFF,0xFF,0xFF,0xFF,0xFF,0xB5,0xB5,0xFF,0xFF,0xDE,0xFF,0xFF,0xFF,0xFF,0xDE,0x0,0x0,0x0,0x0,0x0,0xDE,0xB5,0x0,0x0,0x0,0x0,0x0,0x0,0x0,0x0,0x0,0x0,0x0,0x0,0x0,0x0,0x0,0x0,0x0,
        0x0,0x0,0x0,0x0,0x0,0x0,0x4A,0xFF,0xFF,0xFF,0xFF,0xFF,0xFF,0xFF,0xFF,0xFF,0xFF,0xFF,0xFF,0xFF,0xFF,0xFF,0xFF,0xFF,0xFF,0xFF,0xFF,0xFF,0xFF,0xFF,0x4A,0x0,0x0,0x0,0x0,0x0,0x0,0x0,0x0,0x0,0x0,0x0,0x0,0x0,0x0,0x0,0x0,0x0,0x0,0x0,0x0,0x0,0x0,0x0,0x0,0x0,
        0x0,0x0,0x0,0x0,0x0,0x0,0xB5,0xFF,0xFF,0xFF,0xFF,0xFF,0xFF,0xFF,0xFF,0xFF,0xFF,0xFF,0xFF,0xFF,0xFF,0xFF,0xFF,0xFF,0xFF,0xFF,0xFF,0xFF,0xFF,0x94,0x21,0x0,0x0,0x0,0x0,0x0,0x0,0x0,0x21,0x6B,0x0,0x0,0x0,0x0,0x0,0x0,0x0,0x0,0x0,0x0,0x0,0x0,0x0,0x0,0x0,0x0,
        0x0,0x0,0x0,0x0,0x0,0x0,0x94,0xFF,0xFF,0xFF,0xFF,0xFF,0xFF,0xFF,0xFF,0xFF,0xFF,0xFF,0xFF,0xFF,0xFF,0xFF,0xFF,0xFF,0xFF,0xDE,0x94,0x4A,0x0,0x0,0x0,0x0,0x0,0x0,0x0,0x0,0x0,0x0,0xDE,0xFF,0xDE,0x4A,0x4A,0xB5,0x6B,0x4A,0x4A,0x0,0x0,0x0,0x0,0x0,0x0,0x0,0x0,0x0,
        0x0,0x0,0x0,0x0,0x0,0x0,0xFF,0xFF,0xFF,0xFF,0xFF,0xFF,0xFF,0xFF,0xFF,0xFF,0xFF,0xFF,0xFF,0xFF,0xFF,0xFF,0xDE,0x94,0x21,0x0,0x0,0x0,0x0,0x0,0x0,0x0,0x0,0x0,0x0,0x0,0x0,0x0,0x94,0xFF,0xFF,0xFF,0xB5,0x4A,0x21,0xB5,0x6B,0x0,0x0,0x0,0x0,0x0,0x0,0x0,0x0,0x4A,
        0x0,0x0,0x0,0x0,0x0,0x0,0xDE,0xFF,0xFF,0xFF,0xFF,0xFF,0xFF,0xFF,0xFF,0xFF,0xFF,0xFF,0xFF,0xDE,0x94,0x21,0x0,0x0,0x0,0x0,0x0,0x0,0x0,0x0,0x0,0x0,0x0,0x0,0x0,0x0,0x0,0x21,0xFF,0xFF,0xFF,0xFF,0x0,0x0,0x0,0x0,0x0,0x0,0x0,0x0,0x0,0x0,0x4A,0xB5,0xFF,0xFF,
        0x0,0x0,0x0,0x0,0x0,0x6B,0xFF,0xFF,0xFF,0xFF,0xFF,0xFF,0xFF,0xFF,0xFF,0xFF,0xDE,0x6B,0x21,0x0,0x0,0x0,0x0,0x0,0x0,0x0,0x0,0x0,0x0,0x21,0x94,0xB5,0x21,0x6B,0x0,0x0,0x4A,0xB5,0xFF,0xFF,0xFF,0x4A,0x0,0x0,0x0,0x0,0x0,0x0,0x0,0x6B,0xB5,0xFF,0xFF,0xFF,0xFF,0xFF,
        0x0,0x0,0x0,0x0,0x0,0xDE,0xFF,0xFF,0xFF,0xFF,0xFF,0xFF,0xFF,0xDE,0x6B,0x21,0x0,0x0,0x0,0x0,0x0,0x0,0x0,0x0,0x0,0x0,0x21,0x94,0xDE,0xFF,0xFF,0xFF,0xFF,0xFF,0xDE,0xFF,0xFF,0xFF,0xFF,0xFF,0xFF,0xFF,0x6B,0x0,0x0,0x0,0x0,0x0,0xFF,0xFF,0xFF,0xFF,0xFF,0xFF,0xFF,0xFF,
        0x0,0x0,0x0,0x0,0x4A,0xFF,0xFF,0xFF,0xFF,0xFF,0xFF,0xB5,0x21,0x0,0x0,0x0,0x0,0x0,0x0,0x0,0x0,0x0,0x0,0x4A,0x94,0xDE,0xFF,0xFF,0xFF,0xFF,0xFF,0xFF,0xFF,0xFF,0xFF,0xFF,0xFF,0xFF,0xFF,0xFF,0x6B,0x21,0x21,0x6B,0xB5,0xFF,0x6B,0xB5,0xFF,0xDE,0x6B,0xB5,0xDE,0xDE,0xFF,0xFF,
        0x0,0x0,0x0,0x0,0xDE,0xFF,0xFF,0xFF,0xFF,0xFF,0xDE,0x4A,0x0,0x0,0x0,0x0,0x0,0x0,0x0,0x0,0x4A,0x94,0xFF,0xFF,0xFF,0xFF,0xFF,0xFF,0xFF,0xFF,0x94,0x4A,0x4A,0xFF,0xFF,0xFF,0xFF,0xFF,0xFF,0xFF,0x94,0xDE,0xFF,0x94,0x4A,0x0,0xB5,0xFF,0xFF,0x6B,0x0,0x0,0x21,0x94,0xFF,0xFF,
        0x0,0x0,0x0,0x4A,0xFF,0xFF,0xFF,0xDE,0x6B,0x21,0x0,0x0,0x0,0x0,0x0,0x0,0x0,0x4A,0x94,0xFF,0xFF,0xFF,0xFF,0xFF,0xFF,0xFF,0xFF,0xFF,0xFF,0xFF,0x0,0x0,0x0,0xFF,0xFF,0xFF,0xFF,0xFF,0xFF,0xFF,0x94,0x4A,0x0,0x0,0x0,0x4A,0xFF,0xFF,0xDE,0x0,0x94,0xDE,0xDE,0xFF,0xFF,0x21,
        0x0,0x4A,0x94,0xFF,0xDE,0x6B,0x21,0x0,0x0,0x0,0x0,0x6B,0x4A,0x0,0x4A,0xB5,0xFF,0xFF,0xFF,0xFF,0xFF,0xFF,0xFF,0xFF,0xFF,0xFF,0xFF,0xB5,0x4A,0x0,0x4A,0x94,0x4A,0x94,0xFF,0xFF,0xFF,0xFF,0xFF,0xB5,0x0,0x0,0x0,0x0,0x94,0xFF,0xFF,0xFF,0x4A,0x0,0x6B,0x21,0x0,0x94,0x4A,0x0,
        0x0,0x0,0x6B,0x0,0x0,0x0,0x0,0x0,0x6B,0xB5,0xFF,0xFF,0xFF,0xFF,0xFF,0xFF,0xFF,0xFF,0xFF,0xFF,0xFF,0xFF,0xFF,0xFF,0xFF,0xFF,0x6B,0x21,0x94,0xFF,0xFF,0xFF,0xB5,0x4A,0xFF,0xFF,0xFF,0xFF,0x4A,0x0,0x0,0x0,0x0,0x21,0xFF,0xFF,0xFF,0xB5,0x0,0x0,0x21,0xB5,0xFF,0x6B,0x0,0x0,
        0x0,0x0,0x0,0x0,0x21,0x6B,0xDE,0xFF,0xFF,0xFF,0xFF,0xFF,0xFF,0xFF,0xFF,0xFF,0xFF,0xFF,0xFF,0xFF,0xFF,0xFF,0xFF,0xFF,0xFF,0xDE,0x0,0x6B,0xFF,0xFF,0xFF,0xFF,0xFF,0x0,0xFF,0xFF,0xFF,0xFF,0xB5,0xFF,0x6B,0x94,0xFF,0xFF,0xFF,0xFF,0xFF,0x6B,0x0,0x0,0x21,0xFF,0x0,0x0,0x0,0x0,
        0x0,0x0,0x6B,0xDE,0xFF,0xFF,0xFF,0xFF,0xFF,0xFF,0xFF,0xFF,0xFF,0xFF,0xFF,0xFF,0xFF,0xFF,0xFF,0xFF,0xFF,0xFF,0xFF,0xFF,0xFF,0x6B,0x0,0xFF,0xFF,0xFF,0xFF,0xFF,0x6B,0xB5,0xFF,0xFF,0xFF,0xB5,0x6B,0x0,0x6B,0xFF,0xFF,0xFF,0xFF,0xFF,0xFF,0x0,0x0,0x0,0x0,0x4A,0x0,0x0,0x0,0x0,
        0x0,0x0,0x0,0x4A,0x0,0x6B,0xDE,0xFF,0xFF,0xFF,0xFF,0xFF,0xFF,0xFF,0xFF,0xFF,0xFF,0xFF,0xFF,0xFF,0xFF,0xFF,0xFF,0xFF,0xDE,0x0,0x0,0x94,0xDE,0xFF,0xFF,0x94,0x21,0x4A,0xFF,0x4A,0x0,0x0,0x0,0x0,0xFF,0xFF,0xFF,0xFF,0xFF,0xFF,0x4A,0x0,0x0,0x0,0x0,0x0,0x0,0x0,0x0,0x0,
        0x0,0x0,0x0,0x0,0x0,0x0,0x21,0x4A,0xDE,0xFF,0xFF,0xFF,0xFF,0xFF,0xFF,0xFF,0xFF,0xFF,0xFF,0xFF,0xFF,0xFF,0xFF,0xFF,0x94,0x0,0x0,0x0,0x21,0x4A,0x0,0x4A,0xB5,0xFF,0xB5,0x0,0x0,0x0,0x6B,0xDE,0xFF,0xFF,0xFF,0xFF,0xFF,0xB5,0x0,0x0,0x0,0x0,0x0,0x0,0x0,0x0,0x0,0x0,
        0x0,0x0,0x0,0x0,0x0,0x0,0x0,0x0,0x0,0x6B,0xFF,0xFF,0xFF,0xFF,0xFF,0xFF,0xFF,0xFF,0xFF,0xFF,0xFF,0xFF,0xFF,0xFF,0xDE,0x0,0x0,0x0,0x0,0x0,0x0,0xFF,0xFF,0x4A,0x0,0x0,0x0,0x21,0xB5,0xFF,0xFF,0xFF,0xFF,0xFF,0xFF,0x4A,0x0,0x0,0x0,0x0,0x0,0x0,0x0,0x0,0x0,0x0,
        0x0,0x0,0x0,0x0,0x0,0x0,0x0,0x0,0x0,0x0,0x94,0xFF,0xFF,0xFF,0xFF,0xFF,0xFF,0xFF,0xFF,0xFF,0xFF,0xFF,0xFF,0xFF,0xFF,0x6B,0x21,0x0,0x4A,0x94,0xFF,0xDE,0x6B,0x0,0x21,0x6B,0xDE,0xFF,0x94,0x4A,0x0,0xFF,0xFF,0xFF,0xB5,0x0,0x0,0x0,0x0,0x0,0x0,0x0,0x0,0x0,0x0,0x0,
        0x0,0x0,0x0,0x0,0x0,0x0,0x0,0x0,0x0,0x0,0x0,0x21,0xFF,0xFF,0xFF,0xFF,0xFF,0xFF,0xFF,0xFF,0xFF,0xFF,0xFF,0xFF,0xFF,0xFF,0xDE,0xFF,0xFF,0x6B,0x0,0x0,0x0,0x0,0xFF,0xFF,0xFF,0x0,0x0,0x0,0xDE,0xFF,0xFF,0x6B,0x0,0x0,0x0,0x0,0x0,0x0,0x0,0x0,0x0,0x0,0x0,0x0,
        0x0,0x0,0x0,0x0,0x0,0x0,0x0,0x0,0x0,0x0,0x0,0x0,0x94,0xDE,0xFF,0xFF,0xFF,0xFF,0xFF,0xFF,0xFF,0xFF,0xDE,0xFF,0xFF,0xDE,0xFF,0xFF,0xB5,0x0,0x0,0x21,0x6B,0xDE,0xFF,0x94,0x4A,0x0,0x0,0x4A,0xFF,0xDE,0x6B,0x0,0x0,0x0,0x0,0x0,0x0,0x0,0x0,0x0,0x0,0x0,0x0,0x0,
        0x0,0x0,0x0,0x0,0x0,0x0,0x0,0x0,0x0,0x0,0x0,0x0,0x0,0x6B,0xFF,0xFF,0xFF,0xFF,0xFF,0xFF,0xFF,0xFF,0x4A,0x6B,0x0,0x0,0x6B,0x21,0x21,0x6B,0xDE,0xFF,0xFF,0xB5,0x0,0x0,0x0,0x0,0x0,0x94,0x0,0x0,0x0,0x0,0x0,0x0,0x0,0x0,0x0,0x0,0x0,0x0,0x0,0x0,0x0,0x0,
        0x0,0x0,0x0,0x0,0x0,0x0,0x0,0x0,0x0,0x0,0x0,0x0,0x0,0x0,0x4A,0xFF,0xFF,0xFF,0xFF,0xFF,0xFF,0xFF,0xFF,0xB5,0x4A,0x21,0x6B,0xDE,0xFF,0xFF,0xFF,0xFF,0xB5,0x4A,0x0,0x0,0x0,0x0,0x0,0xFF,0x21,0x0,0x0,0x0,0x0,0x0,0x0,0x0,0x0,0x0,0x0,0x0,0x0,0x0,0x0,0x0,
        0x0,0x0,0x0,0x0,0x0,0x0,0x0,0x0,0x0,0x0,0x6B,0x0,0x0,0x0,0x0,0x0,0x6B,0xDE,0xFF,0xFF,0xFF,0xFF,0xFF,0xFF,0xFF,0xFF,0xFF,0xFF,0xFF,0xFF,0x4A,0x0,0x0,0x0,0x0,0x0,0x0,0x0,0x0,0x4A,0x0,0x0,0x0,0x0,0x0,0x0,0x0,0x0,0x0,0x0,0x0,0x0,0x0,0x0,0x0,0x0,
        0x0,0x0,0x0,0x0,0x0,0x0,0x0,0x0,0x0,0x0,0xB5,0xDE,0x6B,0x21,0x0,0x0,0x0,0x4A,0xFF,0xFF,0xFF,0xFF,0xFF,0xFF,0xFF,0xFF,0xFF,0xFF,0xFF,0xB5,0x0,0x0,0x0,0x0,0x0,0x0,0x0,0x0,0x0,0x0,0x0,0x0,0x0,0x0,0x0,0x0,0x0,0x0,0x0,0x0,0x0,0x0,0x0,0x0,0x0,0x0,
        0x0,0x0,0x0,0x0,0x0,0x0,0x0,0x0,0x0,0x0,0x21,0x94,0xFF,0xDE,0xB5,0xDE,0x4A,0x94,0xFF,0xFF,0xFF,0xFF,0xFF,0xFF,0xFF,0xFF,0xFF,0xFF,0xFF,0x6B,0x0,0x0,0x0,0x0,0x0,0x0,0x0,0x0,0x0,0x0,0x0,0x0,0x0,0x0,0x0,0x0,0x0,0x0,0x0,0x0,0x0,0x0,0x0,0x0,0x0,0x0,
        0x0,0x0,0x0,0x0,0x0,0x0,0x0,0x0,0x0,0x0,0x0,0x0,0x0,0xB5,0xFF,0xFF,0xFF,0xFF,0xFF,0xFF,0xFF,0xFF,0xFF,0xFF,0xFF,0xFF,0xFF,0xDE,0x0,0x0,0x0,0x0,0x0,0x0,0x0,0x0,0x0,0x0,0x0,0x0,0x0,0x0,0x0,0x0,0x0,0x0,0x0,0x0,0x0,0x0,0x0,0x0,0x0,0x0,0x0,0x0,
        0x0,0x0,0x0,0x0,0x0,0x0,0x0,0x0,0x0,0x0,0x0,0x0,0x0,0x0,0x4A,0x94,0xDE,0x94,0x94,0xFF,0xB5,0xFF,0xFF,0xFF,0xFF,0xFF,0xB5,0x6B,0x0,0x0,0x0,0x0,0x0,0x0,0x0,0x0,0x0,0x0,0x0,0x0,0x0,0x0,0x0,0x0,0x0,0x0,0x0,0x0,0x0,0x0,0x0,0x0,0x0,0x0,0x0,0x0,
        0x0,0x0,0x0,0x0,0x0,0x0,0x0,0x0,0x0,0x0,0x0,0x0,0x0,0x0,0x0,0x0,0x0,0x0,0x0,0x0,0x0,0x4A,0x0,0x94,0x6B,0x0,0x0,0x0,0x0,0x0,0x0,0x0,0x0,0x0,0x0,0x0,0x0,0x0,0x0,0x0,0x0,0x0,0x0,0x0,0x0,0x0,0x0,0x0,0x0,0x0,0x0,0x0,0x0,0x0,0x0,0x0,
        0x0,0x0,0x0,0x0,0x0,0x0,0x0,0x0,0x0,0x0,0x0,0x0,0x0,0x0,0x0,0x0,0x0,0x0,0x0,0x0,0x0,0x0,0x0,0x0,0x0,0x0,0x0,0x0,0x0,0x0,0x0,0x0,0x0,0x0,0x0,0x0,0x0,0x0,0x0,0x0,0x0,0x0,0x0,0x0,0x0,0x0,0x0,0x0,0x0,0x0,0x0,0x0,0x0,0x0,0x0,0x0,
        0x0,0x0,0x0,0x0,0x0,0x0,0x0,0x0,0x0,0x0,0x0,0x0,0x0,0x0,0x0,0x0,0x0,0x0,0x0,0x0,0x0,0x0,0x0,0x0,0x0,0x0,0x0,0x0,0x0,0x0,0x0,0x0,0x0,0x0,0x0,0x0,0x0,0x0,0x0,0x0,0x0,0x0,0x0,0x0,0x0,0x0,0x0,0x0,0x0,0x0,0x0,0x0,0x0,0x0,0x0,0x0,
        0x0,0x0,0x0,0x0,0x0,0x0,0x0,0x0,0x0,0x0,0x0,0x0,0x0,0x0,0x0,0x0,0x0,0x0,0x0,0x0,0x0,0x0,0x0,0x0,0x0,0x0,0x0,0x0,0x0,0x0,0x0,0x0,0x0,0x0,0x0,0x0,0x0,0x0,0x0,0x0,0x0,0x0,0x0,0x0,0x0,0x0,0x0,0x0,0x0,0x0,0x0,0x0,0x0,0x0,0x0,0x0
    }
};

const gfx_sprite_t sprite_gaster_blaster_3_7 = {
    .width = 56,
    .height = 56,
    .data = {
        0x0,0x0,0x0,0x0,0x0,0x0,0x0,0x0,0x0,0x0,0x0,0x0,0x0,0x0,0x0,0x0,0x0,0x0,0x0,0x0,0x0,0x0,0x0,0x0,0x0,0x0,0x0,0x0,0x0,0x0,0x0,0x0,0x0,0x0,0x0,0x0,0x0,0x0,0x0,0x0,0x0,0x0,0x0,0x0,0x0,0x0,0x0,0x0,0x0,0x0,0x0,0x0,0x0,0x0,0x0,0x0,
        0x0,0x0,0x0,0x0,0x0,0x0,0x0,0x0,0x0,0x0,0x0,0x0,0x0,0x0,0x0,0x0,0x0,0x0,0x0,0x0,0x0,0x0,0x0,0x0,0x0,0x0,0x0,0x0,0x0,0x0,0x0,0x0,0x0,0x0,0x0,0x0,0x0,0x0,0x0,0x0,0x0,0x0,0x0,0x0,0x0,0x0,0x0,0x0,0x0,0x0,0x0,0x0,0x0,0x0,0x0,0x0,
        0x0,0x0,0x0,0x0,0x0,0x0,0x0,0x0,0x0,0x0,0x0,0x0,0x0,0x0,0x0,0x0,0x0,0x0,0x0,0x0,0x0,0x0,0x0,0x0,0x0,0x0,0x0,0x0,0x0,0x0,0x0,0x0,0x0,0x0,0x0,0x0,0x0,0x0,0x0,0x0,0x0,0x0,0x0,0x0,0x0,0x0,0x0,0x0,0x0,0x0,0x0,0x0,0x0,0x0,0x0,0x0,
        0x0,0x0,0x0,0x0,0x0,0x0,0x0,0x0,0x0,0x0,0x0,0x0,0x0,0x0,0x0,0x0,0x0,0x0,0x0,0x0,0x0,0x0,0x0,0x0,0x0,0x0,0x0,0x0,0x0,0x0,0x0,0x0,0x0,0x0,0x0,0x0,0x0,0x0,0x0,0x0,0x0,0x4A,0x0,0x0,0x0,0x0,0x0,0x0,0x0,0x0,0x0,0x0,0x0,0x0,0x0,0x0,
        0x0,0x0,0x0,0x0,0x0,0x0,0x0,0x0,0x0,0x0,0x0,0x0,0x0,0x0,0x0,0x0,0x0,0x0,0x0,0x0,0x0,0x0,0x0,0x0,0x0,0x0,0x0,0x0,0x0,0x0,0x0,0x0,0x0,0x0,0x0,0x21,0x4A,0x94,0x6B,0xFF,0xB5,0xFF,0xFF,0xDE,0x0,0x0,0x0,0x0,0x0,0x0,0x0,0x0,0x0,0x0,0x0,0x0,
        0x0,0x0,0x0,0x0,0x0,0x0,0x0,0x0,0x0,0x0,0x0,0x0,0x0,0x0,0x0,0x0,0x0,0x0,0x0,0x0,0x0,0x0,0x0,0x0,0x0,0x0,0x0,0x0,0x0,0x0,0x0,0x0,0x0,0x0,0x4A,0xFF,0xFF,0x4A,0xB5,0xFF,0xFF,0xFF,0xFF,0xFF,0x94,0x0,0x0,0x0,0x0,0x0,0x0,0x0,0x0,0x0,0x0,0x0,
        0x0,0x0,0x0,0x0,0x0,0x0,0x0,0x0,0x0,0x0,0x0,0x0,0x0,0x0,0x0,0x0,0x0,0x0,0x0,0x0,0x0,0x0,0x0,0x0,0x0,0x0,0x0,0x0,0x0,0x0,0x0,0x0,0x0,0x0,0x0,0x6B,0x0,0x6B,0xFF,0x4A,0xB5,0xFF,0xFF,0xFF,0xFF,0x4A,0x0,0x0,0x0,0x0,0x0,0x0,0x0,0x0,0x0,0x0,
        0x0,0x0,0x0,0x0,0x0,0x0,0x0,0x0,0x0,0x0,0x0,0x0,0x0,0x0,0x0,0x0,0x0,0x0,0x0,0x0,0x0,0x0,0x0,0x0,0x0,0x0,0x0,0x21,0x0,0x0,0x0,0x0,0x0,0x0,0x0,0x0,0x94,0xB5,0x0,0x6B,0xFF,0xFF,0xFF,0xFF,0x94,0x0,0x0,0x0,0x0,0x0,0x0,0x0,0x0,0x0,0x0,0x0,
        0x0,0x0,0x0,0x0,0x0,0x0,0x0,0x0,0x0,0x0,0x0,0x0,0x0,0x0,0x0,0x0,0x0,0x0,0x0,0x0,0x0,0x0,0x0,0x0,0x6B,0xB5,0xB5,0xFF,0xDE,0xB5,0x94,0x6B,0x21,0x21,0x21,0x0,0x0,0x0,0x0,0xB5,0xFF,0xFF,0xFF,0x4A,0x0,0x0,0x0,0x0,0x0,0x0,0x0,0x0,0x0,0x0,0x0,0x0,
        0x0,0x0,0x0,0x0,0x0,0x0,0x0,0x0,0x0,0x0,0x0,0x0,0x0,0x0,0x0,0x0,0x0,0x0,0x0,0x0,0xB5,0x6B,0x0,0xB5,0xFF,0xFF,0xFF,0xFF,0xFF,0xFF,0xFF,0xFF,0xFF,0xFF,0xFF,0xDE,0x94,0x94,0x94,0xFF,0xFF,0xB5,0x21,0x0,0x0,0x0,0x0,0x0,0x0,0x0,0x0,0x0,0x0,0x0,0x0,0x0,
        0x0,0x0,0x0,0x0,0x0,0x0,0x0,0x0,0x0,0x0,0x0,0x0,0x0,0x0,0x0,0x0,0x0,0x0,0x0,0x0,0x0,0x94,0xB5,0xDE,0xFF,0xFF,0xFF,0xFF,0xFF,0xFF,0xFF,0xFF,0xFF,0xFF,0xFF,0xFF,0xFF,0xFF,0xFF,0xFF,0x94,0x0,0x0,0x0,0x0,0x0,0x0,0x0,0x0,0x0,0x0,0x0,0x0,0x0,0x0,0x0,
        0x0,0x0,0x0,0x0,0x0,0x0,0x0,0x0,0x0,0x0,0x0,0x0,0x0,0x0,0x0,0x0,0x0,0x0,0x0,0x0,0x0,0x0,0x0,0x0,0x0,0xDE,0xFF,0xFF,0xFF,0xFF,0xFF,0xFF,0xFF,0xDE,0xFF,0xDE,0xFF,0x94,0xDE,0x4A,0x0,0x0,0x0,0x0,0x0,0x0,0x0,0x0,0x0,0x0,0x0,0x0,0x0,0x0,0x0,0x0,
        0x0,0x0,0x0,0x0,0x0,0x0,0x0,0x0,0x0,0x0,0x0,0x0,0x0,0x0,0x0,0x0,0x0,0x0,0x0,0x0,0x0,0x0,0x0,0x0,0xB5,0xFF,0xFF,0xFF,0xFF,0xFF,0xDE,0x21,0x6B,0x0,0x0,0x21,0x4A,0x0,0x0,0x0,0x0,0x0,0x0,0x0,0x0,0x0,0x0,0x0,0x0,0x0,0x0,0x0,0x0,0x0,0x0,0x0,
        0x0,0x0,0x0,0x0,0x0,0x0,0x0,0x0,0x0,0x0,0x0,0x0,0x0,0x0,0x0,0x0,0x0,0x0,0x0,0x0,0x21,0xB5,0x4A,0xFF,0xDE,0xFF,0x6B,0xB5,0xDE,0x94,0x0,0x0,0x0,0x0,0x6B,0xFF,0x4A,0x0,0x0,0x0,0x0,0x0,0x0,0x0,0x0,0x0,0x0,0x0,0x0,0x0,0x0,0x0,0x0,0x0,0x0,0x0,
        0x0,0x0,0x0,0x0,0x0,0x0,0x0,0x0,0x0,0x0,0x0,0x0,0x0,0x0,0x0,0x0,0x0,0x21,0x0,0x6B,0xFF,0xFF,0xDE,0x4A,0x0,0x0,0x0,0x0,0x94,0x0,0x0,0x0,0x0,0x94,0xDE,0x21,0x0,0x0,0x0,0x0,0x0,0x0,0x0,0x0,0x0,0x0,0x0,0x0,0x0,0x0,0x0,0x0,0x0,0x0,0x0,0x0,
        0x0,0x0,0x0,0x0,0x0,0x0,0x0,0x0,0x0,0x0,0x0,0x0,0x0,0x0,0x0,0x0,0x6B,0xFF,0xDE,0xDE,0xFF,0xB5,0x0,0x0,0x0,0x0,0x4A,0xFF,0x94,0x0,0x0,0x21,0xDE,0x94,0x0,0x0,0x0,0x0,0x4A,0xFF,0x4A,0x0,0x0,0x0,0x0,0x0,0x0,0x0,0x0,0x0,0x0,0x0,0x0,0x0,0x0,0x0,
        0x0,0x0,0x0,0x0,0x0,0x0,0x0,0x0,0x0,0x0,0x4A,0x4A,0xDE,0x94,0x4A,0xB5,0xFF,0xFF,0x94,0x0,0x21,0x0,0x0,0x0,0x0,0x94,0xFF,0xDE,0x4A,0xFF,0xB5,0xFF,0x4A,0x21,0xDE,0x21,0x0,0x0,0x4A,0x4A,0x0,0x0,0x0,0x0,0x0,0x0,0x0,0x0,0x0,0x0,0x0,0x0,0x0,0x0,0x0,0x0,
        0x0,0x0,0x0,0x0,0x0,0x0,0x0,0x0,0x4A,0xFF,0xFF,0xFF,0xFF,0xFF,0xFF,0xFF,0xFF,0x4A,0x0,0x0,0x6B,0x21,0x94,0xB5,0xB5,0xFF,0xFF,0xFF,0xFF,0xFF,0xFF,0xFF,0x94,0xFF,0xDE,0x21,0x0,0x6B,0xFF,0x4A,0x0,0x0,0x0,0x0,0x0,0x0,0x0,0x0,0x0,0x0,0x0,0x0,0x0,0x0,0x0,0x0,
        0x0,0x0,0x0,0x0,0x0,0x0,0x0,0x94,0xFF,0xFF,0xFF,0xFF,0xFF,0xFF,0xFF,0xB5,0x21,0x0,0x0,0x94,0xFF,0xFF,0x94,0xDE,0xFF,0xFF,0xFF,0xFF,0xFF,0xFF,0xFF,0xFF,0xFF,0xFF,0xFF,0xFF,0xDE,0xDE,0x21,0x0,0x0,0x0,0x0,0x0,0x0,0x0,0x0,0x0,0x0,0x0,0x0,0x0,0x0,0x0,0x0,0x0,
        0x0,0x0,0x0,0x0,0x0,0x0,0x6B,0xFF,0xFF,0xFF,0xFF,0xFF,0xFF,0xFF,0x94,0x0,0x4A,0x4A,0xDE,0x94,0xDE,0x6B,0x0,0x21,0xB5,0xDE,0xFF,0xFF,0xFF,0xFF,0xFF,0xFF,0xFF,0xFF,0xFF,0xFF,0xFF,0x6B,0x0,0x0,0x0,0x0,0x0,0x0,0x0,0x0,0x0,0x0,0x0,0x0,0x0,0x0,0x0,0x0,0x0,0x0,
        0x0,0x0,0x0,0x0,0x0,0x0,0x94,0xFF,0xFF,0xFF,0xFF,0xFF,0xDE,0x4A,0x4A,0xFF,0xFF,0xFF,0x4A,0x0,0x0,0x6B,0xFF,0xB5,0x94,0x4A,0xFF,0xFF,0xFF,0xFF,0xFF,0xFF,0xFF,0xFF,0xFF,0xFF,0xFF,0x21,0x0,0x0,0x0,0x0,0x0,0x0,0x0,0x0,0x0,0x0,0x0,0x0,0x0,0x0,0x0,0x21,0xDE,0x6B,
        0x0,0x0,0x0,0x0,0x0,0x6B,0xFF,0xFF,0xFF,0xFF,0xFF,0xDE,0x0,0x0,0xDE,0xFF,0xB5,0x21,0x0,0x0,0xB5,0xFF,0xFF,0xFF,0xFF,0x4A,0x6B,0xFF,0xFF,0xFF,0xFF,0xFF,0x4A,0x0,0x21,0xDE,0xFF,0x21,0x0,0x0,0x0,0x0,0x0,0x0,0x0,0x0,0x0,0x0,0x0,0x0,0x0,0x0,0x6B,0xFF,0xFF,0xFF,
        0x0,0x0,0x0,0x0,0x0,0x94,0xFF,0xFF,0xFF,0xFF,0xFF,0xFF,0x0,0x4A,0xFF,0xFF,0x21,0x0,0x0,0x21,0xFF,0xFF,0xFF,0xFF,0xFF,0x94,0x0,0xB5,0xFF,0xFF,0xB5,0x0,0x0,0x0,0x0,0x21,0x21,0x0,0x0,0x0,0x0,0x0,0x4A,0x4A,0x94,0x94,0x0,0x0,0x0,0x0,0x0,0xB5,0xFF,0xFF,0xFF,0xFF,
        0x0,0x0,0x0,0x0,0x6B,0xFF,0xFF,0xFF,0xFF,0xFF,0xFF,0xDE,0x94,0xFF,0xFF,0xDE,0x0,0x0,0x0,0x6B,0xFF,0xFF,0xFF,0xFF,0x6B,0x0,0x0,0x6B,0xFF,0xFF,0x6B,0x0,0x0,0x0,0x0,0x0,0x0,0x21,0xDE,0x94,0x4A,0x94,0xDE,0x4A,0x94,0x0,0x0,0x0,0x0,0x4A,0xFF,0xFF,0xFF,0xFF,0xFF,0xFF,
        0x0,0x0,0x0,0x0,0xB5,0xFF,0xFF,0xFF,0xFF,0xFF,0xFF,0x94,0x94,0xFF,0xFF,0xFF,0x4A,0x0,0x0,0x0,0xDE,0xDE,0xDE,0x21,0x4A,0x0,0x94,0xFF,0xFF,0xB5,0x0,0x0,0x0,0x0,0x0,0x0,0x0,0xB5,0xFF,0xFF,0xFF,0xB5,0x0,0x0,0x0,0x0,0x0,0x0,0x94,0xFF,0xFF,0xFF,0xFF,0xDE,0xFF,0xFF,
        0x0,0x0,0x21,0xDE,0xFF,0xFF,0xFF,0xFF,0xFF,0xFF,0xFF,0xFF,0xFF,0xFF,0xFF,0xFF,0xFF,0x21,0x21,0x21,0x0,0x0,0x0,0xB5,0xFF,0xFF,0xFF,0xFF,0xFF,0x4A,0x0,0x0,0x0,0x0,0x0,0x0,0x0,0x0,0xFF,0xFF,0xFF,0x94,0x0,0x0,0x0,0x0,0x0,0x0,0xFF,0xFF,0x6B,0x4A,0x4A,0x4A,0xFF,0xB5,
        0x0,0x0,0x21,0xFF,0xDE,0x21,0x6B,0xFF,0xFF,0xFF,0xFF,0xFF,0xFF,0xFF,0xFF,0xFF,0xFF,0xFF,0xFF,0xFF,0xDE,0x94,0xDE,0xFF,0xFF,0xFF,0xFF,0xFF,0x94,0x0,0x0,0x0,0x0,0x0,0x0,0x0,0x0,0x4A,0xFF,0xFF,0xFF,0x4A,0x4A,0x0,0x0,0x4A,0x4A,0x94,0xFF,0xFF,0x0,0x0,0x6B,0xFF,0xFF,0xB5,
        0x0,0x0,0x6B,0xFF,0xDE,0x0,0x21,0xFF,0xFF,0xFF,0xFF,0xFF,0xFF,0xFF,0xFF,0xFF,0xFF,0xFF,0xFF,0xFF,0xFF,0xFF,0xFF,0xFF,0xFF,0xFF,0xFF,0x6B,0x0,0x0,0x0,0x0,0x0,0x0,0x0,0x0,0x0,0x6B,0xFF,0xFF,0xFF,0xFF,0x94,0x0,0x94,0xDE,0x4A,0xFF,0xFF,0xB5,0x0,0xB5,0xB5,0x0,0x94,0x0,
        0x0,0x0,0xB5,0xDE,0x0,0x0,0x4A,0xFF,0xFF,0xFF,0xFF,0xFF,0xFF,0xFF,0xFF,0xFF,0xFF,0xFF,0xFF,0xFF,0xFF,0xFF,0xFF,0xFF,0xFF,0xDE,0x21,0x0,0x0,0x0,0x0,0x0,0x0,0x0,0x0,0x0,0xB5,0xFF,0xFF,0xFF,0xFF,0x4A,0x21,0xDE,0x94,0x0,0x4A,0xFF,0xFF,0xB5,0x0,0x4A,0x0,0xB5,0xB5,0x0,
        0x0,0x0,0xB5,0xB5,0x0,0x0,0x94,0xFF,0xFF,0xFF,0xFF,0xFF,0xFF,0xFF,0xFF,0xFF,0xFF,0xFF,0xFF,0xFF,0xFF,0xFF,0xFF,0xFF,0x94,0x0,0x0,0x0,0x0,0x0,0x0,0x94,0x6B,0xB5,0xDE,0xFF,0xFF,0xFF,0xFF,0xFF,0xFF,0x6B,0xFF,0x4A,0x0,0x0,0x6B,0xFF,0xFF,0x94,0x0,0x0,0xDE,0xB5,0x0,0x0,
        0x0,0x0,0xDE,0x6B,0x0,0x0,0xB5,0xFF,0xFF,0xFF,0xFF,0xFF,0xFF,0xFF,0xFF,0xFF,0xFF,0xFF,0xFF,0xFF,0xFF,0xFF,0xFF,0x4A,0x0,0x0,0x0,0x0,0x0,0x21,0xDE,0xFF,0xFF,0xFF,0xFF,0xFF,0xFF,0xFF,0xFF,0xFF,0xFF,0xB5,0x21,0x0,0x0,0x4A,0xFF,0xFF,0xFF,0x21,0x0,0x0,0x21,0xB5,0x0,0x0,
        0x0,0x21,0xFF,0x4A,0x0,0x0,0x6B,0xFF,0xFF,0xFF,0xFF,0xFF,0xFF,0xFF,0xFF,0xFF,0xFF,0xFF,0xFF,0xFF,0xFF,0xB5,0x0,0x0,0x0,0x0,0x0,0x0,0x6B,0xFF,0xFF,0xFF,0xFF,0xB5,0xFF,0xFF,0xFF,0xFF,0xFF,0xFF,0xFF,0x21,0x0,0x0,0x0,0x6B,0xFF,0xFF,0xFF,0x21,0x0,0x0,0x0,0x0,0x0,0x0,
        0x0,0x0,0x94,0x4A,0x0,0x0,0x4A,0xFF,0xFF,0xFF,0xFF,0xFF,0xFF,0xFF,0xFF,0xFF,0xFF,0xFF,0xFF,0xFF,0x6B,0x0,0x0,0x0,0x0,0x0,0x0,0xB5,0xFF,0xFF,0xFF,0xFF,0x6B,0x0,0x94,0xFF,0xFF,0xFF,0xFF,0xFF,0xB5,0x0,0x0,0x0,0xB5,0xFF,0xFF,0xFF,0xFF,0x21,0x0,0x0,0x0,0x0,0x0,0x0,
        0x0,0x0,0x0,0x0,0x0,0x0,0x4A,0xFF,0xFF,0xFF,0xFF,0xFF,0xFF,0xFF,0xFF,0xFF,0xFF,0xFF,0xDE,0x21,0x0,0x0,0x0,0x0,0x0,0x4A,0xDE,0xFF,0xFF,0xFF,0xFF,0x94,0x0,0x0,0x0,0xB5,0xFF,0xFF,0xFF,0xFF,0x4A,0xB5,0x94,0xDE,0xFF,0xFF,0xFF,0xFF,0xDE,0x0,0x0,0x0,0x0,0x0,0x0,0x0,
        0x0,0x0,0x0,0x0,0x0,0x0,0x0,0xB5,0xFF,0xFF,0xFF,0xFF,0xFF,0xFF,0xFF,0xFF,0xFF,0x94,0x0,0x0,0x0,0x0,0x0,0x0,0x94,0xFF,0xFF,0xFF,0xFF,0xFF,0xFF,0x6B,0x21,0xDE,0xB5,0x21,0xFF,0xFF,0xFF,0xFF,0xFF,0x94,0x0,0xDE,0xFF,0xFF,0xFF,0xFF,0x94,0x0,0x0,0x0,0x0,0x0,0x0,0x0,
        0x0,0x0,0x0,0x0,0x0,0x0,0x0,0xFF,0xFF,0xFF,0xFF,0xFF,0xFF,0xFF,0xFF,0xFF,0x6B,0x0,0x0,0x0,0x0,0x0,0x21,0xB5,0xFF,0xFF,0xFF,0xFF,0xFF,0xB5,0x21,0x6B,0xFF,0xFF,0xFF,0x6B,0x94,0xFF,0xFF,0xDE,0x4A,0x0,0x21,0xFF,0xFF,0xFF,0xFF,0xFF,0x94,0x0,0x0,0x0,0x0,0x0,0x0,0x0,
        0x0,0x0,0x0,0x0,0x0,0x0,0x0,0x6B,0xFF,0xFF,0xFF,0xFF,0xFF,0xFF,0xDE,0x21,0x0,0x0,0x0,0x0,0x0,0x4A,0xFF,0xFF,0xFF,0xFF,0xFF,0xFF,0xDE,0x0,0x94,0xFF,0xFF,0xFF,0xFF,0x6B,0xDE,0xFF,0xB5,0x0,0x0,0x0,0xB5,0xFF,0xFF,0xFF,0xFF,0xFF,0x6B,0x0,0x0,0x0,0x0,0x0,0x0,0x0,
        0x0,0x0,0x0,0x0,0x0,0x0,0x0,0xB5,0xFF,0xFF,0xFF,0xFF,0xFF,0xB5,0x0,0x0,0x0,0x0,0x0,0x0,0x94,0xFF,0xFF,0xFF,0xFF,0xFF,0xFF,0xFF,0xDE,0x0,0xB5,0xFF,0xFF,0xFF,0xFF,0x6B,0x21,0xFF,0x21,0x0,0x0,0x21,0xFF,0xFF,0xDE,0xFF,0xFF,0x94,0x0,0x0,0x0,0x0,0x0,0x0,0x0,0x0,
        0x0,0x0,0x0,0x0,0x0,0x0,0x0,0xDE,0xFF,0xFF,0xFF,0xFF,0xFF,0xB5,0x0,0x0,0x0,0x0,0x21,0xDE,0xFF,0xFF,0xFF,0xFF,0xFF,0xFF,0xFF,0xFF,0xDE,0x0,0xB5,0xFF,0xFF,0xFF,0x6B,0x21,0xDE,0x94,0x0,0x0,0x21,0xB5,0xB5,0x0,0x94,0xFF,0xFF,0x4A,0x0,0x0,0x0,0x0,0x0,0x0,0x0,0x0,
        0x0,0x0,0x0,0x0,0x0,0x0,0x0,0xDE,0xFF,0xFF,0xFF,0xFF,0x94,0x0,0x0,0x0,0x0,0x6B,0xFF,0xFF,0xFF,0xFF,0xFF,0xFF,0xFF,0xFF,0xFF,0xFF,0x94,0x0,0x21,0x4A,0x94,0x21,0x21,0xFF,0xFF,0x21,0x0,0x4A,0xFF,0x6B,0x0,0x0,0xB5,0xFF,0x94,0x0,0x0,0x0,0x0,0x0,0x0,0x0,0x0,0x0,
        0x0,0x0,0x0,0x0,0x0,0x0,0x0,0xFF,0xFF,0xFF,0xDE,0x4A,0x0,0x0,0x6B,0x94,0xB5,0xFF,0xFF,0xFF,0xFF,0xFF,0xFF,0xFF,0xFF,0xFF,0xFF,0xFF,0x4A,0x0,0x0,0x0,0x0,0x0,0x21,0xFF,0x94,0x0,0x94,0xFF,0xFF,0x4A,0x0,0x0,0xDE,0x4A,0x0,0x0,0x0,0x0,0x0,0x0,0x0,0x0,0x0,0x0,
        0x0,0x0,0x0,0x0,0x0,0x0,0x4A,0xFF,0xFF,0xB5,0x0,0x0,0x0,0xB5,0xFF,0xFF,0xFF,0xFF,0xFF,0xFF,0xFF,0xFF,0xFF,0xFF,0xFF,0xFF,0xFF,0xFF,0xB5,0x0,0x0,0x0,0x0,0x6B,0xFF,0x4A,0x0,0x0,0xB5,0xFF,0x6B,0x0,0x0,0x21,0xB5,0x0,0x0,0x0,0x0,0x0,0x0,0x0,0x0,0x0,0x0,0x0,
        0x0,0x0,0x0,0x0,0x0,0x0,0x6B,0xFF,0x6B,0x0,0x0,0x4A,0xFF,0xFF,0xFF,0xFF,0xFF,0xFF,0xFF,0xFF,0xFF,0xFF,0xFF,0xFF,0xFF,0xFF,0xFF,0xFF,0xFF,0x6B,0x4A,0x0,0xB5,0xDE,0x21,0x0,0x0,0x94,0xDE,0x21,0x0,0x0,0x0,0x0,0xB5,0x4A,0x0,0x0,0x0,0x0,0x0,0x0,0x0,0x0,0x0,0x0,
        0x0,0x0,0x0,0x0,0x0,0x94,0xDE,0x21,0x0,0x0,0x94,0xFF,0xFF,0xFF,0xFF,0xFF,0xFF,0xFF,0xFF,0xFF,0xFF,0xFF,0xFF,0xFF,0xFF,0xFF,0xFF,0xFF,0xFF,0xFF,0xFF,0xFF,0xFF,0xB5,0x0,0x21,0xDE,0xFF,0xB5,0x0,0x0,0x0,0x0,0x0,0x0,0x0,0x0,0x0,0x0,0x0,0x0,0x0,0x0,0x0,0x0,0x0,
        0x0,0x0,0x0,0x0,0x0,0x0,0x0,0x0,0x21,0xDE,0xFF,0xFF,0xFF,0xFF,0xFF,0xFF,0xFF,0xFF,0xFF,0xFF,0xFF,0xFF,0xFF,0xFF,0xFF,0xFF,0xFF,0xFF,0xFF,0xFF,0xFF,0xFF,0xB5,0x0,0x6B,0xFF,0xFF,0xDE,0x21,0x0,0x0,0x0,0x0,0x0,0x0,0x0,0x0,0x0,0x0,0x0,0x0,0x0,0x0,0x0,0x0,0x0,
        0x0,0x0,0x0,0x0,0x0,0x0,0x0,0x6B,0xFF,0xDE,0xFF,0xFF,0xFF,0xFF,0xFF,0xFF,0xFF,0xFF,0xFF,0xFF,0xFF,0xFF,0xFF,0xFF,0xFF,0xFF,0xFF,0xDE,0xFF,0xB5,0x0,0x21,0x0,0xB5,0xFF,0xFF,0x94,0x0,0x0,0x0,0x0,0x0,0x0,0x0,0x0,0x0,0x0,0x0,0x0,0x0,0x0,0x0,0x0,0x0,0x0,0x0,
        0x0,0x0,0x0,0x0,0x0,0x0,0x0,0xDE,0x21,0x0,0x0,0x4A,0x6B,0x6B,0xB5,0xFF,0xFF,0xFF,0xFF,0xFF,0xFF,0xFF,0xFF,0xFF,0xFF,0xFF,0xFF,0x6B,0x94,0x0,0x0,0x4A,0xFF,0xFF,0xFF,0xFF,0x0,0x0,0x0,0x0,0x0,0x0,0x0,0x0,0x0,0x0,0x0,0x0,0x0,0x0,0x0,0x0,0x0,0x0,0x0,0x0,
        0x0,0x0,0x0,0x0,0x0,0x0,0x0,0x0,0x0,0x0,0x0,0x0,0x0,0x0,0x0,0x4A,0xB5,0xFF,0xFF,0xFF,0xFF,0xFF,0xFF,0xFF,0xFF,0xFF,0xFF,0xFF,0xFF,0xFF,0xDE,0xFF,0xFF,0xFF,0xFF,0xDE,0x0,0x0,0x0,0x0,0x0,0x0,0x0,0x0,0x0,0x0,0x0,0x0,0x0,0x0,0x0,0x0,0x0,0x0,0x0,0x0,
        0x0,0x0,0x0,0x0,0x0,0x0,0x0,0x0,0x0,0x0,0x0,0x0,0x0,0x0,0x0,0x0,0x0,0x4A,0xB5,0xFF,0xFF,0xFF,0xFF,0xFF,0xFF,0xFF,0xFF,0xFF,0xFF,0xFF,0xFF,0xFF,0xFF,0xFF,0xFF,0xB5,0x0,0x0,0x0,0x0,0x0,0x0,0x0,0x0,0x0,0x0,0x0,0x0,0x0,0x0,0x0,0x0,0x0,0x0,0x0,0x0,
        0x0,0x0,0x0,0x0,0x0,0x0,0x0,0x0,0x0,0x0,0x0,0x0,0x0,0x0,0x0,0x0,0x0,0x0,0x0,0x4A,0xDE,0xFF,0xFF,0xFF,0xFF,0xFF,0xFF,0xFF,0xFF,0xFF,0xFF,0xFF,0xFF,0xFF,0xB5,0x0,0x0,0x0,0x0,0x0,0x0,0x0,0x0,0x0,0x0,0x0,0x0,0x0,0x0,0x0,0x0,0x0,0x0,0x0,0x0,0x0,
        0x0,0x0,0x0,0x0,0x0,0x0,0x0,0x0,0x0,0x0,0x0,0x0,0x0,0x0,0x0,0x0,0x0,0x0,0x0,0x0,0x0,0x21,0x21,0x21,0xDE,0xFF,0xFF,0xFF,0xFF,0xFF,0xFF,0xFF,0xFF,0xFF,0xB5,0x0,0x0,0x0,0x0,0x0,0x0,0x0,0x0,0x0,0x0,0x0,0x0,0x0,0x0,0x0,0x0,0x0,0x0,0x0,0x0,0x0,
        0x0,0x0,0x0,0x0,0x0,0x0,0x0,0x0,0x0,0x0,0x0,0x0,0x0,0x0,0x0,0x0,0x0,0x0,0x0,0x0,0x0,0x0,0x0,0x0,0x6B,0xFF,0xFF,0xFF,0xFF,0xFF,0xFF,0xFF,0xFF,0x6B,0x0,0x0,0x0,0x0,0x0,0x0,0x0,0x0,0x0,0x0,0x0,0x0,0x0,0x0,0x0,0x0,0x0,0x0,0x0,0x0,0x0,0x0,
        0x0,0x0,0x0,0x0,0x0,0x0,0x0,0x0,0x0,0x0,0x0,0x0,0x0,0x0,0x0,0x0,0x0,0xFF,0xB5,0x6B,0x6B,0x4A,0xDE,0x94,0xFF,0xFF,0xFF,0xFF,0xFF,0xFF,0xB5,0xDE,0x21,0x0,0x0,0x0,0x0,0x0,0x0,0x0,0x0,0x0,0x0,0x0,0x0,0x0,0x0,0x0,0x0,0x0,0x0,0x0,0x0,0x0,0x0,0x0,
        0x0,0x0,0x0,0x0,0x0,0x0,0x0,0x0,0x0,0x0,0x0,0x0,0x0,0x0,0x0,0x0,0x0,0x6B,0xB5,0xFF,0xFF,0xFF,0xFF,0xFF,0xFF,0x94,0xB5,0x4A,0x21,0x21,0x0,0x0,0x0,0x0,0x0,0x0,0x0,0x0,0x0,0x0,0x0,0x0,0x0,0x0,0x0,0x0,0x0,0x0,0x0,0x0,0x0,0x0,0x0,0x0,0x0,0x0,
        0x0,0x0,0x0,0x0,0x0,0x0,0x0,0x0,0x0,0x0,0x0,0x0,0x0,0x0,0x0,0x0,0x0,0x0,0x0,0x0,0x21,0x21,0x6B,0x94,0x4A,0x0,0x0,0x0,0x0,0x0,0x0,0x0,0x0,0x0,0x0,0x0,0x0,0x0,0x0,0x0,0x0,0x0,0x0,0x0,0x0,0x0,0x0,0x0,0x0,0x0,0x0,0x0,0x0,0x0,0x0,0x0,
        0x0,0x0,0x0,0x0,0x0,0x0,0x0,0x0,0x0,0x0,0x0,0x0,0x0,0x0,0x0,0x0,0x0,0x0,0x0,0x0,0x0,0x0,0x0,0x0,0x0,0x0,0x0,0x0,0x0,0x0,0x0,0x0,0x0,0x0,0x0,0x0,0x0,0x0,0x0,0x0,0x0,0x0,0x0,0x0,0x0,0x0,0x0,0x0,0x0,0x0,0x0,0x0,0x0,0x0,0x0,0x0
    }
};

const gfx_sprite_t sprite_gaster_blaster_3_8 = {
    .width = 56,
    .height = 56,
    .data = {
        0x0,0x0,0x0,0x0,0x0,0x0,0x0,0x0,0x0,0x0,0x0,0x0,0x0,0x0,0x0,0x0,0x0,0x0,0x0,0x0,0x0,0x0,0x0,0x0,0x0,0x0,0x0,0x0,0x0,0x0,0x0,0x0,0x0,0x21,0x4A,0x21,0x0,0x0,0x0,0x0,0x0,0x0,0x0,0x0,0x0,0x0,0x0,0x0,0x0,0x0,0x0,0x0,0x0,0x0,0x0,0x0,
        0x0,0x0,0x0,0x0,0x0,0x0,0x0,0x0,0x0,0x0,0x0,0x0,0x0,0x0,0x0,0x0,0x0,0x0,0x0,0x0,0x0,0x0,0x0,0x0,0x0,0x0,0x0,0x0,0x0,0x0,0x0,0x21,0x4A,0xFF,0xFF,0xFF,0x6B,0x0,0x0,0x0,0x0,0x0,0x0,0x0,0x0,0x0,0x0,0x0,0x0,0x0,0x0,0x0,0x0,0x0,0x0,0x0,
        0x0,0x0,0x0,0x0,0x0,0x0,0x0,0x0,0x0,0x0,0x0,0x0,0x0,0x0,0x0,0x0,0x0,0x0,0x0,0x0,0x0,0x0,0x0,0x0,0x0,0x0,0x0,0x0,0x0,0x21,0x4A,0xFF,0xFF,0xFF,0xFF,0xFF,0xFF,0xB5,0x0,0x0,0x0,0x0,0x0,0x0,0x0,0x0,0x0,0x0,0x0,0x0,0x0,0x0,0x0,0x0,0x0,0x0,
        0x0,0x0,0x0,0x0,0x0,0x0,0x0,0x0,0x0,0x0,0x0,0x0,0x0,0x0,0x0,0x0,0x0,0x0,0x0,0x0,0x0,0x0,0x0,0x0,0x0,0x0,0x0,0x21,0x4A,0xFF,0x6B,0xFF,0xDE,0xFF,0xFF,0xFF,0xFF,0x6B,0x0,0x0,0x0,0x0,0x0,0x0,0x0,0x0,0x0,0x0,0x0,0x0,0x0,0x0,0x0,0x0,0x0,0x0,
        0x0,0x0,0x0,0x0,0x0,0x0,0x0,0x0,0x0,0x0,0x0,0x0,0x0,0x0,0x0,0x0,0x0,0x0,0x0,0x0,0x0,0x0,0x0,0x0,0x0,0x0,0x0,0xDE,0xFF,0x4A,0x94,0xB5,0x21,0xFF,0xFF,0xFF,0xB5,0x0,0x0,0x0,0x0,0x0,0x0,0x0,0x0,0x0,0x0,0x0,0x0,0x0,0x0,0x0,0x0,0x0,0x0,0x0,
        0x0,0x0,0x0,0x0,0x0,0x0,0x0,0x0,0x0,0x0,0x0,0x0,0x0,0x0,0x0,0x0,0x0,0x0,0x0,0x0,0x0,0x0,0x0,0x0,0x0,0x0,0x0,0x0,0x4A,0x4A,0xFF,0x0,0xB5,0xFF,0xFF,0xDE,0x0,0x0,0x0,0x0,0x0,0x0,0x0,0x0,0x0,0x0,0x0,0x0,0x0,0x0,0x0,0x0,0x0,0x0,0x0,0x0,
        0x0,0x0,0x0,0x0,0x0,0x0,0x0,0x0,0x0,0x0,0x0,0x0,0x0,0x0,0x0,0x0,0x0,0x0,0x0,0x0,0x0,0x0,0x0,0x0,0x0,0x0,0x0,0x0,0x0,0x4A,0x4A,0x0,0x6B,0xFF,0xFF,0x4A,0x0,0x0,0x0,0x0,0x0,0x0,0x0,0x0,0x0,0x0,0x0,0x0,0x0,0x0,0x0,0x0,0x0,0x0,0x0,0x0,
        0x0,0x0,0x0,0x0,0x0,0x0,0x0,0x0,0x0,0x0,0x0,0x0,0x0,0x0,0x0,0x0,0x0,0x0,0x0,0x0,0x0,0x0,0x0,0x0,0x0,0x0,0x0,0x0,0x0,0x21,0x21,0x4A,0xFF,0xFF,0x6B,0x0,0x0,0x0,0x0,0x0,0x0,0x0,0x0,0x0,0x0,0x0,0x0,0x0,0x0,0x0,0x0,0x0,0x0,0x0,0x0,0x0,
        0x0,0x0,0x0,0x0,0x0,0x0,0x0,0x0,0x0,0x0,0x0,0x0,0x0,0x0,0x0,0x0,0x0,0x0,0x0,0x0,0x0,0x0,0x21,0x21,0x21,0x6B,0x94,0xB5,0xDE,0xFF,0xFF,0xFF,0xFF,0xB5,0x0,0x0,0x0,0x0,0x0,0x0,0x0,0x0,0x0,0x0,0x0,0x0,0x0,0x0,0x0,0x0,0x0,0x0,0x0,0x0,0x0,0x0,
        0x0,0x0,0x0,0x0,0x0,0x0,0x0,0x0,0x0,0x0,0x0,0x0,0x0,0x0,0x0,0x0,0x0,0x0,0x0,0x0,0x4A,0xDE,0xFF,0xFF,0xFF,0xFF,0xFF,0xFF,0xFF,0xFF,0xFF,0xDE,0xB5,0x0,0x0,0x0,0x0,0x0,0x0,0x0,0x0,0x0,0x0,0x0,0x0,0x0,0x0,0x0,0x0,0x0,0x0,0x0,0x0,0x0,0x0,0x0,
        0x0,0x0,0x0,0x0,0x0,0x0,0x0,0x0,0x0,0x0,0x0,0x0,0x0,0x0,0x0,0x0,0x0,0x0,0x4A,0xDE,0xFF,0xFF,0xFF,0xFF,0xFF,0xFF,0xFF,0xFF,0xDE,0xDE,0xB5,0x21,0x0,0x0,0x0,0x0,0x0,0x0,0x0,0x0,0x0,0x0,0x0,0x0,0x0,0x0,0x0,0x0,0x0,0x0,0x0,0x0,0x0,0x0,0x0,0x0,
        0x0,0x0,0x0,0x0,0x0,0x0,0x0,0x0,0x0,0x0,0x0,0x0,0x0,0x0,0x0,0x0,0x0,0x0,0xFF,0xFF,0xFF,0xFF,0xFF,0xFF,0xFF,0xFF,0xDE,0xDE,0x0,0x0,0x94,0x4A,0x0,0x0,0x0,0x0,0x0,0x0,0x0,0x0,0x0,0x0,0x0,0x0,0x0,0x0,0x0,0x0,0x0,0x0,0x0,0x0,0x0,0x0,0x0,0x0,
        0x0,0x0,0x0,0x0,0x0,0x0,0x0,0x0,0x0,0x0,0x0,0x0,0x0,0x0,0x21,0xB5,0x0,0xB5,0xFF,0xFF,0xFF,0xFF,0xFF,0xFF,0xFF,0xDE,0x0,0x0,0x0,0x6B,0xDE,0x0,0x0,0x0,0x6B,0xB5,0x0,0x0,0x0,0x0,0x0,0x0,0x0,0x0,0x0,0x0,0x0,0x0,0x0,0x0,0x6B,0x94,0x0,0x0,0x0,0x0,
        0x0,0x0,0x0,0x0,0x0,0x0,0x0,0x0,0x0,0x0,0x0,0x0,0x0,0x0,0x0,0x6B,0x94,0x6B,0x21,0x0,0xDE,0xFF,0xFF,0xFF,0xFF,0x21,0x0,0x0,0x21,0xFF,0x21,0x0,0x0,0x0,0xB5,0x21,0x0,0x0,0x0,0x0,0x0,0x0,0x0,0x0,0x0,0x0,0x0,0x0,0x0,0x21,0xFF,0xFF,0xDE,0x21,0x0,0x0,
        0x0,0x0,0x0,0x0,0x0,0x0,0x0,0x0,0x0,0x0,0x0,0x0,0x0,0x0,0x0,0x0,0x0,0x0,0x0,0x6B,0xFF,0xFF,0xDE,0x94,0x6B,0x0,0x0,0x0,0xDE,0x6B,0x21,0x0,0x0,0x0,0x94,0x4A,0x0,0x0,0x0,0x0,0x0,0x0,0x0,0x0,0x0,0x0,0x0,0x0,0x0,0xDE,0xFF,0xFF,0xFF,0xFF,0x0,0x0,
        0x0,0x0,0x0,0x0,0x0,0x0,0x0,0x0,0x0,0x0,0x0,0x0,0x0,0x0,0x0,0x0,0x0,0x0,0x4A,0xFF,0xDE,0x4A,0x0,0x4A,0xB5,0x0,0x0,0x94,0xB5,0x21,0xFF,0x21,0x0,0x6B,0xDE,0x0,0x0,0x0,0x0,0x0,0x0,0x0,0x0,0x0,0x0,0x0,0x0,0x0,0x94,0xFF,0xFF,0xFF,0xFF,0xDE,0x0,0x0,
        0x0,0x0,0x0,0x0,0x0,0x0,0x0,0x0,0x0,0x0,0x0,0x0,0x0,0x0,0x0,0x0,0x21,0xDE,0xFF,0x4A,0x0,0x0,0x0,0xFF,0x4A,0x94,0xB5,0xFF,0x4A,0xDE,0xFF,0xB5,0xFF,0xFF,0x21,0x0,0x0,0x0,0x0,0x0,0x0,0x0,0x0,0x0,0x0,0x0,0x0,0x4A,0xFF,0xFF,0xFF,0xFF,0xFF,0xDE,0x0,0x0,
        0x0,0x0,0x0,0x0,0x0,0x0,0x0,0x0,0x0,0x0,0x0,0x0,0x0,0x0,0x0,0x0,0xDE,0xFF,0x94,0x0,0x0,0x0,0xB5,0xFF,0x94,0xFF,0xFF,0xFF,0xFF,0xFF,0xFF,0xFF,0xFF,0xFF,0x4A,0x0,0x0,0x0,0x0,0x0,0x0,0x0,0xB5,0x0,0x0,0x0,0x0,0xFF,0xFF,0xFF,0xB5,0x6B,0xFF,0x94,0x0,0x0,
        0x0,0x0,0x0,0x0,0x0,0x0,0x0,0x0,0x0,0x0,0x0,0x0,0x0,0x0,0x0,0x94,0xFF,0xDE,0x0,0x0,0x0,0x6B,0xFF,0xFF,0xFF,0xFF,0xFF,0xFF,0xFF,0xFF,0xFF,0xFF,0xFF,0xFF,0x6B,0x0,0x0,0x0,0x0,0x0,0xB5,0x94,0x94,0x0,0x0,0x0,0xB5,0xFF,0xB5,0x6B,0x0,0xB5,0xFF,0xB5,0x0,0x0,
        0x0,0x0,0x0,0x0,0x0,0x0,0x0,0x0,0x0,0x0,0x0,0x0,0x0,0x94,0xFF,0xDE,0x21,0x21,0x0,0x6B,0x94,0xFF,0xFF,0xFF,0xFF,0xFF,0xFF,0xFF,0xFF,0xFF,0xDE,0xDE,0xB5,0xFF,0x6B,0x0,0x0,0x0,0x0,0x94,0x94,0x0,0x0,0x0,0x0,0x21,0xFF,0xFF,0x0,0x0,0x94,0xB5,0x6B,0x0,0x0,0x0,
        0x0,0x0,0x0,0x0,0x0,0x0,0x0,0x0,0x0,0x0,0x0,0x0,0x4A,0xFF,0xFF,0x21,0x0,0x6B,0x94,0xFF,0xDE,0xFF,0xFF,0xFF,0xFF,0xFF,0xFF,0xFF,0xFF,0xFF,0x0,0x0,0x0,0x4A,0x0,0x0,0xB5,0xB5,0xDE,0xDE,0x0,0x0,0x0,0x0,0x0,0x0,0xDE,0xFF,0x6B,0x21,0xFF,0x0,0xB5,0x6B,0x0,0x0,
        0x0,0x0,0x0,0x0,0x0,0x0,0x0,0x0,0x0,0x4A,0x4A,0x6B,0xFF,0xFF,0x6B,0x0,0x21,0xFF,0xFF,0x6B,0x0,0x94,0x21,0xB5,0xFF,0xFF,0xFF,0xFF,0xFF,0x4A,0x0,0x0,0x0,0x0,0x0,0x6B,0xFF,0xFF,0xFF,0xFF,0x0,0x0,0x0,0x0,0xDE,0x94,0xFF,0xFF,0x94,0x0,0x21,0x6B,0xDE,0x0,0x0,0x0,
        0x0,0x0,0x0,0x0,0x0,0x0,0x0,0x21,0x4A,0xFF,0xFF,0xFF,0xFF,0xB5,0x0,0x0,0xDE,0xB5,0x94,0x21,0xDE,0xDE,0xB5,0x0,0x94,0xFF,0xFF,0xFF,0x94,0x0,0x0,0x0,0x0,0x0,0x0,0x0,0x94,0xFF,0xFF,0xFF,0x4A,0x6B,0x0,0x94,0x94,0x21,0xFF,0xFF,0x94,0x0,0x0,0x4A,0xFF,0x21,0x0,0x0,
        0x0,0x0,0x0,0x0,0x0,0x0,0x4A,0xFF,0xFF,0xFF,0xFF,0xFF,0xFF,0x0,0x21,0x94,0xB5,0x0,0x0,0xDE,0xFF,0xFF,0xFF,0xDE,0x0,0x4A,0xFF,0xFF,0xFF,0x0,0x0,0x0,0x0,0x0,0x0,0x0,0x6B,0xFF,0xFF,0xFF,0xFF,0x6B,0x6B,0xDE,0x0,0x0,0xDE,0xFF,0xDE,0x0,0x0,0x0,0x0,0x0,0x0,0x0,
        0x0,0x0,0x0,0x0,0x0,0x0,0xDE,0xFF,0xFF,0xFF,0xFF,0xFF,0x4A,0x94,0xFF,0xDE,0x0,0x0,0x94,0xFF,0xFF,0xFF,0xFF,0x6B,0x0,0x21,0xFF,0xFF,0x4A,0x0,0x0,0x0,0x0,0x0,0x0,0x0,0x0,0xFF,0xFF,0xFF,0xB5,0x21,0xFF,0x21,0x0,0x6B,0xFF,0xFF,0xFF,0x21,0x0,0x0,0x0,0x0,0x0,0x0,
        0x0,0x0,0x0,0x0,0x0,0xB5,0xFF,0xFF,0xFF,0xFF,0xFF,0x94,0x4A,0xFF,0xFF,0x4A,0x0,0x0,0x94,0xFF,0xFF,0xFF,0x94,0x0,0x0,0xDE,0xFF,0xFF,0x6B,0x0,0x0,0x0,0x0,0x0,0x0,0x0,0xB5,0xFF,0xFF,0xFF,0x94,0xDE,0x6B,0x0,0x0,0x6B,0xFF,0xFF,0xFF,0x21,0x0,0x0,0x0,0x0,0x0,0x0,
        0x0,0x0,0x0,0x0,0x21,0xFF,0xFF,0xFF,0xFF,0xFF,0xB5,0x0,0x21,0xFF,0xDE,0x0,0x0,0x0,0x94,0xFF,0xFF,0xDE,0x0,0xDE,0xFF,0xFF,0xFF,0xFF,0x21,0x0,0x0,0x0,0x0,0x0,0x0,0x6B,0xFF,0xFF,0xFF,0xFF,0xFF,0xB5,0x0,0x0,0x0,0x94,0xFF,0xFF,0xFF,0x21,0x0,0x0,0x0,0x0,0x0,0x0,
        0x0,0x0,0x0,0x0,0x0,0xDE,0xFF,0xFF,0xFF,0xFF,0xDE,0x0,0x6B,0xFF,0xFF,0x0,0x0,0x0,0x0,0x6B,0x21,0x21,0x94,0xFF,0xFF,0xFF,0xFF,0x6B,0x0,0x0,0x0,0x0,0x0,0x6B,0xB5,0xFF,0xFF,0xFF,0xFF,0xFF,0xFF,0x94,0x0,0x0,0x4A,0xFF,0xFF,0xFF,0xFF,0x94,0x0,0x0,0x0,0x0,0x0,0x0,
        0x0,0x0,0x0,0x0,0x94,0xFF,0xFF,0xFF,0xFF,0xFF,0xDE,0x21,0xFF,0xFF,0xFF,0xB5,0x0,0x0,0x0,0x21,0x4A,0x6B,0xFF,0xFF,0xFF,0xFF,0x94,0x0,0x0,0x0,0x0,0x6B,0xB5,0xFF,0xFF,0xFF,0xFF,0xFF,0xFF,0xFF,0xFF,0x6B,0x21,0x4A,0xFF,0xFF,0xFF,0xFF,0xFF,0xB5,0x0,0x0,0x0,0x0,0x0,0x0,
        0x0,0x0,0x0,0x0,0x21,0xFF,0xFF,0xFF,0xFF,0xFF,0xFF,0x4A,0xFF,0xFF,0xFF,0xFF,0xDE,0xDE,0xDE,0xFF,0xFF,0xFF,0xFF,0xFF,0xFF,0xDE,0x0,0x0,0x0,0x0,0x21,0xFF,0xFF,0xFF,0xDE,0xFF,0xFF,0xFF,0xFF,0xFF,0xFF,0x4A,0xFF,0x4A,0xDE,0xFF,0xFF,0xFF,0xFF,0xB5,0x0,0x0,0x0,0x0,0x0,0x0,
        0x0,0x0,0x0,0x0,0xDE,0xFF,0xFF,0xFF,0xFF,0xFF,0xFF,0xDE,0xFF,0xFF,0xFF,0xFF,0xFF,0xFF,0xFF,0xFF,0xFF,0xFF,0xFF,0xFF,0xFF,0x4A,0x0,0x0,0x0,0x0,0xDE,0xFF,0xFF,0xDE,0x0,0x6B,0xFF,0xFF,0xFF,0xFF,0xFF,0xFF,0x6B,0x0,0xDE,0xFF,0xFF,0xFF,0xFF,0xDE,0x0,0x0,0x0,0x0,0x0,0x0,
        0x0,0x0,0x0,0x0,0xB5,0xFF,0xFF,0xFF,0xFF,0xFF,0xFF,0xFF,0xFF,0xFF,0xFF,0xFF,0xFF,0xFF,0xFF,0xFF,0xFF,0xFF,0xFF,0xFF,0x6B,0x0,0x0,0x0,0x0,0x94,0xFF,0xFF,0xFF,0x21,0x0,0x21,0x4A,0xDE,0xFF,0xFF,0xFF,0xB5,0x0,0x0,0xB5,0xFF,0xFF,0xFF,0xFF,0x4A,0x0,0x0,0x0,0x0,0x0,0x0,
        0x0,0x0,0x0,0x21,0xFF,0xFF,0xFF,0xFF,0xFF,0xFF,0xFF,0xFF,0xFF,0xFF,0xFF,0xFF,0xFF,0xFF,0xFF,0xFF,0xFF,0xFF,0xFF,0xB5,0x0,0x0,0x0,0x0,0x4A,0xFF,0xFF,0xFF,0xFF,0x21,0x21,0xFF,0x94,0x0,0xDE,0xFF,0xFF,0x21,0x0,0x4A,0xFF,0xFF,0x6B,0xFF,0xFF,0x94,0x0,0x0,0x0,0x0,0x0,0x0,
        0x0,0x0,0x0,0xB5,0xFF,0xB5,0x0,0x94,0xFF,0xFF,0xFF,0xFF,0xFF,0xFF,0xFF,0xFF,0xFF,0xFF,0xFF,0xFF,0xFF,0xFF,0xFF,0x0,0x0,0x0,0x0,0x21,0xFF,0xFF,0xFF,0xFF,0xDE,0x0,0xDE,0xFF,0xFF,0xB5,0xDE,0xFF,0x4A,0x0,0x0,0x0,0xFF,0x4A,0x4A,0xFF,0xFF,0x0,0x0,0x0,0x0,0x0,0x0,0x0,
        0x0,0x0,0x0,0x94,0xFF,0x6B,0x0,0x6B,0xFF,0xFF,0xFF,0xFF,0xFF,0xFF,0xFF,0xFF,0xFF,0xFF,0xFF,0xFF,0xFF,0xFF,0x4A,0x0,0x0,0x0,0x0,0xB5,0xFF,0xFF,0xFF,0xFF,0x21,0x94,0xFF,0xFF,0xFF,0xB5,0x0,0xDE,0x94,0x0,0x0,0xB5,0x94,0x0,0x0,0xFF,0x4A,0x0,0x0,0x0,0x0,0x0,0x0,0x0,
        0x0,0x0,0x0,0x94,0xFF,0x6B,0x0,0x0,0xFF,0xFF,0xFF,0xFF,0xFF,0xFF,0xFF,0xFF,0xFF,0xFF,0xFF,0xFF,0xFF,0x94,0x0,0x0,0x0,0x0,0x6B,0xFF,0xFF,0xFF,0xFF,0x6B,0x21,0xFF,0xFF,0xFF,0xFF,0x94,0x21,0xFF,0x21,0x0,0x6B,0xFF,0x21,0x0,0x0,0x6B,0x0,0x0,0x0,0x0,0x0,0x0,0x0,0x0,
        0x0,0x0,0x0,0x6B,0xFF,0x0,0x0,0x21,0xFF,0xFF,0xFF,0xFF,0xFF,0xFF,0xFF,0xFF,0xFF,0xFF,0xFF,0xFF,0xDE,0x0,0x0,0x0,0x0,0x4A,0xFF,0xFF,0xFF,0xFF,0xFF,0x94,0x0,0xDE,0xFF,0xFF,0xDE,0x0,0xDE,0xFF,0x21,0x21,0xFF,0xFF,0x4A,0x0,0x0,0xB5,0xB5,0x0,0x0,0x0,0x0,0x0,0x0,0x0,
        0x0,0x0,0x0,0x0,0xFF,0x4A,0x0,0x0,0xFF,0xFF,0xFF,0xFF,0xFF,0xFF,0xFF,0xFF,0xFF,0xFF,0xFF,0xFF,0x21,0x0,0x0,0x0,0x0,0xDE,0xFF,0xFF,0xFF,0xFF,0xFF,0xB5,0x0,0xB5,0xFF,0xDE,0x21,0x0,0xB5,0xDE,0x0,0x4A,0xFF,0x94,0x0,0x0,0x0,0x0,0x4A,0x0,0x0,0x0,0x0,0x0,0x0,0x0,
        0x0,0x0,0x0,0x21,0xFF,0x6B,0x0,0x0,0x21,0xDE,0xFF,0xFF,0xFF,0xFF,0xFF,0xFF,0xFF,0xFF,0xFF,0x6B,0x0,0x0,0x0,0x0,0xB5,0xFF,0xFF,0xFF,0xFF,0xFF,0xFF,0xDE,0x0,0x0,0x0,0x0,0x0,0x21,0xFF,0x21,0x0,0x6B,0xDE,0x0,0x0,0x0,0x0,0x0,0x0,0x0,0x0,0x0,0x0,0x0,0x0,0x0,
        0x0,0x0,0x0,0x0,0xFF,0x6B,0x0,0x0,0x0,0xFF,0xFF,0xFF,0xFF,0xFF,0xFF,0xFF,0xFF,0xFF,0x94,0x0,0x0,0x0,0x0,0x6B,0xFF,0xFF,0xFF,0xFF,0xFF,0xFF,0xFF,0xFF,0x21,0x0,0x0,0x0,0x0,0xB5,0x6B,0x0,0x21,0xFF,0xB5,0x0,0x0,0x0,0x0,0x0,0x0,0x0,0x0,0x0,0x0,0x0,0x0,0x0,
        0x0,0x0,0x0,0x0,0x21,0x6B,0x0,0x0,0x0,0x0,0xDE,0xFF,0xFF,0xFF,0xFF,0xFF,0xFF,0xDE,0x0,0x0,0x0,0x0,0x21,0xFF,0xFF,0xFF,0xFF,0xFF,0xFF,0xFF,0xFF,0xFF,0x4A,0x0,0x0,0x0,0x94,0xDE,0x0,0x0,0xDE,0xFF,0x94,0x0,0x0,0x0,0x0,0x0,0x0,0x0,0x0,0x0,0x0,0x0,0x0,0x0,
        0x0,0x0,0x0,0x0,0x0,0x0,0x0,0x0,0x0,0x0,0xFF,0xFF,0xFF,0xFF,0xFF,0xFF,0xFF,0x4A,0x0,0x0,0x0,0x0,0xDE,0xFF,0xFF,0xFF,0xFF,0xFF,0xFF,0xFF,0xFF,0xFF,0xFF,0x94,0x6B,0x94,0xFF,0xFF,0x21,0x94,0xFF,0xDE,0x0,0x0,0x0,0x0,0x0,0x0,0x0,0x0,0x0,0x0,0x0,0x0,0x0,0x0,
        0x0,0x0,0x0,0x0,0x0,0x0,0x0,0x0,0x0,0x0,0x0,0xDE,0xFF,0xFF,0xFF,0xFF,0xFF,0x94,0x0,0x0,0x0,0x94,0xFF,0xFF,0xFF,0xFF,0xFF,0xFF,0xFF,0xFF,0xFF,0xFF,0xFF,0xFF,0xFF,0xFF,0xFF,0x6B,0x4A,0xFF,0xFF,0x4A,0x0,0x0,0x0,0x0,0x0,0x0,0x0,0x0,0x0,0x0,0x0,0x0,0x0,0x0,
        0x0,0x0,0x0,0x0,0x0,0x0,0x0,0x0,0x0,0x0,0x0,0xFF,0xFF,0xFF,0xFF,0xFF,0xFF,0x0,0x0,0x21,0x4A,0xFF,0xFF,0xFF,0xFF,0xFF,0xFF,0xFF,0xFF,0xFF,0xFF,0xFF,0xFF,0xFF,0xFF,0x94,0x6B,0x0,0xFF,0xFF,0xFF,0x4A,0x0,0x0,0x0,0x0,0x0,0x0,0x0,0x0,0x0,0x0,0x0,0x0,0x0,0x0,
        0x0,0x0,0x0,0x0,0x0,0x0,0x0,0x0,0x0,0x0,0x0,0xB5,0xFF,0xFF,0xFF,0xFF,0x4A,0x0,0x4A,0xFF,0xFF,0xFF,0xFF,0xFF,0xFF,0xFF,0xFF,0xFF,0xFF,0xFF,0xFF,0xFF,0xFF,0xFF,0xB5,0x0,0x0,0xB5,0xFF,0xFF,0xFF,0x4A,0x0,0x0,0x0,0x0,0x0,0x0,0x0,0x0,0x0,0x0,0x0,0x0,0x0,0x0,
        0x0,0x0,0x0,0x0,0x0,0x0,0x0,0x0,0x0,0x0,0x0,0x6B,0xFF,0xFF,0xFF,0x94,0x0,0x0,0xFF,0xFF,0xFF,0xFF,0xFF,0xFF,0xFF,0xFF,0xFF,0xFF,0xFF,0xFF,0xFF,0xFF,0xDE,0x21,0x4A,0x6B,0x6B,0xFF,0xFF,0xFF,0xFF,0x6B,0x0,0x0,0x0,0x0,0x0,0x0,0x0,0x0,0x0,0x0,0x0,0x0,0x0,0x0,
        0x0,0x0,0x0,0x0,0x0,0x0,0x0,0x0,0x0,0x0,0x0,0x4A,0xFF,0xFF,0xB5,0x0,0x0,0xB5,0xFF,0xFF,0xFF,0xFF,0xFF,0xFF,0xFF,0xFF,0xFF,0xFF,0xFF,0xFF,0xFF,0xFF,0xFF,0xDE,0xFF,0xFF,0xFF,0xFF,0xFF,0xFF,0xDE,0x0,0x0,0x0,0x0,0x0,0x0,0x0,0x0,0x0,0x0,0x0,0x0,0x0,0x0,0x0,
        0x0,0x0,0x0,0x0,0x0,0x0,0x0,0x0,0x0,0x0,0x0,0x4A,0xFF,0xFF,0x21,0x0,0x6B,0xFF,0xFF,0xFF,0xFF,0xFF,0xFF,0xFF,0xFF,0xFF,0xFF,0xFF,0xFF,0xFF,0xFF,0xFF,0xFF,0xFF,0xFF,0xFF,0xFF,0xFF,0xFF,0xFF,0xFF,0x21,0x0,0x0,0x0,0x0,0x0,0x0,0x0,0x0,0x0,0x0,0x0,0x0,0x0,0x0,
        0x0,0x0,0x0,0x0,0x0,0x0,0x0,0x0,0x0,0x0,0x0,0x0,0xFF,0x6B,0x0,0x21,0xFF,0xFF,0xFF,0xFF,0xFF,0xFF,0xFF,0xFF,0xFF,0xFF,0xFF,0xFF,0xFF,0xFF,0xFF,0xFF,0xFF,0xFF,0xFF,0xFF,0xFF,0xFF,0xFF,0xFF,0x94,0x0,0x0,0x0,0x0,0x0,0x0,0x0,0x0,0x0,0x0,0x0,0x0,0x0,0x0,0x0,
        0x0,0x0,0x0,0x0,0x0,0x0,0x0,0x0,0x0,0x0,0x0,0x94,0x94,0x0,0x0,0xDE,0xFF,0xFF,0xFF,0xFF,0xFF,0xFF,0xFF,0xFF,0xFF,0xFF,0xFF,0xFF,0xFF,0xFF,0xFF,0xFF,0xFF,0xFF,0xFF,0xFF,0xFF,0xFF,0xFF,0xDE,0x0,0x0,0x0,0x0,0x0,0x0,0x0,0x0,0x0,0x0,0x0,0x0,0x0,0x0,0x0,0x0,
        0x0,0x0,0x0,0x0,0x0,0x0,0x0,0x0,0x0,0x0,0x0,0xDE,0x0,0x0,0x94,0xDE,0xDE,0xB5,0x6B,0x4A,0x4A,0x0,0x94,0x4A,0xDE,0xB5,0xFF,0xFF,0xFF,0xDE,0xB5,0xFF,0xFF,0xFF,0xFF,0xFF,0xFF,0xFF,0xFF,0x21,0x0,0x0,0x0,0x0,0x0,0x0,0x0,0x0,0x0,0x0,0x0,0x0,0x0,0x0,0x0,0x0,
        0x0,0x0,0x0,0x0,0x0,0x0,0x0,0x0,0x0,0x0,0x0,0x0,0x0,0x6B,0xDE,0x0,0x0,0x0,0x0,0x0,0x0,0x0,0x0,0x0,0x0,0x0,0x21,0x21,0x21,0x0,0x0,0x21,0xFF,0xFF,0xFF,0xFF,0xFF,0x21,0x0,0x0,0x0,0x0,0x0,0x0,0x0,0x0,0x0,0x0,0x0,0x0,0x0,0x0,0x0,0x0,0x0,0x0,
        0x0,0x0,0x0,0x0,0x0,0x0,0x0,0x0,0x0,0x0,0x0,0x0,0x0,0x0,0x21,0x0,0x0,0x0,0x0,0x0,0x0,0x0,0x0,0x0,0x0,0x0,0x0,0x0,0x0,0x0,0x21,0x94,0xFF,0xFF,0xFF,0x21,0x0,0x0,0x0,0x0,0x0,0x0,0x0,0x0,0x0,0x0,0x0,0x0,0x0,0x0,0x0,0x0,0x0,0x0,0x0,0x0,
        0x0,0x0,0x0,0x0,0x0,0x0,0x0,0x0,0x0,0x0,0x0,0x0,0x0,0x0,0x0,0x0,0x0,0x0,0x0,0x0,0x0,0x0,0x0,0x0,0x0,0x0,0x0,0x0,0x21,0x94,0xFF,0xFF,0xFF,0x4A,0x21,0x0,0x0,0x0,0x0,0x0,0x0,0x0,0x0,0x0,0x0,0x0,0x0,0x0,0x0,0x0,0x0,0x0,0x0,0x0,0x0,0x0,
        0x0,0x0,0x0,0x0,0x0,0x0,0x0,0x0,0x0,0x0,0x0,0x0,0x0,0x0,0x0,0x0,0x0,0x0,0x0,0x0,0x0,0x0,0x0,0x0,0x0,0xB5,0xB5,0xDE,0xFF,0xFF,0xFF,0xDE,0x6B,0x0,0x0,0x0,0x0,0x0,0x0,0x0,0x0,0x0,0x0,0x0,0x0,0x0,0x0,0x0,0x0,0x0,0x0,0x0,0x0,0x0,0x0,0x0,
        0x0,0x0,0x0,0x0,0x0,0x0,0x0,0x0,0x0,0x0,0x0,0x0,0x0,0x0,0x0,0x0,0x0,0x0,0x0,0x0,0x0,0x0,0x0,0x0,0x0,0x6B,0xB5,0x94,0x4A,0x21,0x21,0x0,0x0,0x0,0x0,0x0,0x0,0x0,0x0,0x0,0x0,0x0,0x0,0x0,0x0,0x0,0x0,0x0,0x0,0x0,0x0,0x0,0x0,0x0,0x0,0x0
    }
};

const gfx_sprite_t sprite_gaster_blaster_3_9 = {
    .width = 56,
    .height = 56,
    .data = {
        0x0,0x0,0x0,0x0,0x0,0x0,0x0,0x0,0x0,0x0,0x0,0x0,0x0,0x0,0x0,0x0,0x0,0x0,0x0,0x0,0x0,0x0,0x0,0x0,0x4A,0xB5,0xFF,0xB5,0x4A,0x0,0x0,0x0,0x0,0x0,0x0,0x0,0x0,0x0,0x0,0x0,0x0,0x0,0x0,0x0,0x0,0x0,0x0,0x0,0x0,0x0,0x0,0x0,0x0,0x0,0x0,0x0,
        0x0,0x0,0x0,0x0,0x0,0x0,0x0,0x0,0x0,0x0,0x0,0x0,0x0,0x0,0x0,0x0,0x0,0x0,0x0,0x0,0x0,0x0,0x0,0x0,0xDE,0xFF,0xFF,0xFF,0xFF,0x6B,0x0,0x0,0x0,0x0,0x0,0x0,0x0,0x0,0x0,0x0,0x0,0x0,0x0,0x0,0x0,0x0,0x0,0x0,0x0,0x0,0x0,0x0,0x0,0x0,0x0,0x0,
        0x0,0x0,0x0,0x0,0x0,0x0,0x0,0x0,0x0,0x0,0x0,0x0,0x0,0x0,0x0,0x0,0x0,0x0,0x0,0x0,0x0,0x0,0x4A,0xDE,0xFF,0xFF,0xFF,0xFF,0xFF,0x0,0x0,0x0,0x0,0x0,0x0,0x0,0x0,0x0,0x0,0x0,0x0,0x0,0x0,0x0,0x0,0x0,0x0,0x0,0x0,0x0,0x0,0x0,0x0,0x0,0x0,0x0,
        0x0,0x0,0x0,0x0,0x0,0x0,0x0,0x0,0x0,0x0,0x0,0x0,0x0,0x0,0x0,0x0,0x0,0x0,0x0,0x0,0x0,0x21,0x94,0xFF,0xDE,0xFF,0xFF,0xFF,0xB5,0x0,0x0,0x0,0x0,0x0,0x0,0x0,0x0,0x0,0x0,0x0,0x0,0x0,0x0,0x0,0x0,0x0,0x0,0x0,0x0,0x0,0x0,0x0,0x0,0x0,0x0,0x0,
        0x0,0x0,0x0,0x0,0x0,0x0,0x0,0x0,0x0,0x0,0x0,0x0,0x0,0x0,0x0,0x0,0x0,0x0,0x0,0x0,0x0,0xFF,0x0,0xDE,0x21,0xB5,0xFF,0xFF,0x6B,0x0,0x0,0x0,0x0,0x0,0x0,0x0,0x0,0x0,0x0,0x0,0x0,0x0,0x0,0x0,0x0,0x0,0x0,0x0,0x0,0x0,0x0,0x0,0x0,0x0,0x0,0x0,
        0x0,0x0,0x0,0x0,0x0,0x0,0x0,0x0,0x0,0x0,0x0,0x0,0x0,0x0,0x0,0x0,0x0,0x0,0x0,0x4A,0xB5,0xDE,0x21,0xDE,0x0,0xFF,0xFF,0xFF,0x0,0x0,0x0,0x0,0x0,0x0,0x0,0x0,0x0,0x0,0x0,0x0,0x0,0x0,0x0,0x0,0x0,0x0,0x0,0x0,0x0,0x0,0x0,0x0,0x0,0x0,0x0,0x0,
        0x0,0x0,0x0,0x0,0x0,0x0,0x0,0x0,0x0,0x0,0x0,0x0,0x0,0x0,0x0,0x0,0x0,0x0,0x0,0x0,0x6B,0x4A,0x6B,0x94,0x0,0x4A,0xFF,0xB5,0x0,0x0,0x0,0x0,0x0,0x0,0x0,0x0,0x0,0x0,0x0,0x0,0x0,0x0,0x0,0x0,0x6B,0xDE,0x94,0x21,0x0,0x0,0x0,0x0,0x0,0x0,0x0,0x0,
        0x0,0x0,0x0,0x0,0x0,0x0,0x0,0x0,0x0,0x0,0x0,0x0,0x0,0x0,0x0,0x0,0x0,0x0,0x0,0x0,0x0,0x0,0x0,0x0,0x21,0xB5,0xFF,0x6B,0x0,0x0,0x0,0x0,0x0,0x0,0x0,0x0,0x0,0x0,0x0,0x0,0x0,0x0,0x0,0x0,0xB5,0xFF,0xFF,0xFF,0x6B,0x0,0x0,0x0,0x0,0x0,0x0,0x0,
        0x0,0x0,0x0,0x0,0x0,0x0,0x0,0x0,0x0,0x0,0x0,0x0,0x0,0x0,0x0,0x0,0x0,0x0,0x0,0x0,0x0,0x0,0x0,0x94,0xFF,0xFF,0xFF,0x21,0x0,0x0,0x0,0x0,0x0,0x0,0x0,0x0,0x0,0x0,0x0,0x0,0x0,0x0,0x0,0x0,0xFF,0xFF,0xFF,0xFF,0xDE,0x0,0x0,0x0,0x0,0x0,0x0,0x0,
        0x0,0x0,0x0,0x0,0x0,0x0,0x0,0x0,0x0,0x0,0x0,0x0,0x0,0x0,0x0,0x0,0x0,0x0,0x0,0x0,0x21,0x94,0xDE,0xFF,0xFF,0xDE,0x4A,0x0,0x0,0x0,0x0,0x0,0x0,0x0,0x0,0x0,0x0,0x0,0x0,0x0,0x0,0x0,0x0,0x6B,0xFF,0xFF,0xFF,0xFF,0xDE,0x0,0x0,0x0,0x0,0x0,0x0,0x0,
        0x0,0x0,0x0,0x0,0x0,0x0,0x0,0x0,0x0,0x0,0x0,0x0,0x0,0x0,0x0,0x0,0x0,0x0,0x0,0x94,0xFF,0xFF,0xFF,0xFF,0xFF,0x6B,0x0,0x0,0x0,0x21,0x21,0x0,0x0,0x0,0x0,0x0,0x0,0x0,0x0,0x0,0x0,0x0,0x0,0xB5,0xFF,0xFF,0xDE,0xFF,0xDE,0x21,0x0,0x0,0x0,0x0,0x0,0x0,
        0x0,0x0,0x0,0x0,0x0,0x0,0x0,0x0,0x0,0x0,0x0,0x0,0x0,0x0,0x0,0x0,0x21,0x6B,0xFF,0xFF,0xFF,0xFF,0xFF,0x94,0x0,0xB5,0x0,0x0,0x0,0xB5,0x4A,0x0,0x0,0x0,0x0,0x0,0x0,0x0,0x0,0x0,0x0,0x0,0x0,0xFF,0xFF,0xFF,0x21,0xDE,0xFF,0x4A,0x0,0x0,0x0,0x0,0x0,0x0,
        0x0,0x0,0x0,0x0,0x0,0x0,0x0,0x0,0x0,0x0,0x0,0x0,0x0,0x0,0x0,0x94,0xDE,0xFF,0xFF,0xFF,0xFF,0xFF,0xB5,0x0,0x4A,0xDE,0x0,0x0,0x0,0x94,0x21,0x0,0x0,0x0,0x0,0x0,0x0,0x0,0x0,0x0,0x0,0x0,0x4A,0xFF,0xDE,0x4A,0x21,0xFF,0x6B,0x4A,0x0,0x0,0x0,0x0,0x0,0x0,
        0x0,0x0,0x0,0x0,0x0,0x0,0x0,0x0,0x0,0x0,0x0,0x0,0x0,0x0,0x0,0xFF,0xFF,0xFF,0xFF,0xFF,0xFF,0x4A,0x21,0x0,0x94,0x6B,0x0,0x0,0x0,0x4A,0xB5,0x0,0x0,0x0,0x0,0x0,0x0,0x0,0x94,0x0,0x0,0x0,0xB5,0xFF,0x6B,0x0,0x6B,0x94,0x6B,0xB5,0x0,0x0,0x0,0x0,0x0,0x0,
        0x0,0x0,0x0,0x0,0x0,0x0,0x0,0x0,0x0,0x0,0x0,0x0,0x0,0x6B,0xFF,0xFF,0xFF,0xFF,0xFF,0xFF,0xFF,0x0,0x0,0x0,0xDE,0x21,0x21,0x0,0x0,0x94,0x6B,0x0,0x0,0x0,0x0,0x0,0x0,0x21,0xDE,0x0,0x0,0x0,0xB5,0xFF,0xDE,0x0,0xB5,0x4A,0xB5,0x6B,0x0,0x0,0x0,0x0,0x0,0x0,
        0x0,0x0,0x0,0x0,0x0,0x0,0x0,0x0,0x0,0x0,0x0,0x0,0x0,0xB5,0xFF,0xFF,0xFF,0xFF,0xFF,0xFF,0x94,0x0,0x0,0x21,0xDE,0x21,0xFF,0x0,0x94,0xFF,0x21,0x0,0x0,0x0,0x0,0x0,0x94,0x6B,0x21,0x0,0x0,0x0,0x4A,0xFF,0xFF,0x4A,0x0,0x0,0x94,0xDE,0x0,0x0,0x0,0x0,0x0,0x0,
        0x0,0x0,0x0,0x0,0x0,0x0,0x0,0x0,0x0,0x0,0x0,0x0,0x0,0xFF,0xFF,0x6B,0xFF,0xFF,0xFF,0xB5,0x4A,0x0,0x0,0x94,0x94,0x6B,0xFF,0xFF,0xFF,0xFF,0xDE,0x0,0x0,0x0,0x0,0x0,0xFF,0x21,0x0,0x0,0x0,0x4A,0x94,0xFF,0xFF,0xB5,0x0,0x0,0x0,0x0,0x0,0x0,0x0,0x0,0x0,0x0,
        0x0,0x0,0x0,0x0,0x0,0x0,0x0,0x0,0x0,0x0,0x6B,0xDE,0x6B,0x94,0x0,0x21,0xFF,0xDE,0x4A,0x0,0xFF,0x0,0x4A,0xDE,0xDE,0xDE,0xFF,0xFF,0xFF,0xFF,0xFF,0x4A,0x0,0x0,0x21,0x94,0xDE,0x0,0x0,0x0,0x0,0xFF,0x0,0xDE,0xFF,0xFF,0x4A,0x0,0x0,0x0,0x0,0x0,0x0,0x0,0x0,0x0,
        0x0,0x0,0x0,0x0,0x0,0x0,0x0,0x0,0x0,0x0,0x0,0x4A,0x21,0x0,0x0,0x94,0xFF,0x94,0x0,0x4A,0xB5,0x4A,0xFF,0xFF,0xFF,0xFF,0xFF,0xFF,0xFF,0xDE,0xFF,0x21,0x0,0x94,0xDE,0xFF,0xFF,0x4A,0x21,0x0,0x4A,0xB5,0x0,0x4A,0xFF,0xFF,0xFF,0x0,0x0,0x0,0x0,0x0,0x0,0x0,0x0,0x0,
        0x0,0x0,0x0,0x0,0x0,0x0,0x0,0x0,0x0,0x0,0x0,0x0,0x0,0x0,0x0,0xDE,0x21,0x0,0x0,0xB5,0xFF,0xDE,0xFF,0xFF,0xFF,0xFF,0xFF,0xDE,0x6B,0x0,0x21,0x0,0x0,0xFF,0xFF,0xFF,0xFF,0xB5,0xDE,0x4A,0xB5,0x6B,0x0,0x6B,0xFF,0xFF,0xFF,0x6B,0x0,0x0,0x0,0x0,0x0,0x0,0x0,0x0,
        0x0,0x0,0x0,0x0,0x0,0x0,0x0,0x0,0x0,0x0,0x0,0x0,0x0,0x4A,0xDE,0xDE,0x0,0x0,0x0,0xFF,0xFF,0xFF,0xFF,0xFF,0xFF,0xFF,0xFF,0x6B,0x0,0x0,0x0,0x0,0x0,0x21,0x94,0xFF,0xFF,0xFF,0xFF,0x0,0xFF,0x0,0x0,0x21,0xFF,0xFF,0xFF,0xB5,0x0,0x0,0x0,0x0,0x0,0x0,0x0,0x0,
        0x0,0x0,0x0,0x0,0x0,0x0,0x0,0x0,0x0,0x0,0x0,0x0,0x0,0x94,0xFF,0x94,0x0,0x0,0x4A,0xFF,0xFF,0xFF,0xFF,0xFF,0xFF,0xFF,0xFF,0x0,0x0,0x0,0x0,0x0,0x0,0x0,0x4A,0xFF,0xFF,0xFF,0xB5,0x4A,0xB5,0x0,0x0,0x0,0xFF,0xFF,0xFF,0xFF,0x4A,0x0,0x0,0x0,0x0,0x0,0x0,0x0,
        0x0,0x0,0x0,0x0,0x0,0x0,0x0,0x0,0x0,0x0,0x0,0x0,0x0,0xFF,0xFF,0x21,0x0,0x6B,0xDE,0xFF,0xFF,0xFF,0xFF,0xFF,0xFF,0xFF,0xDE,0x0,0x0,0x0,0x0,0x0,0x0,0x0,0x0,0xDE,0xFF,0xFF,0xFF,0xFF,0x6B,0x0,0x0,0x6B,0xFF,0xFF,0xFF,0xFF,0xDE,0x0,0x0,0x0,0x0,0x0,0x0,0x0,
        0x0,0x0,0x0,0x0,0x0,0x0,0x0,0x0,0x0,0x0,0x0,0x21,0x6B,0xDE,0x4A,0x0,0x0,0xFF,0xB5,0xFF,0x6B,0x94,0xFF,0xFF,0xFF,0xFF,0xFF,0x4A,0x0,0x0,0x0,0x0,0x0,0x0,0x21,0xFF,0xFF,0xFF,0xFF,0xFF,0x94,0x0,0x0,0xB5,0xFF,0xFF,0xFF,0xFF,0xFF,0x6B,0x0,0x0,0x0,0x0,0x0,0x0,
        0x0,0x0,0x0,0x0,0x0,0x0,0x0,0x0,0x0,0x0,0x0,0x94,0xFF,0x6B,0x0,0x6B,0xFF,0xB5,0x0,0x21,0xB5,0x4A,0x0,0x4A,0x94,0xFF,0xFF,0x21,0x0,0x0,0x0,0x0,0x0,0x0,0x6B,0xFF,0xFF,0xFF,0xFF,0xFF,0xDE,0x21,0xDE,0x6B,0xFF,0xFF,0xFF,0xFF,0xFF,0x4A,0x0,0x0,0x0,0x0,0x0,0x0,
        0x0,0x0,0x0,0x0,0x0,0x0,0x0,0x0,0x0,0x0,0x0,0xFF,0xFF,0x21,0x0,0xB5,0xFF,0x6B,0x94,0xFF,0xFF,0xFF,0xB5,0x0,0x4A,0xFF,0xFF,0x6B,0x0,0x0,0x0,0x0,0x0,0x6B,0xDE,0xFF,0xFF,0xFF,0xFF,0xFF,0xB5,0x94,0x94,0x21,0xDE,0xFF,0xFF,0xFF,0xFF,0x94,0x0,0x0,0x0,0x0,0x0,0x0,
        0x0,0x0,0x0,0x0,0x0,0x0,0x0,0x0,0x0,0x0,0x4A,0xFF,0xDE,0x0,0x0,0xFF,0x21,0x0,0xDE,0xFF,0xFF,0xFF,0x4A,0x0,0x94,0xFF,0xFF,0x94,0x0,0x0,0x0,0x0,0x21,0xFF,0xFF,0xFF,0xFF,0xFF,0xFF,0xFF,0xFF,0xFF,0x4A,0x0,0x94,0xFF,0xB5,0xDE,0xFF,0xB5,0x0,0x0,0x0,0x0,0x0,0x0,
        0x0,0x0,0x0,0x0,0x0,0x0,0x0,0x0,0x21,0x94,0xDE,0xFF,0x94,0x0,0x4A,0xB5,0x0,0x21,0xFF,0xFF,0xFF,0xFF,0x0,0x94,0xFF,0xFF,0xFF,0x4A,0x0,0x0,0x0,0x94,0xFF,0xFF,0xFF,0xFF,0xFF,0xFF,0xFF,0xFF,0xFF,0xFF,0x0,0x0,0xDE,0xFF,0x21,0x94,0xFF,0x4A,0x0,0x0,0x0,0x0,0x0,0x0,
        0x0,0x0,0x0,0x0,0x0,0x0,0x0,0x0,0xFF,0xFF,0xFF,0xFF,0x21,0x6B,0xDE,0x4A,0x0,0x4A,0xFF,0xFF,0xFF,0xB5,0x4A,0xFF,0xFF,0xFF,0xFF,0x0,0x0,0x0,0x0,0xDE,0xFF,0xFF,0x4A,0x21,0x6B,0xDE,0xFF,0xFF,0xFF,0xB5,0x0,0x0,0x21,0xDE,0x0,0x0,0xFF,0x0,0x0,0x0,0x0,0x0,0x0,0x0,
        0x0,0x0,0x0,0x0,0x0,0x0,0x4A,0x94,0xFF,0xFF,0xFF,0xDE,0x0,0xFF,0xFF,0x0,0x0,0x0,0xDE,0xFF,0xB5,0x4A,0x94,0xFF,0xFF,0xFF,0x94,0x0,0x0,0x0,0x21,0xFF,0xFF,0xFF,0x0,0x0,0x6B,0x21,0x21,0xDE,0xFF,0x4A,0x0,0x0,0x94,0x94,0x0,0x0,0x6B,0x6B,0x0,0x0,0x0,0x0,0x0,0x0,
        0x0,0x0,0x0,0x0,0x0,0x0,0xB5,0xFF,0xFF,0xFF,0xFF,0x94,0x6B,0xFF,0xDE,0x0,0x0,0x0,0x0,0x4A,0x0,0x0,0xFF,0xFF,0xFF,0xFF,0x4A,0x0,0x0,0x0,0x94,0xFF,0xFF,0xDE,0x0,0x4A,0xFF,0xFF,0xB5,0x6B,0xDE,0xFF,0x0,0x0,0xDE,0xB5,0x0,0x0,0x21,0x94,0x6B,0x0,0x0,0x0,0x0,0x0,
        0x0,0x0,0x0,0x0,0x0,0x0,0xFF,0xFF,0xFF,0xFF,0xFF,0x21,0x21,0xDE,0xFF,0x6B,0x0,0x0,0x0,0x21,0x94,0xFF,0xFF,0xFF,0xFF,0xFF,0x0,0x0,0x0,0x0,0xDE,0xFF,0xFF,0xFF,0x4A,0x94,0xFF,0xFF,0xFF,0x4A,0x4A,0xB5,0x0,0x21,0xFF,0xFF,0x0,0x0,0x0,0x0,0x0,0x0,0x0,0x0,0x0,0x0,
        0x0,0x0,0x0,0x0,0x0,0x4A,0xFF,0xFF,0xFF,0xFF,0xFF,0x0,0x0,0xFF,0xFF,0xDE,0x94,0x21,0xB5,0xDE,0xFF,0xFF,0xFF,0xFF,0xFF,0x94,0x0,0x0,0x0,0x21,0xFF,0xFF,0xFF,0xFF,0x0,0xFF,0xFF,0xFF,0xFF,0x4A,0xB5,0xDE,0x21,0x6B,0xFF,0x94,0x0,0x0,0x0,0x0,0x0,0x0,0x0,0x0,0x0,0x0,
        0x0,0x0,0x0,0x0,0x0,0xB5,0xFF,0xFF,0xFF,0xFF,0xFF,0x94,0x4A,0xFF,0xFF,0xFF,0xFF,0xFF,0xFF,0xFF,0xFF,0xFF,0xFF,0xFF,0xFF,0x4A,0x0,0x0,0x0,0x6B,0xFF,0xFF,0xFF,0xB5,0x4A,0xFF,0xFF,0xFF,0xFF,0x0,0xFF,0xFF,0x21,0x0,0xDE,0x4A,0x0,0x0,0x0,0x0,0x0,0x0,0x0,0x0,0x0,0x0,
        0x0,0x0,0x0,0x0,0x0,0x21,0xFF,0xFF,0xFF,0xFF,0xFF,0xFF,0x6B,0xDE,0xFF,0xFF,0xFF,0xFF,0xFF,0xFF,0xFF,0xFF,0xFF,0xFF,0xFF,0x0,0x0,0x0,0x0,0xDE,0xFF,0xFF,0xFF,0x6B,0x0,0xB5,0xFF,0xFF,0xB5,0x0,0x4A,0xDE,0x0,0x0,0xFF,0x6B,0x0,0x0,0x0,0x0,0x0,0x0,0x0,0x0,0x0,0x0,
        0x0,0x0,0x0,0x0,0x0,0x4A,0xFF,0xFF,0xFF,0xFF,0xFF,0xFF,0x94,0xFF,0xFF,0xFF,0xFF,0xFF,0xFF,0xFF,0xFF,0xFF,0xFF,0xFF,0xB5,0x0,0x0,0x0,0x21,0xFF,0xFF,0xFF,0xFF,0xFF,0x0,0x6B,0xDE,0x4A,0x21,0x0,0x94,0x6B,0x0,0x6B,0xFF,0xB5,0x0,0x0,0x0,0x0,0x0,0x0,0x0,0x0,0x0,0x0,
        0x0,0x0,0x0,0x0,0x0,0x21,0xDE,0xFF,0xFF,0xFF,0xFF,0xFF,0xFF,0xFF,0xFF,0xFF,0xFF,0xFF,0xFF,0xFF,0xFF,0xFF,0xFF,0xFF,0x4A,0x0,0x0,0x0,0x6B,0xFF,0xFF,0xFF,0xFF,0xFF,0x94,0x0,0x0,0x0,0x0,0x0,0xFF,0x21,0x0,0xB5,0xFF,0x4A,0x0,0x0,0x0,0x0,0x0,0x0,0x0,0x0,0x0,0x0,
        0x0,0x0,0x0,0x0,0x0,0x0,0xDE,0xFF,0xFF,0xFF,0xFF,0xFF,0xFF,0xFF,0xFF,0xFF,0xFF,0xFF,0xFF,0xFF,0xFF,0xFF,0xFF,0xFF,0x0,0x0,0x0,0x0,0xDE,0xFF,0xFF,0xFF,0xFF,0xFF,0xDE,0x21,0x0,0x0,0x0,0x21,0xFF,0x6B,0x0,0xFF,0xFF,0x0,0x0,0x0,0x0,0x0,0x0,0x0,0x0,0x0,0x0,0x0,
        0x0,0x0,0x0,0x0,0x0,0x0,0xB5,0xFF,0xFF,0xFF,0xFF,0xFF,0xFF,0xFF,0xFF,0xFF,0xFF,0xFF,0xFF,0xFF,0xFF,0xFF,0xFF,0xB5,0x0,0x0,0x0,0x21,0xFF,0xFF,0xFF,0xFF,0xFF,0xFF,0xFF,0x94,0x0,0x0,0x4A,0x94,0xFF,0x94,0x6B,0xFF,0xDE,0x21,0x0,0x0,0x0,0x0,0x0,0x0,0x0,0x0,0x0,0x0,
        0x0,0x0,0x0,0x0,0x0,0x0,0x6B,0xFF,0xDE,0xB5,0xFF,0xFF,0xFF,0xFF,0xFF,0xFF,0xFF,0xFF,0xFF,0xFF,0xFF,0xFF,0xFF,0x4A,0x0,0x0,0x0,0x6B,0xFF,0xFF,0xFF,0xFF,0xFF,0xFF,0xFF,0xFF,0xFF,0xB5,0xFF,0xFF,0xFF,0x21,0xB5,0xFF,0xFF,0x94,0x0,0x0,0x0,0x0,0x0,0x0,0x0,0x0,0x0,0x0,
        0x0,0x0,0x0,0x0,0x0,0x0,0xDE,0xFF,0x4A,0x0,0x94,0xFF,0xFF,0xFF,0xFF,0xFF,0xFF,0xFF,0xFF,0xFF,0xFF,0xFF,0xFF,0x0,0x0,0x0,0x0,0xDE,0xFF,0xFF,0xFF,0xFF,0xFF,0xFF,0xFF,0xFF,0xFF,0xFF,0xFF,0xDE,0x4A,0x0,0xFF,0xFF,0xFF,0xFF,0x21,0x0,0x0,0x0,0x0,0x0,0x0,0x0,0x0,0x0,
        0x0,0x0,0x0,0x0,0x0,0x0,0xDE,0xFF,0x94,0x0,0x0,0xFF,0xFF,0xFF,0xFF,0xFF,0xFF,0xFF,0xFF,0xFF,0xFF,0xFF,0xB5,0x0,0x0,0x0,0x0,0xFF,0xFF,0xFF,0xFF,0xFF,0xFF,0xFF,0xFF,0xFF,0xFF,0xFF,0xFF,0x94,0x0,0x6B,0xFF,0xFF,0xFF,0xDE,0x0,0x0,0x0,0x0,0x0,0x0,0x0,0x0,0x0,0x0,
        0x0,0x0,0x0,0x0,0x0,0x0,0x4A,0xFF,0xB5,0x0,0x0,0x94,0xFF,0xFF,0xFF,0xFF,0xFF,0xFF,0xFF,0xFF,0xFF,0xFF,0x6B,0x0,0x0,0x0,0x6B,0xFF,0xFF,0xFF,0xFF,0xFF,0xFF,0xFF,0xFF,0xFF,0xFF,0xFF,0xDE,0x21,0x6B,0xDE,0xFF,0xFF,0xFF,0xFF,0x6B,0x0,0x0,0x0,0x0,0x0,0x0,0x0,0x0,0x0,
        0x0,0x0,0x0,0x0,0x0,0x0,0x0,0xB5,0xB5,0x0,0x0,0x21,0xDE,0xFF,0xFF,0xFF,0xFF,0xFF,0xFF,0xFF,0xFF,0xFF,0x0,0x0,0x0,0x0,0xB5,0xFF,0xFF,0xFF,0xFF,0xFF,0xFF,0xFF,0xFF,0xFF,0xFF,0xFF,0x4A,0xFF,0xFF,0xFF,0xFF,0xFF,0xFF,0xFF,0x21,0x0,0x0,0x0,0x0,0x0,0x0,0x0,0x0,0x0,
        0x0,0x0,0x0,0x0,0x0,0x0,0x0,0x4A,0xFF,0x21,0x0,0x0,0x0,0xB5,0xFF,0xFF,0xFF,0xFF,0xFF,0xFF,0xFF,0xDE,0x0,0x0,0x0,0x0,0xFF,0xFF,0xFF,0xFF,0xFF,0xFF,0xFF,0xFF,0xFF,0xFF,0xFF,0xFF,0xFF,0xFF,0xFF,0xFF,0xFF,0xFF,0xFF,0xFF,0x0,0x0,0x0,0x0,0x0,0x0,0x0,0x0,0x0,0x0,
        0x0,0x0,0x0,0x0,0x0,0x0,0x0,0x0,0xB5,0xDE,0x0,0x0,0x0,0x21,0x94,0xFF,0xFF,0xFF,0xFF,0xFF,0xFF,0xFF,0x6B,0x0,0x21,0x6B,0xFF,0xFF,0xFF,0xFF,0xFF,0xFF,0xFF,0xFF,0xFF,0xFF,0xFF,0xFF,0xFF,0xFF,0xFF,0xFF,0xFF,0xFF,0xFF,0x94,0x0,0x0,0x0,0x0,0x0,0x0,0x0,0x0,0x0,0x0,
        0x0,0x0,0x0,0x0,0x0,0x0,0x0,0x0,0x4A,0xFF,0x6B,0x0,0x0,0x0,0x21,0xDE,0xFF,0xFF,0xFF,0xFF,0xFF,0xFF,0x21,0x0,0xDE,0xFF,0xFF,0xFF,0xFF,0xFF,0xFF,0xFF,0xFF,0xFF,0xFF,0xFF,0xFF,0xFF,0xFF,0xFF,0xFF,0xFF,0xFF,0xFF,0xDE,0x4A,0x0,0x0,0x0,0x0,0x0,0x0,0x0,0x0,0x0,0x0,
        0x0,0x0,0x0,0x0,0x0,0x0,0x0,0x0,0x0,0x0,0x0,0x0,0x0,0x0,0x0,0x0,0x94,0xFF,0xFF,0xFF,0xFF,0xDE,0x0,0x0,0xFF,0xFF,0xFF,0xFF,0xFF,0xFF,0xFF,0xFF,0xFF,0xFF,0xFF,0xFF,0xFF,0xFF,0xFF,0xFF,0xFF,0xFF,0xFF,0xDE,0x0,0x0,0x0,0x0,0x0,0x0,0x0,0x0,0x0,0x0,0x0,0x0,
        0x0,0x0,0x0,0x0,0x0,0x0,0x0,0x0,0x0,0x0,0x0,0x0,0x0,0x0,0x0,0x0,0x21,0xFF,0xFF,0xFF,0xFF,0x6B,0x0,0x6B,0xFF,0xFF,0xFF,0xFF,0xFF,0xFF,0xFF,0xFF,0xFF,0xFF,0xFF,0xFF,0xFF,0xDE,0xFF,0xFF,0xFF,0xFF,0xB5,0x4A,0x0,0x0,0x0,0x0,0x0,0x0,0x0,0x0,0x0,0x0,0x0,0x0,
        0x0,0x0,0x0,0x0,0x0,0x0,0x0,0x0,0x0,0x0,0x0,0x0,0x0,0x0,0x0,0x0,0x0,0xB5,0xFF,0xFF,0xFF,0x21,0x0,0xB5,0xFF,0xFF,0xFF,0xFF,0xFF,0xFF,0xFF,0xFF,0xFF,0xFF,0xFF,0xFF,0x6B,0x0,0x0,0xFF,0xFF,0xFF,0x21,0x0,0x0,0x0,0x0,0x0,0x0,0x0,0x0,0x0,0x0,0x0,0x0,0x0,
        0x0,0x0,0x0,0x0,0x0,0x0,0x0,0x0,0x0,0x0,0x0,0x0,0x0,0x0,0x0,0x0,0x0,0x21,0xFF,0xFF,0xDE,0x0,0x0,0xFF,0xFF,0xFF,0xFF,0xFF,0xFF,0xFF,0xDE,0xFF,0x94,0x94,0x6B,0x21,0x0,0x0,0x4A,0xFF,0xDE,0x0,0x0,0x0,0x0,0x0,0x0,0x0,0x0,0x0,0x0,0x0,0x0,0x0,0x0,0x0,
        0x0,0x0,0x0,0x0,0x0,0x0,0x0,0x0,0x0,0x0,0x0,0x0,0x0,0x0,0x0,0x0,0x0,0x0,0x94,0xFF,0x6B,0x0,0x6B,0xFF,0xFF,0xFF,0xFF,0xB5,0x21,0x6B,0x0,0x0,0x0,0x0,0x0,0x0,0x0,0xB5,0xFF,0xFF,0x6B,0x0,0x0,0x0,0x0,0x0,0x0,0x0,0x0,0x0,0x0,0x0,0x0,0x0,0x0,0x0,
        0x0,0x0,0x0,0x0,0x0,0x0,0x0,0x0,0x0,0x0,0x0,0x0,0x0,0x0,0x0,0x0,0x0,0x0,0x0,0xFF,0x21,0x0,0xB5,0xFF,0xFF,0x94,0x4A,0x0,0x0,0x0,0x0,0x0,0x0,0x0,0x0,0x0,0x4A,0xFF,0xFF,0x94,0x21,0x0,0x0,0x0,0x0,0x0,0x0,0x0,0x0,0x0,0x0,0x0,0x0,0x0,0x0,0x0,
        0x0,0x0,0x0,0x0,0x0,0x0,0x0,0x0,0x0,0x0,0x0,0x0,0x0,0x0,0x0,0x0,0x0,0x0,0x21,0xDE,0x0,0x0,0xFF,0xB5,0x0,0x0,0x0,0x0,0x0,0x0,0x0,0x0,0x0,0x0,0x6B,0xDE,0xFF,0xB5,0x21,0x0,0x0,0x0,0x0,0x0,0x0,0x0,0x0,0x0,0x0,0x0,0x0,0x0,0x0,0x0,0x0,0x0,
        0x0,0x0,0x0,0x0,0x0,0x0,0x0,0x0,0x0,0x0,0x0,0x0,0x0,0x0,0x0,0x0,0x0,0x0,0x94,0x94,0x0,0x6B,0xB5,0x0,0x0,0x0,0x0,0x0,0x0,0x0,0x0,0x0,0x0,0xB5,0xFF,0x94,0x4A,0x0,0x0,0x0,0x0,0x0,0x0,0x0,0x0,0x0,0x0,0x0,0x0,0x0,0x0,0x0,0x0,0x0,0x0,0x0,
        0x0,0x0,0x0,0x0,0x0,0x0,0x0,0x0,0x0,0x0,0x0,0x0,0x0,0x0,0x0,0x0,0x0,0x0,0x0,0x0,0x0,0xB5,0x4A,0x0,0x0,0x0,0x0,0x0,0x0,0x0,0x0,0x0,0x0,0x0,0x21,0x0,0x0,0x0,0x0,0x0,0x0,0x0,0x0,0x0,0x0,0x0,0x0,0x0,0x0,0x0,0x0,0x0,0x0,0x0,0x0,0x0
    }
};

const gfx_sprite_t sprite_gaster_blaster_3_10 = {
    .width = 56,
    .height = 56,
    .data = {
        0x0,0x0,0x0,0x0,0x0,0x0,0x0,0x0,0x0,0x0,0x0,0x0,0x0,0x0,0x0,0x0,0x0,0x0,0x0,0x0,0x0,0x0,0x0,0x0,0x0,0x0,0x0,0x0,0x0,0x0,0x0,0x0,0x0,0x0,0x0,0x0,0x0,0x0,0x0,0x0,0x0,0x0,0x0,0x0,0x0,0x0,0x0,0x0,0x0,0x0,0x0,0x0,0x0,0x0,0x0,0x0,
        0x0,0x0,0x0,0x0,0x0,0x0,0x0,0x0,0x0,0x0,0x0,0x0,0x0,0x0,0x0,0x0,0x0,0x0,0x0,0x0,0x0,0x0,0x0,0x0,0x0,0x0,0x0,0x0,0x0,0x0,0x0,0x0,0x0,0x0,0x0,0x0,0x0,0x0,0x0,0x0,0x0,0x0,0x0,0x0,0x0,0x0,0x0,0x0,0x0,0x0,0x0,0x0,0x0,0x0,0x0,0x0,
        0x0,0x0,0x0,0x0,0x0,0x0,0x0,0x0,0x0,0x0,0x0,0x0,0x0,0x0,0x0,0x0,0x0,0xFF,0xFF,0xFF,0xFF,0x0,0x0,0x0,0x0,0x0,0x0,0x0,0x0,0x0,0x0,0x0,0x0,0x0,0x0,0x0,0x0,0xFF,0xFF,0xFF,0xFF,0x0,0x0,0x0,0x0,0x0,0x0,0x0,0x0,0x0,0x0,0x0,0x0,0x0,0x0,0x0,
        0x0,0x0,0x0,0x0,0x0,0x0,0x0,0x0,0x0,0x0,0x0,0x0,0x0,0x0,0x0,0x0,0xFF,0xFF,0xFF,0xFF,0xFF,0x0,0x0,0x0,0x0,0x0,0x0,0x0,0x0,0x0,0x0,0x0,0x0,0x0,0x0,0x0,0x0,0xFF,0xFF,0xFF,0xFF,0xFF,0x0,0x0,0x0,0x0,0x0,0x0,0x0,0x0,0x0,0x0,0x0,0x0,0x0,0x0,
        0x0,0x0,0x0,0x0,0x0,0x0,0x0,0x0,0x0,0x0,0x0,0x0,0x0,0x0,0x0,0x0,0xFF,0xFF,0xFF,0xFF,0xFF,0x0,0x0,0x0,0x0,0x0,0x0,0x0,0x0,0x0,0x0,0x0,0x0,0x0,0x0,0x0,0x0,0xFF,0xFF,0xFF,0xFF,0xFF,0x0,0x0,0x0,0x0,0x0,0x0,0x0,0x0,0x0,0x0,0x0,0x0,0x0,0x0,
        0x0,0x0,0x0,0x0,0x0,0x0,0x0,0x0,0x0,0x0,0x0,0x0,0x0,0x0,0x0,0xFF,0xFF,0xFF,0xFF,0xFF,0xFF,0x0,0x0,0x0,0x0,0x0,0x0,0x0,0x0,0x0,0x0,0x0,0x0,0x0,0x0,0x0,0x0,0xFF,0xFF,0xFF,0xFF,0xFF,0xFF,0x0,0x0,0x0,0x0,0x0,0x0,0x0,0x0,0x0,0x0,0x0,0x0,0x0,
        0x0,0x0,0x0,0x0,0x0,0x0,0x0,0x0,0x0,0x0,0x0,0x0,0x0,0x0,0x0,0xFF,0xFF,0x0,0xFF,0xFF,0xFF,0x0,0x0,0x0,0x0,0x0,0x0,0x0,0x0,0x0,0x0,0x0,0x0,0x0,0x0,0x0,0x0,0xFF,0xFF,0xFF,0x0,0xFF,0xFF,0x0,0x0,0x0,0x0,0x0,0x0,0x0,0x0,0x0,0x0,0x0,0x0,0x0,
        0x0,0x0,0x0,0x0,0x0,0x0,0x0,0x0,0x0,0x0,0x0,0x0,0x0,0x0,0xFF,0x0,0xFF,0x0,0xFF,0xFF,0xFF,0x0,0x0,0x0,0x0,0x0,0x0,0x0,0x0,0x0,0x0,0x0,0x0,0x0,0x0,0x0,0x0,0xFF,0xFF,0xFF,0x0,0xFF,0x0,0xFF,0x0,0x0,0x0,0x0,0x0,0x0,0x0,0x0,0x0,0x0,0x0,0x0,
        0x0,0x0,0x0,0x0,0x0,0x0,0x0,0x0,0x0,0x0,0x0,0x0,0x0,0x0,0xFF,0x0,0xFF,0x0,0x0,0xFF,0xFF,0x0,0x0,0x0,0x0,0x0,0x0,0x0,0x0,0x0,0x0,0x0,0x0,0x0,0x0,0x0,0x0,0xFF,0xFF,0x0,0x0,0xFF,0x0,0xFF,0x0,0x0,0x0,0x0,0x0,0x0,0x0,0x0,0x0,0x0,0x0,0x0,
        0x0,0x0,0x0,0x0,0x0,0x0,0x0,0x0,0x0,0x0,0x0,0x0,0x0,0xFF,0xFF,0x0,0xFF,0x0,0x0,0xFF,0xFF,0x0,0x0,0x0,0x0,0x0,0x0,0x0,0x0,0x0,0x0,0x0,0x0,0x0,0x0,0x0,0x0,0xFF,0xFF,0x0,0x0,0xFF,0x0,0xFF,0xFF,0x0,0x0,0x0,0x0,0x0,0x0,0x0,0x0,0x0,0x0,0x0,
        0x0,0x0,0x0,0x0,0x0,0x0,0x0,0x0,0x0,0x0,0x0,0x0,0x0,0x0,0x0,0x0,0x0,0x0,0xFF,0xFF,0xFF,0x0,0x0,0x0,0x0,0x0,0x0,0x0,0x0,0x0,0x0,0x0,0x0,0x0,0x0,0x0,0x0,0xFF,0xFF,0xFF,0x0,0x0,0x0,0x0,0x0,0x0,0x0,0x0,0x0,0x0,0x0,0x0,0x0,0x0,0x0,0x0,
        0x0,0x0,0x0,0x0,0x0,0x0,0x0,0x0,0x0,0x0,0x0,0x0,0x0,0x0,0x0,0x0,0x0,0xFF,0xFF,0xFF,0x0,0x0,0x0,0x0,0xFF,0x0,0x0,0x0,0x0,0x0,0x0,0x0,0x0,0xFF,0x0,0x0,0x0,0x0,0xFF,0xFF,0xFF,0x0,0x0,0x0,0x0,0x0,0x0,0x0,0x0,0x0,0x0,0x0,0x0,0x0,0x0,0x0,
        0x0,0x0,0x0,0x0,0x0,0x0,0x0,0x0,0x0,0x0,0x0,0x0,0x0,0x0,0x0,0x0,0xFF,0xFF,0xFF,0xFF,0x0,0x0,0x0,0x0,0xFF,0x0,0x0,0x0,0x0,0x0,0x0,0x0,0x0,0xFF,0x0,0x0,0x0,0x0,0xFF,0xFF,0xFF,0xFF,0x0,0x0,0x0,0x0,0x0,0x0,0x0,0x0,0x0,0x0,0x0,0x0,0x0,0x0,
        0x0,0x0,0x0,0x0,0x0,0x0,0x0,0x0,0x0,0x0,0x0,0x0,0x0,0x0,0x0,0xFF,0xFF,0xFF,0xFF,0x0,0xFF,0x0,0x0,0x0,0x0,0xFF,0x0,0x0,0x0,0x0,0x0,0x0,0xFF,0x0,0x0,0x0,0x0,0xFF,0x0,0xFF,0xFF,0xFF,0xFF,0x0,0x0,0x0,0x0,0x0,0x0,0x0,0x0,0x0,0x0,0x0,0x0,0x0,
        0x0,0x0,0x0,0x0,0x0,0x0,0x0,0x0,0x0,0x0,0x0,0x0,0x0,0x0,0xFF,0xFF,0xFF,0xFF,0x0,0x0,0xFF,0x0,0x0,0x0,0x0,0xFF,0x0,0x0,0x0,0x0,0x0,0x0,0xFF,0x0,0x0,0x0,0x0,0xFF,0x0,0x0,0xFF,0xFF,0xFF,0xFF,0x0,0x0,0x0,0x0,0x0,0x0,0x0,0x0,0x0,0x0,0x0,0x0,
        0x0,0x0,0x0,0x0,0x0,0x0,0x0,0x0,0x0,0x0,0x0,0x0,0x0,0xFF,0xFF,0xFF,0xFF,0xFF,0x0,0x0,0xFF,0x0,0x0,0x0,0x0,0xFF,0x0,0x0,0x0,0x0,0x0,0x0,0xFF,0x0,0x0,0x0,0x0,0xFF,0x0,0x0,0xFF,0xFF,0xFF,0xFF,0xFF,0x0,0x0,0x0,0x0,0x0,0x0,0x0,0x0,0x0,0x0,0x0,
        0x0,0x0,0x0,0x0,0x0,0x0,0x0,0x0,0x0,0x0,0x0,0x0,0xFF,0xFF,0xFF,0xFF,0xFF,0x0,0x0,0x0,0xFF,0x0,0xFF,0x0,0xFF,0xFF,0xFF,0x0,0x0,0x0,0x0,0xFF,0xFF,0xFF,0x0,0xFF,0x0,0xFF,0x0,0x0,0x0,0xFF,0xFF,0xFF,0xFF,0xFF,0x0,0x0,0x0,0x0,0x0,0x0,0x0,0x0,0x0,0x0,
        0x0,0x0,0x0,0x0,0x0,0x0,0x0,0x0,0x0,0x0,0x0,0xFF,0xFF,0xFF,0xFF,0xFF,0xFF,0x0,0x0,0x0,0xFF,0x0,0xFF,0xFF,0xFF,0xFF,0xFF,0xFF,0x0,0x0,0xFF,0xFF,0xFF,0xFF,0xFF,0xFF,0x0,0xFF,0x0,0x0,0x0,0xFF,0xFF,0xFF,0xFF,0xFF,0xFF,0x0,0x0,0x0,0x0,0x0,0x0,0x0,0x0,0x0,
        0x0,0x0,0x0,0x0,0x0,0x0,0x0,0x0,0x0,0x0,0x0,0xFF,0xFF,0xFF,0xFF,0xFF,0xFF,0x0,0x0,0x0,0xFF,0x0,0xFF,0xFF,0xFF,0xFF,0xFF,0xFF,0x0,0x0,0xFF,0xFF,0xFF,0xFF,0xFF,0xFF,0x0,0xFF,0x0,0x0,0x0,0xFF,0xFF,0xFF,0xFF,0xFF,0xFF,0x0,0x0,0x0,0x0,0x0,0x0,0x0,0x0,0x0,
        0x0,0x0,0x0,0x0,0x0,0x0,0x0,0x0,0x0,0x0,0xFF,0xFF,0xFF,0xFF,0xFF,0xFF,0xFF,0x0,0x0,0x0,0xFF,0xFF,0xFF,0xFF,0xFF,0xFF,0x0,0x0,0x0,0x0,0x0,0x0,0xFF,0xFF,0xFF,0xFF,0xFF,0xFF,0x0,0x0,0x0,0xFF,0xFF,0xFF,0xFF,0xFF,0xFF,0xFF,0x0,0x0,0x0,0x0,0x0,0x0,0x0,0x0,
        0x0,0x0,0x0,0x0,0x0,0x0,0x0,0x0,0x0,0x0,0xFF,0xFF,0xFF,0xFF,0xFF,0xFF,0x0,0xFF,0x0,0xFF,0xFF,0xFF,0xFF,0xFF,0xFF,0x0,0x0,0x0,0x0,0x0,0x0,0x0,0x0,0xFF,0xFF,0xFF,0xFF,0xFF,0xFF,0x0,0xFF,0x0,0xFF,0xFF,0xFF,0xFF,0xFF,0xFF,0x0,0x0,0x0,0x0,0x0,0x0,0x0,0x0,
        0x0,0x0,0x0,0x0,0x0,0x0,0x0,0x0,0x0,0x0,0xFF,0xFF,0x0,0xFF,0xFF,0x0,0x0,0xFF,0x0,0xFF,0xFF,0xFF,0xFF,0xFF,0xFF,0x0,0x0,0x0,0x0,0x0,0x0,0x0,0x0,0xFF,0xFF,0xFF,0xFF,0xFF,0xFF,0x0,0xFF,0x0,0x0,0xFF,0xFF,0x0,0xFF,0xFF,0x0,0x0,0x0,0x0,0x0,0x0,0x0,0x0,
        0x0,0x0,0x0,0x0,0x0,0x0,0x0,0x0,0x0,0x0,0xFF,0x0,0x0,0xFF,0xFF,0x0,0x0,0xFF,0xFF,0xFF,0xFF,0xFF,0xFF,0xFF,0xFF,0x0,0x0,0x0,0x0,0x0,0x0,0x0,0x0,0xFF,0xFF,0xFF,0xFF,0xFF,0xFF,0xFF,0xFF,0x0,0x0,0xFF,0xFF,0x0,0x0,0xFF,0x0,0x0,0x0,0x0,0x0,0x0,0x0,0x0,
        0x0,0x0,0x0,0x0,0x0,0x0,0x0,0x0,0xFF,0xFF,0x0,0x0,0x0,0xFF,0x0,0x0,0x0,0xFF,0xFF,0xFF,0xFF,0xFF,0xFF,0xFF,0xFF,0x0,0x0,0x0,0x0,0x0,0x0,0x0,0x0,0xFF,0xFF,0xFF,0xFF,0xFF,0xFF,0xFF,0xFF,0x0,0x0,0x0,0xFF,0x0,0x0,0x0,0xFF,0xFF,0x0,0x0,0x0,0x0,0x0,0x0,
        0x0,0x0,0x0,0x0,0x0,0x0,0x0,0x0,0x0,0x0,0x0,0x0,0x0,0xFF,0x0,0x0,0x0,0xFF,0xFF,0xFF,0xFF,0xFF,0xFF,0xFF,0xFF,0xFF,0x0,0x0,0x0,0x0,0x0,0x0,0xFF,0xFF,0xFF,0xFF,0xFF,0xFF,0xFF,0xFF,0xFF,0x0,0x0,0x0,0xFF,0x0,0x0,0x0,0x0,0x0,0x0,0x0,0x0,0x0,0x0,0x0,
        0x0,0x0,0x0,0x0,0x0,0x0,0x0,0x0,0x0,0x0,0x0,0x0,0xFF,0xFF,0x0,0x0,0x0,0xFF,0xFF,0xFF,0xFF,0xFF,0xFF,0xFF,0xFF,0xFF,0x0,0x0,0x0,0x0,0x0,0x0,0xFF,0xFF,0xFF,0xFF,0xFF,0xFF,0xFF,0xFF,0xFF,0x0,0x0,0x0,0xFF,0xFF,0x0,0x0,0x0,0x0,0x0,0x0,0x0,0x0,0x0,0x0,
        0x0,0x0,0x0,0x0,0x0,0x0,0x0,0x0,0x0,0x0,0x0,0x0,0xFF,0xFF,0x0,0x0,0xFF,0xFF,0xFF,0x0,0x0,0x0,0x0,0x0,0xFF,0xFF,0xFF,0x0,0x0,0x0,0x0,0xFF,0xFF,0xFF,0x0,0x0,0x0,0x0,0x0,0xFF,0xFF,0xFF,0x0,0x0,0xFF,0xFF,0x0,0x0,0x0,0x0,0x0,0x0,0x0,0x0,0x0,0x0,
        0x0,0x0,0x0,0x0,0x0,0x0,0x0,0x0,0x0,0x0,0x0,0x0,0xFF,0xFF,0x0,0x0,0xFF,0x0,0x0,0xFF,0xFF,0xFF,0x0,0x0,0xFF,0xFF,0xFF,0x0,0x0,0x0,0x0,0xFF,0xFF,0xFF,0x0,0x0,0xFF,0xFF,0xFF,0x0,0x0,0xFF,0x0,0x0,0xFF,0xFF,0x0,0x0,0x0,0x0,0x0,0x0,0x0,0x0,0x0,0x0,
        0x0,0x0,0x0,0x0,0x0,0x0,0x0,0x0,0x0,0x0,0x0,0x0,0xFF,0x0,0x0,0xFF,0xFF,0x0,0xFF,0xFF,0xFF,0xFF,0x0,0x0,0xFF,0xFF,0xFF,0x0,0x0,0x0,0x0,0xFF,0xFF,0xFF,0x0,0x0,0xFF,0xFF,0xFF,0xFF,0x0,0xFF,0xFF,0x0,0x0,0xFF,0x0,0x0,0x0,0x0,0x0,0x0,0x0,0x0,0x0,0x0,
        0x0,0x0,0x0,0x0,0x0,0x0,0x0,0x0,0x0,0x0,0x0,0xFF,0xFF,0x0,0x0,0xFF,0xFF,0x0,0xFF,0xFF,0xFF,0xFF,0x0,0xFF,0xFF,0xFF,0xFF,0x0,0x0,0x0,0x0,0xFF,0xFF,0xFF,0xFF,0x0,0xFF,0xFF,0xFF,0xFF,0x0,0xFF,0xFF,0x0,0x0,0xFF,0xFF,0x0,0x0,0x0,0x0,0x0,0x0,0x0,0x0,0x0,
        0x0,0x0,0x0,0x0,0x0,0x0,0x0,0x0,0x0,0x0,0x0,0xFF,0xFF,0x0,0x0,0xFF,0x0,0x0,0xFF,0xFF,0xFF,0xFF,0x0,0xFF,0xFF,0xFF,0xFF,0x0,0x0,0x0,0x0,0xFF,0xFF,0xFF,0xFF,0x0,0xFF,0xFF,0xFF,0xFF,0x0,0x0,0xFF,0x0,0x0,0xFF,0xFF,0x0,0x0,0x0,0x0,0x0,0x0,0x0,0x0,0x0,
        0x0,0x0,0x0,0x0,0x0,0x0,0x0,0x0,0x0,0x0,0x0,0xFF,0xFF,0x0,0x0,0xFF,0x0,0x0,0xFF,0xFF,0xFF,0xFF,0x0,0xFF,0xFF,0xFF,0xFF,0x0,0x0,0x0,0x0,0xFF,0xFF,0xFF,0xFF,0x0,0xFF,0xFF,0xFF,0xFF,0x0,0x0,0xFF,0x0,0x0,0xFF,0xFF,0x0,0x0,0x0,0x0,0x0,0x0,0x0,0x0,0x0,
        0x0,0x0,0x0,0x0,0x0,0x0,0x0,0x0,0x0,0x0,0x0,0xFF,0xFF,0x0,0x0,0xFF,0x0,0x0,0x0,0xFF,0xFF,0x0,0x0,0xFF,0xFF,0xFF,0xFF,0x0,0x0,0x0,0x0,0xFF,0xFF,0xFF,0xFF,0x0,0x0,0xFF,0xFF,0x0,0x0,0x0,0xFF,0x0,0x0,0xFF,0xFF,0x0,0x0,0x0,0x0,0x0,0x0,0x0,0x0,0x0,
        0x0,0x0,0x0,0x0,0x0,0x0,0x0,0x0,0x0,0x0,0xFF,0xFF,0xFF,0x0,0xFF,0xFF,0x0,0x0,0x0,0x0,0x0,0x0,0xFF,0xFF,0xFF,0xFF,0xFF,0x0,0x0,0x0,0x0,0xFF,0xFF,0xFF,0xFF,0xFF,0x0,0x0,0x0,0x0,0x0,0x0,0xFF,0xFF,0x0,0xFF,0xFF,0xFF,0x0,0x0,0x0,0x0,0x0,0x0,0x0,0x0,
        0x0,0x0,0x0,0x0,0x0,0x0,0x0,0x0,0x0,0xFF,0xFF,0xFF,0xFF,0x0,0xFF,0xFF,0x0,0x0,0x0,0x0,0x0,0xFF,0xFF,0xFF,0xFF,0xFF,0xFF,0x0,0x0,0x0,0x0,0xFF,0xFF,0xFF,0xFF,0xFF,0xFF,0x0,0x0,0x0,0x0,0x0,0xFF,0xFF,0x0,0xFF,0xFF,0xFF,0xFF,0x0,0x0,0x0,0x0,0x0,0x0,0x0,
        0x0,0x0,0x0,0x0,0x0,0x0,0x0,0x0,0x0,0xFF,0xFF,0xFF,0xFF,0x0,0xFF,0xFF,0xFF,0x0,0x0,0x0,0xFF,0xFF,0xFF,0xFF,0xFF,0xFF,0xFF,0x0,0x0,0x0,0x0,0xFF,0xFF,0xFF,0xFF,0xFF,0xFF,0xFF,0x0,0x0,0x0,0xFF,0xFF,0xFF,0x0,0xFF,0xFF,0xFF,0xFF,0x0,0x0,0x0,0x0,0x0,0x0,0x0,
        0x0,0x0,0x0,0x0,0x0,0x0,0x0,0x0,0xFF,0xFF,0xFF,0xFF,0xFF,0x0,0x0,0xFF,0xFF,0xFF,0xFF,0xFF,0xFF,0xFF,0xFF,0xFF,0xFF,0xFF,0xFF,0x0,0x0,0x0,0x0,0xFF,0xFF,0xFF,0xFF,0xFF,0xFF,0xFF,0xFF,0xFF,0xFF,0xFF,0xFF,0x0,0x0,0xFF,0xFF,0xFF,0xFF,0xFF,0x0,0x0,0x0,0x0,0x0,0x0,
        0x0,0x0,0x0,0x0,0x0,0x0,0x0,0x0,0xFF,0xFF,0xFF,0xFF,0xFF,0x0,0x0,0xFF,0xFF,0xFF,0xFF,0xFF,0xFF,0xFF,0xFF,0xFF,0xFF,0xFF,0xFF,0x0,0x0,0x0,0x0,0xFF,0xFF,0xFF,0xFF,0xFF,0xFF,0xFF,0xFF,0xFF,0xFF,0xFF,0xFF,0x0,0x0,0xFF,0xFF,0xFF,0xFF,0xFF,0x0,0x0,0x0,0x0,0x0,0x0,
        0x0,0x0,0x0,0x0,0x0,0x0,0x0,0x0,0xFF,0xFF,0xFF,0xFF,0xFF,0xFF,0x0,0xFF,0xFF,0xFF,0xFF,0xFF,0xFF,0xFF,0xFF,0xFF,0xFF,0xFF,0xFF,0x0,0x0,0x0,0x0,0xFF,0xFF,0xFF,0xFF,0xFF,0xFF,0xFF,0xFF,0xFF,0xFF,0xFF,0xFF,0x0,0xFF,0xFF,0xFF,0xFF,0xFF,0xFF,0x0,0x0,0x0,0x0,0x0,0x0,
        0x0,0x0,0x0,0x0,0x0,0x0,0x0,0x0,0xFF,0xFF,0xFF,0xFF,0xFF,0xFF,0xFF,0x0,0xFF,0xFF,0xFF,0xFF,0xFF,0xFF,0xFF,0xFF,0xFF,0xFF,0xFF,0x0,0x0,0x0,0x0,0xFF,0xFF,0xFF,0xFF,0xFF,0xFF,0xFF,0xFF,0xFF,0xFF,0xFF,0x0,0xFF,0xFF,0xFF,0xFF,0xFF,0xFF,0xFF,0x0,0x0,0x0,0x0,0x0,0x0,
        0x0,0x0,0x0,0x0,0x0,0x0,0x0,0x0,0xFF,0xFF,0xFF,0xFF,0xFF,0xFF,0xFF,0xFF,0xFF,0xFF,0xFF,0xFF,0xFF,0xFF,0xFF,0xFF,0xFF,0xFF,0xFF,0x0,0x0,0x0,0x0,0xFF,0xFF,0xFF,0xFF,0xFF,0xFF,0xFF,0xFF,0xFF,0xFF,0xFF,0xFF,0xFF,0xFF,0xFF,0xFF,0xFF,0xFF,0xFF,0x0,0x0,0x0,0x0,0x0,0x0,
        0x0,0x0,0x0,0x0,0x0,0x0,0x0,0x0,0x0,0xFF,0xFF,0xFF,0xFF,0xFF,0xFF,0xFF,0xFF,0xFF,0xFF,0xFF,0xFF,0xFF,0xFF,0xFF,0xFF,0xFF,0xFF,0x0,0x0,0x0,0x0,0xFF,0xFF,0xFF,0xFF,0xFF,0xFF,0xFF,0xFF,0xFF,0xFF,0xFF,0xFF,0xFF,0xFF,0xFF,0xFF,0xFF,0xFF,0x0,0x0,0x0,0x0,0x0,0x0,0x0,
        0x0,0x0,0x0,0x0,0x0,0x0,0x0,0x0,0x0,0xFF,0xFF,0xFF,0xFF,0xFF,0xFF,0xFF,0xFF,0xFF,0xFF,0xFF,0xFF,0xFF,0xFF,0xFF,0xFF,0xFF,0xFF,0x0,0x0,0x0,0x0,0xFF,0xFF,0xFF,0xFF,0xFF,0xFF,0xFF,0xFF,0xFF,0xFF,0xFF,0xFF,0xFF,0xFF,0xFF,0xFF,0xFF,0xFF,0x0,0x0,0x0,0x0,0x0,0x0,0x0,
        0x0,0x0,0x0,0x0,0x0,0x0,0x0,0x0,0x0,0x0,0xFF,0xFF,0xFF,0xFF,0xFF,0xFF,0xFF,0xFF,0xFF,0xFF,0xFF,0xFF,0xFF,0xFF,0xFF,0xFF,0xFF,0x0,0x0,0x0,0x0,0xFF,0xFF,0xFF,0xFF,0xFF,0xFF,0xFF,0xFF,0xFF,0xFF,0xFF,0xFF,0xFF,0xFF,0xFF,0xFF,0xFF,0x0,0x0,0x0,0x0,0x0,0x0,0x0,0x0,
        0x0,0x0,0x0,0x0,0x0,0x0,0x0,0x0,0x0,0x0,0xFF,0xFF,0xFF,0xFF,0xFF,0xFF,0xFF,0xFF,0xFF,0xFF,0xFF,0xFF,0xFF,0xFF,0xFF,0xFF,0xFF,0x0,0x0,0x0,0x0,0xFF,0xFF,0xFF,0xFF,0xFF,0xFF,0xFF,0xFF,0xFF,0xFF,0xFF,0xFF,0xFF,0xFF,0xFF,0xFF,0xFF,0x0,0x0,0x0,0x0,0x0,0x0,0x0,0x0,
        0x0,0x0,0x0,0x0,0x0,0x0,0x0,0x0,0x0,0x0,0x0,0xFF,0xFF,0x0,0x0,0xFF,0xFF,0xFF,0xFF,0xFF,0xFF,0xFF,0xFF,0xFF,0xFF,0xFF,0xFF,0x0,0x0,0x0,0x0,0xFF,0xFF,0xFF,0xFF,0xFF,0xFF,0xFF,0xFF,0xFF,0xFF,0xFF,0xFF,0x0,0x0,0xFF,0xFF,0x0,0x0,0x0,0x0,0x0,0x0,0x0,0x0,0x0,
        0x0,0x0,0x0,0x0,0x0,0x0,0x0,0x0,0x0,0x0,0x0,0xFF,0xFF,0x0,0x0,0x0,0xFF,0xFF,0xFF,0xFF,0xFF,0xFF,0xFF,0xFF,0xFF,0xFF,0xFF,0xFF,0x0,0x0,0xFF,0xFF,0xFF,0xFF,0xFF,0xFF,0xFF,0xFF,0xFF,0xFF,0xFF,0xFF,0x0,0x0,0x0,0xFF,0xFF,0x0,0x0,0x0,0x0,0x0,0x0,0x0,0x0,0x0,
        0x0,0x0,0x0,0x0,0x0,0x0,0x0,0x0,0x0,0x0,0x0,0xFF,0xFF,0xFF,0x0,0x0,0x0,0xFF,0xFF,0xFF,0xFF,0xFF,0xFF,0xFF,0xFF,0xFF,0xFF,0xFF,0x0,0x0,0xFF,0xFF,0xFF,0xFF,0xFF,0xFF,0xFF,0xFF,0xFF,0xFF,0xFF,0x0,0x0,0x0,0xFF,0xFF,0xFF,0x0,0x0,0x0,0x0,0x0,0x0,0x0,0x0,0x0,
        0x0,0x0,0x0,0x0,0x0,0x0,0x0,0x0,0x0,0x0,0x0,0x0,0xFF,0xFF,0x0,0x0,0x0,0x0,0x0,0xFF,0xFF,0xFF,0xFF,0xFF,0xFF,0xFF,0xFF,0xFF,0x0,0x0,0xFF,0xFF,0xFF,0xFF,0xFF,0xFF,0xFF,0xFF,0xFF,0x0,0x0,0x0,0x0,0x0,0xFF,0xFF,0x0,0x0,0x0,0x0,0x0,0x0,0x0,0x0,0x0,0x0,
        0x0,0x0,0x0,0x0,0x0,0x0,0x0,0x0,0x0,0x0,0x0,0x0,0x0,0xFF,0xFF,0x0,0x0,0x0,0x0,0x0,0x0,0xFF,0xFF,0xFF,0xFF,0xFF,0xFF,0xFF,0x0,0x0,0xFF,0xFF,0xFF,0xFF,0xFF,0xFF,0xFF,0x0,0x0,0x0,0x0,0x0,0x0,0xFF,0xFF,0x0,0x0,0x0,0x0,0x0,0x0,0x0,0x0,0x0,0x0,0x0,
        0x0,0x0,0x0,0x0,0x0,0x0,0x0,0x0,0x0,0x0,0x0,0x0,0x0,0x0,0xFF,0xFF,0x0,0x0,0x0,0x0,0x0,0x0,0x0,0xFF,0xFF,0xFF,0xFF,0xFF,0x0,0x0,0xFF,0xFF,0xFF,0xFF,0xFF,0x0,0x0,0x0,0x0,0x0,0x0,0x0,0xFF,0xFF,0x0,0x0,0x0,0x0,0x0,0x0,0x0,0x0,0x0,0x0,0x0,0x0,
        0x0,0x0,0x0,0x0,0x0,0x0,0x0,0x0,0x0,0x0,0x0,0x0,0x0,0x0,0x0,0xFF,0xFF,0x0,0x0,0x0,0x0,0x0,0x0,0x0,0xFF,0xFF,0xFF,0xFF,0x0,0x0,0xFF,0xFF,0xFF,0xFF,0x0,0x0,0x0,0x0,0x0,0x0,0x0,0xFF,0xFF,0x0,0x0,0x0,0x0,0x0,0x0,0x0,0x0,0x0,0x0,0x0,0x0,0x0,
        0x0,0x0,0x0,0x0,0x0,0x0,0x0,0x0,0x0,0x0,0x0,0x0,0x0,0x0,0x0,0x0,0x0,0x0,0x0,0x0,0x0,0x0,0x0,0x0,0x0,0xFF,0xFF,0xFF,0x0,0x0,0xFF,0xFF,0xFF,0x0,0x0,0x0,0x0,0x0,0x0,0x0,0x0,0x0,0x0,0x0,0x0,0x0,0x0,0x0,0x0,0x0,0x0,0x0,0x0,0x0,0x0,0x0,
        0x0,0x0,0x0,0x0,0x0,0x0,0x0,0x0,0x0,0x0,0x0,0x0,0x0,0x0,0x0,0x0,0x0,0x0,0x0,0x0,0x0,0x0,0x0,0x0,0x0,0x0,0xFF,0xFF,0x0,0x0,0xFF,0xFF,0x0,0x0,0x0,0x0,0x0,0x0,0x0,0x0,0x0,0x0,0x0,0x0,0x0,0x0,0x0,0x0,0x0,0x0,0x0,0x0,0x0,0x0,0x0,0x0,
        0x0,0x0,0x0,0x0,0x0,0x0,0x0,0x0,0x0,0x0,0x0,0x0,0x0,0x0,0x0,0x0,0x0,0x0,0x0,0x0,0x0,0x0,0x0,0x0,0x0,0x0,0x0,0xFF,0x0,0x0,0xFF,0x0,0x0,0x0,0x0,0x0,0x0,0x0,0x0,0x0,0x0,0x0,0x0,0x0,0x0,0x0,0x0,0x0,0x0,0x0,0x0,0x0,0x0,0x0,0x0,0x0,
        0x0,0x0,0x0,0x0,0x0,0x0,0x0,0x0,0x0,0x0,0x0,0x0,0x0,0x0,0x0,0x0,0x0,0x0,0x0,0x0,0x0,0x0,0x0,0x0,0x0,0x0,0x0,0xFF,0x0,0x0,0xFF,0x0,0x0,0x0,0x0,0x0,0x0,0x0,0x0,0x0,0x0,0x0,0x0,0x0,0x0,0x0,0x0,0x0,0x0,0x0,0x0,0x0,0x0,0x0,0x0,0x0
    }
};

const gfx_sprite_t sprite_gaster_blaster_3_11 = {
    .width = 56,
    .height = 56,
    .data = {
        0x0,0x0,0x0,0x0,0x0,0x0,0x0,0x0,0x0,0x0,0x0,0x0,0x0,0x0,0x0,0x0,0x0,0x0,0x0,0x0,0x0,0x0,0x0,0x0,0x0,0x0,0x0,0x0,0x21,0xB5,0xFF,0xFF,0xDE,0x94,0x0,0x0,0x0,0x0,0x0,0x0,0x0,0x0,0x0,0x0,0x0,0x0,0x0,0x0,0x0,0x0,0x0,0x0,0x0,0x0,0x0,0x0,
        0x0,0x0,0x0,0x0,0x0,0x0,0x0,0x0,0x0,0x0,0x0,0x0,0x0,0x0,0x0,0x0,0x0,0x0,0x0,0x0,0x0,0x0,0x0,0x0,0x0,0x0,0x0,0x0,0x4A,0xFF,0xFF,0xFF,0xFF,0xFF,0x21,0x0,0x0,0x0,0x0,0x0,0x0,0x0,0x0,0x0,0x0,0x0,0x0,0x0,0x0,0x0,0x0,0x0,0x0,0x0,0x0,0x0,
        0x0,0x0,0x0,0x0,0x0,0x0,0x0,0x0,0x0,0x0,0x0,0x0,0x0,0x0,0x0,0x0,0x0,0x0,0x0,0x0,0x0,0x0,0x0,0x0,0x0,0x0,0x0,0x0,0x0,0xFF,0xFF,0xFF,0xFF,0xFF,0xFF,0x4A,0x0,0x0,0x0,0x0,0x0,0x0,0x0,0x0,0x0,0x0,0x0,0x0,0x0,0x0,0x0,0x0,0x0,0x0,0x0,0x0,
        0x0,0x0,0x0,0x0,0x0,0x0,0x0,0x0,0x0,0x0,0x0,0x0,0x0,0x0,0x0,0x0,0x0,0x0,0x0,0x0,0x0,0x0,0x0,0x0,0x0,0x0,0x0,0x0,0x0,0xB5,0xFF,0xFF,0xDE,0x94,0xFF,0x94,0x6B,0x0,0x0,0x0,0x0,0x0,0x0,0x0,0x0,0x0,0x0,0x0,0x0,0x0,0x0,0x0,0x0,0x0,0x0,0x0,
        0x0,0x0,0x0,0x0,0x0,0x0,0x0,0x0,0x0,0x0,0x0,0x0,0x0,0x0,0x0,0x0,0x0,0x0,0x0,0x0,0x0,0x0,0x0,0x0,0x0,0x0,0x0,0x0,0x0,0x4A,0xFF,0xFF,0xDE,0x21,0xDE,0x0,0xFF,0x0,0x0,0x0,0x0,0x0,0x0,0x0,0x0,0x0,0x0,0x0,0x0,0x0,0x0,0x0,0x0,0x0,0x0,0x0,
        0x0,0x0,0x0,0x0,0x0,0x0,0x0,0x0,0x0,0x0,0x0,0x0,0x21,0x0,0x0,0x0,0x0,0x0,0x0,0x0,0x0,0x0,0x0,0x0,0x0,0x0,0x0,0x0,0x0,0x0,0xFF,0xFF,0xB5,0x0,0xDE,0x21,0xB5,0xFF,0x4A,0x0,0x0,0x0,0x0,0x0,0x0,0x0,0x0,0x0,0x0,0x0,0x0,0x0,0x0,0x0,0x0,0x0,
        0x0,0x0,0x0,0x0,0x0,0x0,0x0,0x0,0x0,0x21,0x94,0xDE,0xFF,0x6B,0x0,0x0,0x0,0x0,0x0,0x0,0x0,0x0,0x0,0x0,0x0,0x0,0x0,0x0,0x0,0x0,0xB5,0xFF,0x6B,0x0,0x94,0x6B,0x21,0x21,0x0,0x0,0x0,0x0,0x0,0x0,0x0,0x0,0x0,0x0,0x0,0x0,0x0,0x0,0x0,0x0,0x0,0x0,
        0x0,0x0,0x0,0x0,0x0,0x0,0x0,0x0,0x0,0x94,0xFF,0xFF,0xFF,0xDE,0x0,0x0,0x0,0x0,0x0,0x0,0x0,0x0,0x0,0x0,0x0,0x0,0x0,0x0,0x0,0x0,0x6B,0xFF,0xDE,0x6B,0x0,0x0,0x0,0x0,0x0,0x0,0x0,0x0,0x0,0x0,0x0,0x0,0x0,0x0,0x0,0x0,0x0,0x0,0x0,0x0,0x0,0x0,
        0x0,0x0,0x0,0x0,0x0,0x0,0x0,0x0,0x0,0xFF,0xFF,0xFF,0xFF,0xFF,0x21,0x0,0x0,0x0,0x0,0x0,0x0,0x0,0x0,0x0,0x0,0x0,0x0,0x0,0x0,0x0,0x0,0xFF,0xFF,0xFF,0xDE,0x4A,0x0,0x0,0x0,0x0,0x0,0x0,0x0,0x0,0x0,0x0,0x0,0x0,0x0,0x0,0x0,0x0,0x0,0x0,0x0,0x0,
        0x0,0x0,0x0,0x0,0x0,0x0,0x0,0x0,0x0,0xDE,0xFF,0xFF,0xFF,0xFF,0x6B,0x0,0x0,0x0,0x0,0x0,0x0,0x0,0x0,0x0,0x0,0x0,0x0,0x0,0x0,0x0,0x0,0x0,0xB5,0xFF,0xFF,0xFF,0xB5,0x6B,0x0,0x0,0x0,0x0,0x0,0x0,0x0,0x0,0x0,0x0,0x0,0x0,0x0,0x0,0x0,0x0,0x0,0x0,
        0x0,0x0,0x0,0x0,0x0,0x0,0x0,0x0,0x4A,0xFF,0xDE,0x94,0xFF,0xFF,0xB5,0x0,0x0,0x0,0x0,0x0,0x0,0x0,0x0,0x0,0x0,0x0,0x0,0x4A,0x6B,0x0,0x0,0x0,0x6B,0xB5,0xFF,0xFF,0xFF,0xFF,0xFF,0x4A,0x0,0x0,0x0,0x0,0x0,0x0,0x0,0x0,0x0,0x0,0x0,0x0,0x0,0x0,0x0,0x0,
        0x0,0x0,0x0,0x0,0x0,0x0,0x0,0x0,0x21,0xFF,0xDE,0x0,0xFF,0xFF,0xFF,0x0,0x0,0x0,0x0,0x0,0x0,0x0,0x0,0x0,0x0,0x0,0x0,0x4A,0xB5,0x0,0x0,0x0,0xFF,0x0,0x4A,0xFF,0xFF,0xFF,0xFF,0xFF,0xB5,0x4A,0x0,0x0,0x0,0x0,0x0,0x0,0x0,0x0,0x0,0x0,0x0,0x0,0x0,0x0,
        0x0,0x0,0x0,0x0,0x0,0x0,0x0,0x0,0x94,0x21,0xDE,0x21,0x0,0xB5,0xFF,0x6B,0x0,0x0,0x0,0x0,0x0,0x0,0x0,0x0,0x0,0x0,0x0,0x6B,0x21,0x0,0x0,0x0,0xB5,0x4A,0x0,0x94,0xFF,0xFF,0xFF,0xFF,0xFF,0xFF,0xB5,0x0,0x0,0x0,0x0,0x0,0x0,0x0,0x0,0x0,0x0,0x0,0x0,0x0,
        0x0,0x0,0x0,0x0,0x0,0x0,0x0,0x0,0x94,0x6B,0x94,0x94,0x0,0x6B,0xFF,0xB5,0x0,0x0,0x0,0xDE,0x0,0x0,0x0,0x0,0x0,0x0,0x0,0xB5,0x4A,0x0,0x0,0x0,0x6B,0x94,0x0,0x0,0x21,0xFF,0xFF,0xFF,0xFF,0xFF,0xFF,0x6B,0x0,0x0,0x0,0x0,0x0,0x0,0x0,0x0,0x0,0x0,0x0,0x0,
        0x0,0x0,0x0,0x0,0x0,0x0,0x0,0x0,0xB5,0xB5,0x21,0x6B,0x0,0xFF,0xFF,0x4A,0x0,0x0,0x0,0xDE,0x4A,0x21,0x0,0x0,0x0,0x0,0x0,0x4A,0xB5,0x0,0x0,0x6B,0x21,0xFF,0x0,0x0,0x0,0xFF,0xFF,0xFF,0xFF,0xFF,0xFF,0xFF,0x6B,0x0,0x0,0x0,0x0,0x0,0x0,0x0,0x0,0x0,0x0,0x0,
        0x0,0x0,0x0,0x0,0x0,0x0,0x0,0x0,0x94,0x21,0x0,0x0,0x94,0xFF,0xFF,0x4A,0x0,0x0,0x0,0x0,0x6B,0xB5,0x0,0x0,0x0,0x0,0x0,0x4A,0xFF,0xFF,0x4A,0xFF,0x21,0xDE,0x4A,0x0,0x0,0x94,0xFF,0xFF,0xFF,0xFF,0xFF,0xFF,0xDE,0x0,0x0,0x0,0x0,0x0,0x0,0x0,0x0,0x0,0x0,0x0,
        0x0,0x0,0x0,0x0,0x0,0x0,0x0,0x0,0x0,0x0,0x0,0x21,0xDE,0xFF,0xFF,0x6B,0x94,0x0,0x0,0x0,0x0,0xFF,0x0,0x0,0x0,0x0,0x0,0xDE,0xFF,0xFF,0xFF,0xFF,0x6B,0x94,0x94,0x0,0x0,0x6B,0x6B,0xFF,0xFF,0xFF,0x0,0xDE,0xFF,0x0,0x21,0x0,0x0,0x0,0x0,0x0,0x0,0x0,0x0,0x0,
        0x0,0x0,0x0,0x0,0x0,0x0,0x0,0x0,0x0,0x0,0x0,0x6B,0xFF,0xFF,0xB5,0x0,0xFF,0x0,0x0,0x0,0x0,0xDE,0xDE,0x4A,0x0,0x0,0x6B,0xFF,0xFF,0xFF,0xFF,0xFF,0xFF,0xFF,0xFF,0xB5,0x0,0xFF,0x0,0x0,0xDE,0xFF,0x4A,0x0,0x4A,0x94,0xFF,0x4A,0x0,0x0,0x0,0x0,0x0,0x0,0x0,0x0,
        0x0,0x0,0x0,0x0,0x0,0x0,0x0,0x0,0x0,0x0,0x0,0xFF,0xFF,0xFF,0x21,0x0,0xB5,0x4A,0x21,0x4A,0x6B,0xFF,0xFF,0xFF,0xB5,0x0,0x21,0xDE,0x94,0xFF,0xFF,0xFF,0xFF,0xFF,0xFF,0xFF,0x4A,0xB5,0x6B,0x0,0x6B,0xB5,0x94,0x0,0x0,0x0,0x0,0x0,0x0,0x0,0x0,0x0,0x0,0x0,0x0,0x0,
        0x0,0x0,0x0,0x0,0x0,0x0,0x0,0x0,0x0,0x0,0x94,0xFF,0xFF,0xFF,0x6B,0x0,0x4A,0xB5,0x4A,0xFF,0xFF,0xFF,0xFF,0xFF,0xDE,0x0,0x0,0x0,0x0,0x21,0xB5,0xFF,0xFF,0xFF,0xFF,0xFF,0xFF,0xFF,0xB5,0x0,0x0,0x21,0xFF,0x0,0x0,0x0,0x0,0x0,0x0,0x0,0x0,0x0,0x0,0x0,0x0,0x0,
        0x0,0x0,0x0,0x0,0x0,0x0,0x0,0x0,0x0,0x21,0xFF,0xFF,0xFF,0xDE,0x0,0x0,0x0,0xFF,0x0,0xFF,0xFF,0xFF,0xFF,0x6B,0x0,0x0,0x0,0x0,0x0,0x0,0x4A,0xFF,0xFF,0xFF,0xFF,0xFF,0xFF,0xFF,0xFF,0x0,0x0,0x0,0xDE,0xFF,0x4A,0x0,0x0,0x0,0x0,0x0,0x0,0x0,0x0,0x0,0x0,0x0,
        0x0,0x0,0x0,0x0,0x0,0x0,0x0,0x0,0x0,0x94,0xFF,0xFF,0xFF,0xFF,0x21,0x0,0x0,0xB5,0x94,0xDE,0xFF,0xFF,0xDE,0x0,0x0,0x0,0x0,0x0,0x0,0x0,0x0,0xFF,0xFF,0xFF,0xFF,0xFF,0xFF,0xFF,0xFF,0x4A,0x0,0x0,0x6B,0xFF,0x94,0x0,0x0,0x0,0x0,0x0,0x0,0x0,0x0,0x0,0x0,0x0,
        0x0,0x0,0x0,0x0,0x0,0x0,0x0,0x0,0x0,0xDE,0xFF,0xFF,0xFF,0xFF,0x6B,0x0,0x0,0x6B,0xFF,0xFF,0xFF,0xFF,0xDE,0x0,0x0,0x0,0x0,0x0,0x0,0x0,0x0,0xDE,0xFF,0xFF,0xFF,0xFF,0xFF,0xFF,0xFF,0xFF,0xB5,0x0,0x21,0xFF,0xFF,0x0,0x0,0x0,0x0,0x0,0x0,0x0,0x0,0x0,0x0,0x0,
        0x0,0x0,0x0,0x0,0x0,0x0,0x0,0x0,0x94,0xFF,0xFF,0xFF,0xFF,0xFF,0xDE,0x21,0x0,0xDE,0xFF,0xFF,0xFF,0xFF,0xFF,0x21,0x0,0x0,0x0,0x0,0x0,0x0,0x6B,0xFF,0xFF,0xFF,0xFF,0x94,0x4A,0x0,0xB5,0x4A,0xFF,0x4A,0x0,0x0,0xDE,0xB5,0x4A,0x0,0x0,0x0,0x0,0x0,0x0,0x0,0x0,0x0,
        0x0,0x0,0x0,0x0,0x0,0x0,0x0,0x0,0x21,0xFF,0xFF,0xFF,0xFF,0xFF,0x21,0xDE,0x21,0xDE,0xFF,0xFF,0xFF,0xFF,0xFF,0x94,0x0,0x0,0x0,0x0,0x0,0x0,0x21,0xFF,0xFF,0x4A,0x0,0x4A,0xB5,0xFF,0x6B,0x21,0xB5,0xFF,0x6B,0x0,0x6B,0xFF,0xB5,0x0,0x0,0x0,0x0,0x0,0x0,0x0,0x0,0x0,
        0x0,0x0,0x0,0x0,0x0,0x0,0x0,0x0,0xDE,0xFF,0xFF,0xFF,0xFF,0xB5,0x0,0x94,0xB5,0xDE,0xFF,0xFF,0xFF,0xFF,0xFF,0xFF,0xDE,0x0,0x0,0x0,0x0,0x0,0xB5,0xFF,0xFF,0x4A,0x0,0x94,0xFF,0xFF,0xFF,0x94,0x4A,0xFF,0xDE,0x0,0x21,0xFF,0xFF,0x0,0x0,0x0,0x0,0x0,0x0,0x0,0x0,0x0,
        0x0,0x0,0x0,0x0,0x0,0x0,0x0,0x0,0x94,0xFF,0xB5,0x94,0xFF,0xB5,0x0,0x4A,0xFF,0xFF,0xFF,0xFF,0xFF,0xFF,0xFF,0xFF,0xFF,0x4A,0x21,0x0,0x0,0x0,0x94,0xFF,0xFF,0x94,0x0,0x4A,0xFF,0xFF,0xFF,0xFF,0x0,0x0,0xFF,0x0,0x0,0xDE,0xFF,0x4A,0x0,0x0,0x0,0x0,0x0,0x0,0x0,0x0,
        0x0,0x0,0x0,0x0,0x0,0x0,0x0,0x0,0x4A,0xFF,0x6B,0x21,0xFF,0x94,0x0,0x0,0xFF,0xFF,0xFF,0xFF,0xFF,0xFF,0xDE,0xDE,0xFF,0xFF,0x94,0x0,0x0,0x0,0x21,0xFF,0xFF,0xFF,0xFF,0x0,0xFF,0xFF,0xFF,0xFF,0x4A,0x0,0x94,0x6B,0x0,0x6B,0xFF,0xFF,0xB5,0x6B,0x0,0x0,0x0,0x0,0x0,0x0,
        0x0,0x0,0x0,0x0,0x0,0x0,0x0,0x0,0x0,0xDE,0x0,0x0,0xDE,0x4A,0x0,0x0,0x94,0xFF,0xFF,0xDE,0x6B,0x21,0x0,0x21,0xFF,0xFF,0xFF,0x0,0x0,0x0,0x0,0xDE,0xFF,0xFF,0xFF,0x4A,0x94,0xFF,0xFF,0xDE,0x21,0x0,0x4A,0xFF,0xB5,0x21,0xFF,0xFF,0xFF,0xFF,0x0,0x0,0x0,0x0,0x0,0x0,
        0x0,0x0,0x0,0x0,0x0,0x0,0x0,0x4A,0xDE,0x4A,0x0,0x0,0x6B,0x94,0x0,0x0,0x6B,0xFF,0xDE,0x21,0x6B,0xDE,0x0,0x0,0xFF,0xFF,0xFF,0x4A,0x0,0x0,0x0,0x94,0xFF,0xFF,0xFF,0xB5,0x21,0x6B,0xFF,0x94,0x0,0x0,0x0,0xFF,0xFF,0x21,0xDE,0xFF,0xFF,0xFF,0xDE,0x6B,0x0,0x0,0x0,0x0,
        0x0,0x0,0x0,0x0,0x0,0x0,0x0,0x21,0x4A,0x0,0x0,0x21,0xFF,0xFF,0x0,0x0,0xFF,0x94,0x21,0xDE,0xFF,0xFF,0x4A,0x21,0xDE,0xFF,0xFF,0x94,0x0,0x0,0x0,0x21,0xFF,0xFF,0xFF,0xFF,0x6B,0x0,0x0,0x0,0x0,0x0,0x21,0xDE,0xFF,0x6B,0x6B,0xFF,0xFF,0xFF,0xFF,0xB5,0x0,0x0,0x0,0x0,
        0x0,0x0,0x0,0x0,0x0,0x0,0x0,0x0,0x0,0x0,0x0,0x0,0xDE,0xFF,0x21,0x0,0xB5,0x6B,0x6B,0xFF,0xFF,0xFF,0xB5,0x4A,0xFF,0xFF,0xFF,0xDE,0x0,0x0,0x0,0x0,0xDE,0xFF,0xFF,0xFF,0xFF,0xDE,0x6B,0x0,0x0,0x0,0x6B,0xFF,0xDE,0x0,0x21,0xFF,0xFF,0xFF,0xFF,0xFF,0x0,0x0,0x0,0x0,
        0x0,0x0,0x0,0x0,0x0,0x0,0x0,0x0,0x0,0x0,0x0,0x0,0x94,0xFF,0x4A,0x4A,0xFF,0xB5,0x4A,0xFF,0xFF,0xFF,0xFF,0x0,0xFF,0xFF,0xFF,0xFF,0x21,0x0,0x0,0x0,0x94,0xFF,0xFF,0xFF,0xFF,0xFF,0xFF,0xDE,0x94,0xDE,0xFF,0xFF,0xFF,0x0,0x4A,0xFF,0xFF,0xFF,0xFF,0xFF,0x6B,0x0,0x0,0x0,
        0x0,0x0,0x0,0x0,0x0,0x0,0x0,0x0,0x0,0x0,0x0,0x0,0x21,0xDE,0x0,0x0,0xFF,0xB5,0x0,0xFF,0xFF,0xFF,0xFF,0x21,0xB5,0xFF,0xFF,0xFF,0x94,0x0,0x0,0x0,0x4A,0xFF,0xFF,0xFF,0xFF,0xFF,0xFF,0xFF,0xFF,0xFF,0xFF,0xFF,0xFF,0x6B,0xB5,0xFF,0xFF,0xFF,0xFF,0xFF,0x94,0x0,0x0,0x0,
        0x0,0x0,0x0,0x0,0x0,0x0,0x0,0x0,0x0,0x0,0x0,0x0,0xB5,0xFF,0x21,0x0,0xB5,0x4A,0x0,0x94,0xFF,0xFF,0x94,0x0,0xB5,0xFF,0xFF,0xFF,0xDE,0x0,0x0,0x0,0x0,0xFF,0xFF,0xFF,0xFF,0xFF,0xFF,0xFF,0xFF,0xFF,0xFF,0xFF,0xDE,0x4A,0xFF,0xFF,0xFF,0xFF,0xFF,0xFF,0x0,0x0,0x0,0x0,
        0x0,0x0,0x0,0x0,0x0,0x0,0x0,0x0,0x0,0x0,0x0,0x0,0x94,0xFF,0x6B,0x0,0x6B,0x94,0x0,0x0,0x21,0x94,0x21,0x21,0xFF,0xFF,0xFF,0xFF,0xFF,0x21,0x0,0x0,0x0,0x94,0xFF,0xFF,0xFF,0xFF,0xFF,0xFF,0xFF,0xFF,0xFF,0xFF,0xFF,0xFF,0xFF,0xFF,0xFF,0xFF,0xFF,0xFF,0x4A,0x0,0x0,0x0,
        0x0,0x0,0x0,0x0,0x0,0x0,0x0,0x0,0x0,0x0,0x0,0x0,0x4A,0xFF,0xDE,0x0,0x0,0xFF,0x0,0x0,0x0,0x0,0x0,0xDE,0xFF,0xFF,0xFF,0xFF,0xFF,0x94,0x0,0x0,0x0,0x4A,0xFF,0xFF,0xFF,0xFF,0xFF,0xFF,0xFF,0xFF,0xFF,0xFF,0xFF,0xFF,0xFF,0xFF,0xFF,0xFF,0xFF,0xB5,0x0,0x0,0x0,0x0,
        0x0,0x0,0x0,0x0,0x0,0x0,0x0,0x0,0x0,0x0,0x0,0x0,0x0,0xFF,0xFF,0x21,0xB5,0xFF,0x4A,0x0,0x0,0x0,0x4A,0xFF,0xFF,0xFF,0xFF,0xFF,0xFF,0xDE,0x0,0x0,0x0,0x0,0xFF,0xFF,0xFF,0xFF,0xFF,0xFF,0xFF,0xFF,0xFF,0xFF,0xFF,0xFF,0xFF,0xFF,0xFF,0xFF,0xFF,0xFF,0x0,0x0,0x0,0x0,
        0x0,0x0,0x0,0x0,0x0,0x0,0x0,0x0,0x0,0x0,0x0,0x0,0x6B,0xFF,0xFF,0x6B,0x6B,0xFF,0xDE,0x6B,0x0,0x4A,0xB5,0xFF,0xFF,0xFF,0xFF,0xFF,0xFF,0xFF,0x21,0x0,0x0,0x0,0x94,0xFF,0xFF,0xFF,0xFF,0xFF,0xFF,0xFF,0xFF,0xFF,0xFF,0xFF,0xFF,0xFF,0xFF,0xFF,0xFF,0x94,0x0,0x0,0x0,0x0,
        0x0,0x0,0x0,0x0,0x0,0x0,0x0,0x0,0x0,0x0,0x0,0x0,0xB5,0xFF,0xFF,0xDE,0x21,0xFF,0xFF,0xFF,0xFF,0xFF,0xFF,0xFF,0xFF,0xFF,0xFF,0xFF,0xFF,0xFF,0x6B,0x0,0x0,0x0,0x4A,0xFF,0xFF,0xFF,0xFF,0xFF,0xFF,0xFF,0xFF,0xFF,0xFF,0xFF,0xFF,0xDE,0x4A,0x94,0xFF,0x94,0x0,0x0,0x0,0x0,
        0x0,0x0,0x0,0x0,0x0,0x0,0x0,0x0,0x0,0x0,0x0,0x0,0xFF,0xFF,0xFF,0xFF,0x0,0x0,0xDE,0xFF,0xFF,0xFF,0xFF,0xFF,0xFF,0xFF,0xFF,0xFF,0xFF,0xFF,0xDE,0x0,0x0,0x0,0x0,0xFF,0xFF,0xFF,0xFF,0xFF,0xFF,0xFF,0xFF,0xFF,0xFF,0xFF,0xFF,0x6B,0x0,0x4A,0xFF,0xDE,0x0,0x0,0x0,0x0,
        0x0,0x0,0x0,0x0,0x0,0x0,0x0,0x0,0x0,0x0,0x0,0x0,0xDE,0xFF,0xFF,0xFF,0x6B,0x0,0x6B,0xFF,0xFF,0xFF,0xFF,0xFF,0xFF,0xFF,0xFF,0xFF,0xFF,0xFF,0xFF,0x21,0x0,0x0,0x0,0xB5,0xFF,0xFF,0xFF,0xFF,0xFF,0xFF,0xFF,0xFF,0xFF,0xFF,0xFF,0x0,0x0,0xDE,0xFF,0x94,0x0,0x0,0x0,0x0,
        0x0,0x0,0x0,0x0,0x0,0x0,0x0,0x0,0x0,0x0,0x0,0x94,0xFF,0xFF,0xFF,0xFF,0xFF,0xB5,0x4A,0x94,0xFF,0xFF,0xFF,0xFF,0xFF,0xFF,0xFF,0xFF,0xFF,0xFF,0xFF,0x6B,0x0,0x0,0x0,0x4A,0xFF,0xFF,0xFF,0xFF,0xFF,0xFF,0xFF,0xFF,0xFF,0xFF,0x4A,0x0,0x0,0xB5,0xFF,0x4A,0x0,0x0,0x0,0x0,
        0x0,0x0,0x0,0x0,0x0,0x0,0x0,0x0,0x0,0x0,0x0,0x21,0xFF,0xFF,0xFF,0xFF,0xFF,0xFF,0xFF,0x94,0xFF,0xFF,0xFF,0xFF,0xFF,0xFF,0xFF,0xFF,0xFF,0xFF,0xFF,0xDE,0x0,0x0,0x0,0x0,0xFF,0xFF,0xFF,0xFF,0xFF,0xFF,0xFF,0xFF,0xDE,0x6B,0x0,0x0,0x21,0xDE,0xB5,0x0,0x0,0x0,0x0,0x0,
        0x0,0x0,0x0,0x0,0x0,0x0,0x0,0x0,0x0,0x0,0x0,0x0,0xDE,0xFF,0xFF,0xFF,0xFF,0xFF,0xFF,0xFF,0xFF,0xFF,0xFF,0xFF,0xFF,0xFF,0xFF,0xFF,0xFF,0xFF,0xFF,0xFF,0x21,0x0,0x0,0x4A,0xFF,0xFF,0xFF,0xFF,0xFF,0xFF,0xFF,0xFF,0x94,0x0,0x0,0x0,0x6B,0xFF,0x0,0x0,0x0,0x0,0x0,0x0,
        0x0,0x0,0x0,0x0,0x0,0x0,0x0,0x0,0x0,0x0,0x0,0x0,0x94,0xFF,0xFF,0xFF,0xFF,0xFF,0xFF,0xFF,0xFF,0xFF,0xFF,0xFF,0xFF,0xFF,0xFF,0xFF,0xFF,0xFF,0xFF,0xFF,0xB5,0x4A,0x0,0x6B,0xFF,0xFF,0xFF,0xFF,0xFF,0xFF,0xFF,0x21,0x0,0x0,0x0,0x0,0xDE,0x94,0x0,0x0,0x0,0x0,0x0,0x0,
        0x0,0x0,0x0,0x0,0x0,0x0,0x0,0x0,0x0,0x0,0x0,0x0,0x21,0x94,0xFF,0xFF,0xFF,0xFF,0xFF,0xFF,0xFF,0xFF,0xFF,0xFF,0xFF,0xFF,0xFF,0xFF,0xFF,0xFF,0xFF,0xFF,0xFF,0xDE,0x0,0x0,0xFF,0xFF,0xFF,0xFF,0xFF,0xFF,0x94,0x0,0x0,0x0,0x0,0x6B,0xB5,0x21,0x0,0x0,0x0,0x0,0x0,0x0,
        0x0,0x0,0x0,0x0,0x0,0x0,0x0,0x0,0x0,0x0,0x0,0x0,0x0,0x0,0xDE,0xFF,0xFF,0xFF,0xFF,0xFF,0xFF,0xFF,0xFF,0xFF,0xFF,0xFF,0xFF,0xFF,0xFF,0xFF,0xFF,0xFF,0xFF,0xFF,0x21,0x0,0xB5,0xFF,0xFF,0xFF,0xFF,0x6B,0x0,0x0,0x0,0x0,0x0,0x0,0x0,0x0,0x0,0x0,0x0,0x0,0x0,0x0,
        0x0,0x0,0x0,0x0,0x0,0x0,0x0,0x0,0x0,0x0,0x0,0x0,0x0,0x0,0x21,0x6B,0xFF,0xFF,0xFF,0xDE,0x94,0xFF,0xFF,0xFF,0xFF,0xFF,0xFF,0xFF,0xFF,0xFF,0xFF,0xFF,0xFF,0xFF,0x6B,0x0,0x6B,0xFF,0xFF,0xFF,0xDE,0x0,0x0,0x0,0x0,0x0,0x0,0x0,0x0,0x0,0x0,0x0,0x0,0x0,0x0,0x0,
        0x0,0x0,0x0,0x0,0x0,0x0,0x0,0x0,0x0,0x0,0x0,0x0,0x0,0x0,0x0,0x21,0xDE,0xFF,0xFF,0x0,0x0,0x21,0xB5,0xFF,0xFF,0xFF,0xFF,0xFF,0xFF,0xFF,0xFF,0xFF,0xFF,0xFF,0xDE,0x0,0x0,0xFF,0xFF,0xFF,0x4A,0x0,0x0,0x0,0x0,0x0,0x0,0x0,0x0,0x0,0x0,0x0,0x0,0x0,0x0,0x0,
        0x0,0x0,0x0,0x0,0x0,0x0,0x0,0x0,0x0,0x0,0x0,0x0,0x0,0x0,0x0,0x0,0x0,0xB5,0xFF,0x6B,0x21,0x0,0x0,0x4A,0x4A,0x4A,0xB5,0x94,0xFF,0xDE,0xFF,0xFF,0xFF,0xFF,0xFF,0x21,0x0,0xDE,0xFF,0xDE,0x21,0x0,0x0,0x0,0x0,0x0,0x0,0x0,0x0,0x0,0x0,0x0,0x0,0x0,0x0,0x0,
        0x0,0x0,0x0,0x0,0x0,0x0,0x0,0x0,0x0,0x0,0x0,0x0,0x0,0x0,0x0,0x0,0x0,0x6B,0xFF,0xFF,0xB5,0x0,0x0,0x0,0x0,0x0,0x0,0x0,0x0,0x0,0x6B,0xDE,0xFF,0xFF,0xFF,0x6B,0x0,0x6B,0xFF,0x6B,0x0,0x0,0x0,0x0,0x0,0x0,0x0,0x0,0x0,0x0,0x0,0x0,0x0,0x0,0x0,0x0,
        0x0,0x0,0x0,0x0,0x0,0x0,0x0,0x0,0x0,0x0,0x0,0x0,0x0,0x0,0x0,0x0,0x0,0x0,0x4A,0xFF,0xFF,0xB5,0x0,0x0,0x0,0x0,0x0,0x0,0x0,0x0,0x0,0x0,0x4A,0xDE,0xFF,0xDE,0x0,0x21,0xFF,0x0,0x0,0x0,0x0,0x0,0x0,0x0,0x0,0x0,0x0,0x0,0x0,0x0,0x0,0x0,0x0,0x0,
        0x0,0x0,0x0,0x0,0x0,0x0,0x0,0x0,0x0,0x0,0x0,0x0,0x0,0x0,0x0,0x0,0x0,0x0,0x0,0x0,0x6B,0xDE,0xFF,0x94,0x4A,0x0,0x0,0x0,0x0,0x0,0x0,0x0,0x0,0x0,0x4A,0xFF,0x0,0x0,0xDE,0x4A,0x0,0x0,0x0,0x0,0x0,0x0,0x0,0x0,0x0,0x0,0x0,0x0,0x0,0x0,0x0,0x0,
        0x0,0x0,0x0,0x0,0x0,0x0,0x0,0x0,0x0,0x0,0x0,0x0,0x0,0x0,0x0,0x0,0x0,0x0,0x0,0x0,0x0,0x21,0x4A,0xDE,0x6B,0x0,0x0,0x0,0x0,0x0,0x0,0x0,0x0,0x0,0x0,0x94,0x6B,0x0,0x6B,0x0,0x0,0x0,0x0,0x0,0x0,0x0,0x0,0x0,0x0,0x0,0x0,0x0,0x0,0x0,0x0,0x0,
        0x0,0x0,0x0,0x0,0x0,0x0,0x0,0x0,0x0,0x0,0x0,0x0,0x0,0x0,0x0,0x0,0x0,0x0,0x0,0x0,0x0,0x0,0x0,0x0,0x0,0x0,0x0,0x0,0x0,0x0,0x0,0x0,0x0,0x0,0x0,0x4A,0x0,0x0,0x0,0x0,0x0,0x0,0x0,0x0,0x0,0x0,0x0,0x0,0x0,0x0,0x0,0x0,0x0,0x0,0x0,0x0
    }
};

const gfx_sprite_t sprite_gaster_blaster_3_12 = {
    .width = 56,
    .height = 56,
    .data = {
        0x0,0x0,0x0,0x0,0x0,0x0,0x0,0x0,0x0,0x0,0x0,0x0,0x0,0x0,0x0,0x0,0x0,0x0,0x0,0x0,0x0,0x21,0xDE,0xDE,0xDE,0x0,0x0,0x0,0x0,0x0,0x0,0x0,0x0,0x0,0x0,0x0,0x0,0x0,0x0,0x0,0x0,0x0,0x0,0x0,0x0,0x0,0x0,0x0,0x0,0x0,0x0,0x0,0x0,0x0,0x0,0x0,
        0x0,0x0,0x0,0x0,0x0,0x0,0x0,0x0,0x0,0x0,0x0,0x0,0x0,0x0,0x0,0x0,0x0,0x0,0x0,0x0,0x6B,0xFF,0xFF,0xFF,0xFF,0xB5,0xB5,0x0,0x0,0x0,0x0,0x0,0x0,0x0,0x0,0x0,0x0,0x0,0x0,0x0,0x0,0x0,0x0,0x0,0x0,0x0,0x0,0x0,0x0,0x0,0x0,0x0,0x0,0x0,0x0,0x0,
        0x0,0x0,0x0,0x0,0x0,0x0,0x0,0x0,0x0,0x0,0x0,0x0,0x0,0x0,0x0,0x0,0x0,0x0,0x0,0x0,0xDE,0xFF,0xFF,0xFF,0xFF,0xFF,0xFF,0x94,0xB5,0x0,0x0,0x0,0x0,0x0,0x0,0x0,0x0,0x0,0x0,0x0,0x0,0x0,0x0,0x0,0x0,0x0,0x0,0x0,0x0,0x0,0x0,0x0,0x0,0x0,0x0,0x0,
        0x0,0x0,0x0,0x0,0x0,0x0,0x0,0x0,0x0,0x0,0x0,0x0,0x0,0x0,0x0,0x0,0x0,0x0,0x0,0x0,0x21,0xFF,0xFF,0xFF,0xDE,0x4A,0xFF,0x0,0xB5,0xB5,0xB5,0x0,0x0,0x0,0x0,0x0,0x0,0x0,0x0,0x0,0x0,0x0,0x0,0x0,0x0,0x0,0x0,0x0,0x0,0x0,0x0,0x0,0x0,0x0,0x0,0x0,
        0x0,0x0,0x0,0x0,0x0,0x0,0x0,0x0,0x0,0x0,0x0,0x0,0x0,0x0,0x0,0x0,0x0,0x0,0x0,0x0,0x0,0x6B,0xFF,0xFF,0xFF,0x4A,0x6B,0xB5,0x0,0xDE,0x21,0x0,0x0,0x0,0x0,0x0,0x0,0x0,0x0,0x0,0x0,0x0,0x0,0x0,0x0,0x0,0x0,0x0,0x0,0x0,0x0,0x0,0x0,0x0,0x0,0x0,
        0x0,0x0,0x0,0x0,0x0,0x0,0x0,0x0,0x0,0x0,0x0,0x0,0x0,0x0,0x0,0x0,0x0,0x0,0x0,0x0,0x0,0x0,0xB5,0xFF,0xFF,0x4A,0x0,0xB5,0x4A,0x0,0x0,0x0,0x0,0x0,0x0,0x0,0x0,0x0,0x0,0x0,0x0,0x0,0x0,0x0,0x0,0x0,0x0,0x0,0x0,0x0,0x0,0x0,0x0,0x0,0x0,0x0,
        0x0,0x0,0x0,0x0,0x0,0x0,0x0,0x0,0x0,0x0,0x0,0x0,0x0,0x0,0x0,0x0,0x0,0x0,0x0,0x0,0x0,0x0,0x0,0xFF,0xFF,0x6B,0x0,0x0,0x0,0x0,0x0,0x0,0x0,0x0,0x0,0x0,0x0,0x0,0x0,0x0,0x0,0x0,0x0,0x0,0x0,0x0,0x0,0x0,0x0,0x0,0x0,0x0,0x0,0x0,0x0,0x0,
        0x0,0x0,0x0,0x0,0x0,0x0,0x0,0x0,0x0,0x0,0x0,0x0,0x0,0x0,0x0,0x0,0x0,0x0,0x0,0x0,0x0,0x0,0x0,0x4A,0xFF,0xFF,0xFF,0xB5,0xB5,0x94,0x21,0x21,0x21,0x0,0x0,0x0,0x0,0x0,0x0,0x0,0x0,0x0,0x0,0x0,0x0,0x0,0x0,0x0,0x0,0x0,0x0,0x0,0x0,0x0,0x0,0x0,
        0x0,0x0,0x0,0x0,0x0,0x0,0x0,0x0,0x0,0x0,0x0,0x0,0x0,0x0,0x0,0x0,0x0,0x0,0x0,0x0,0x0,0x0,0x0,0x0,0x94,0xFF,0xFF,0xFF,0xFF,0xFF,0xFF,0xFF,0xFF,0xDE,0x94,0x94,0x6B,0x0,0x0,0x0,0x0,0x0,0x0,0x0,0x0,0x0,0x0,0x0,0x0,0x0,0x0,0x0,0x0,0x0,0x0,0x0,
        0x0,0x0,0x0,0x0,0x0,0x0,0x0,0x0,0x0,0x0,0x0,0x0,0x0,0x0,0x0,0x0,0x0,0x0,0x0,0x0,0x0,0x0,0x0,0x0,0x0,0x0,0x94,0xFF,0xFF,0xFF,0xFF,0xFF,0xFF,0xFF,0xFF,0xFF,0xFF,0x94,0x4A,0x0,0x0,0x0,0x0,0x0,0x0,0x0,0x0,0x0,0x0,0x0,0x0,0x0,0x0,0x0,0x0,0x0,
        0x0,0x0,0x0,0x0,0x0,0x0,0x0,0x0,0x0,0x0,0x0,0x0,0x0,0x0,0x0,0x0,0x0,0x0,0x0,0x0,0x0,0x0,0x0,0x0,0x0,0x0,0x4A,0x4A,0x4A,0x6B,0xFF,0xFF,0xFF,0xFF,0xFF,0xFF,0xFF,0xFF,0xFF,0x94,0x0,0x0,0x0,0x0,0x0,0x0,0x0,0x0,0x0,0x0,0x0,0x0,0x0,0x0,0x0,0x0,
        0x0,0x0,0x0,0x0,0x0,0x0,0x4A,0x0,0x0,0x0,0x0,0x0,0x0,0x0,0x0,0x0,0x0,0x0,0x0,0x0,0x0,0x0,0x94,0x0,0x0,0x0,0x4A,0xDE,0x0,0x0,0x4A,0x6B,0xFF,0xFF,0xFF,0xFF,0xFF,0xFF,0xFF,0xFF,0x4A,0x0,0x4A,0x0,0x0,0x0,0x0,0x0,0x0,0x0,0x0,0x0,0x0,0x0,0x0,0x0,
        0x0,0x0,0x0,0x0,0x0,0x94,0xFF,0x94,0x0,0x0,0x0,0x0,0x0,0x0,0x0,0x0,0x0,0x0,0x0,0x0,0x0,0x0,0x94,0x94,0x0,0x0,0x0,0x94,0x94,0x0,0x0,0x0,0xB5,0xFF,0xFF,0xFF,0xFF,0xDE,0x94,0xB5,0xDE,0xB5,0xB5,0x0,0x0,0x0,0x0,0x0,0x0,0x0,0x0,0x0,0x0,0x0,0x0,0x0,
        0x0,0x0,0x0,0x0,0xDE,0xFF,0xFF,0xFF,0x4A,0x0,0x0,0x0,0x0,0x0,0x0,0x0,0x0,0x0,0x0,0x0,0x0,0x0,0x4A,0x4A,0x0,0x0,0x0,0x0,0xDE,0x4A,0x0,0x0,0x0,0xDE,0xDE,0xFF,0xFF,0xFF,0x0,0x0,0x0,0x21,0x0,0x0,0x0,0x0,0x0,0x0,0x0,0x0,0x0,0x0,0x0,0x0,0x0,0x0,
        0x0,0x0,0x0,0x0,0xFF,0xFF,0xFF,0xFF,0xFF,0x21,0x0,0x0,0x0,0x0,0x0,0x0,0x0,0x0,0x0,0x0,0x0,0x0,0x4A,0xDE,0x0,0x0,0x4A,0x94,0x21,0xFF,0x21,0x0,0x0,0x94,0x0,0x21,0xB5,0xFF,0xB5,0x0,0x0,0x0,0x0,0x0,0x0,0x0,0x0,0x0,0x0,0x0,0x0,0x0,0x0,0x0,0x0,0x0,
        0x0,0x0,0x0,0x4A,0xFF,0xFF,0xFF,0xFF,0xFF,0xB5,0x0,0x0,0x0,0x0,0x0,0x0,0x0,0x0,0x0,0x0,0x0,0x0,0x0,0x94,0xB5,0x94,0x4A,0xFF,0x4A,0x6B,0xB5,0x21,0x0,0xB5,0x94,0x0,0x0,0x21,0xB5,0x6B,0x4A,0x0,0x0,0x0,0x0,0x0,0x0,0x0,0x0,0x0,0x0,0x0,0x0,0x0,0x0,0x0,
        0x0,0x0,0x0,0x0,0xB5,0xFF,0xB5,0xFF,0xFF,0xFF,0x94,0x0,0x0,0x0,0x0,0x4A,0x0,0x0,0x0,0x0,0x0,0x0,0x0,0x4A,0xFF,0xFF,0xFF,0xFF,0xFF,0xFF,0xFF,0xFF,0xB5,0x4A,0xFF,0x4A,0x0,0x0,0x21,0xFF,0xFF,0x6B,0x0,0x0,0x0,0x0,0x0,0x0,0x0,0x0,0x0,0x0,0x0,0x0,0x0,0x0,
        0x0,0x0,0x0,0x0,0xFF,0xFF,0x4A,0x6B,0xB5,0xFF,0xFF,0x4A,0x0,0x0,0x0,0xFF,0x4A,0x4A,0x0,0x0,0x0,0x0,0x0,0x94,0xFF,0xFF,0xFF,0xFF,0xFF,0xFF,0xFF,0xFF,0xFF,0xFF,0xFF,0xDE,0x0,0x0,0x0,0x4A,0xFF,0xFF,0x21,0x0,0x0,0x0,0x0,0x0,0x0,0x0,0x0,0x0,0x0,0x0,0x0,0x0,
        0x0,0x0,0x0,0x0,0x6B,0xB5,0xFF,0x0,0x0,0x94,0xFF,0xDE,0x0,0x0,0x0,0x4A,0x4A,0xFF,0x21,0x0,0x0,0x0,0x0,0xDE,0xFF,0xFF,0xFF,0xFF,0xFF,0xFF,0xFF,0xFF,0xFF,0xFF,0xFF,0xFF,0xB5,0x21,0x0,0x0,0x94,0xB5,0xDE,0xB5,0x21,0x0,0x0,0x0,0x0,0x0,0x0,0x0,0x0,0x0,0x0,0x0,
        0x0,0x0,0x0,0x0,0x94,0x4A,0x6B,0xB5,0x0,0x94,0xFF,0x94,0x0,0x0,0x0,0x0,0x0,0x6B,0xDE,0x6B,0x21,0x21,0x0,0x21,0xB5,0x0,0x4A,0x6B,0xFF,0xFF,0xFF,0xFF,0xFF,0xFF,0xFF,0xFF,0xFF,0xFF,0x94,0x21,0x0,0x0,0x94,0xFF,0xDE,0x0,0x0,0x0,0x0,0x0,0x0,0x0,0x0,0x0,0x0,0x0,
        0x0,0x0,0x0,0x0,0x4A,0xFF,0x0,0x94,0x0,0x94,0xFF,0xFF,0x4A,0x4A,0x0,0x0,0x0,0x0,0xDE,0xFF,0xFF,0xFF,0x21,0x0,0x0,0x0,0x0,0x0,0xB5,0xFF,0xFF,0xFF,0xFF,0xFF,0xFF,0x94,0xDE,0x21,0xDE,0xFF,0x94,0x0,0x0,0xDE,0xFF,0x94,0x0,0x0,0x0,0x0,0x0,0x0,0x0,0x0,0x0,0x0,
        0x0,0x0,0x0,0x0,0x21,0xFF,0x6B,0x0,0x0,0xDE,0xFF,0xDE,0x21,0xFF,0x21,0x0,0x21,0x21,0xFF,0xFF,0xFF,0xDE,0x21,0x0,0x0,0x0,0x0,0x0,0x0,0xFF,0xFF,0xFF,0xFF,0xB5,0x21,0x6B,0x6B,0x6B,0x21,0xFF,0xFF,0x4A,0x0,0x21,0xFF,0xFF,0xFF,0xDE,0xB5,0x0,0x0,0x0,0x0,0x0,0x0,0x0,
        0x0,0x0,0x0,0x0,0x0,0x4A,0x0,0x0,0x21,0xFF,0xFF,0xFF,0x0,0x6B,0xDE,0x0,0xDE,0xDE,0xFF,0xFF,0xFF,0x21,0x0,0x0,0x0,0x0,0x0,0x0,0x0,0xDE,0xFF,0xFF,0x94,0x0,0xB5,0xFF,0xFF,0xFF,0x6B,0x21,0x21,0xFF,0x21,0x0,0x6B,0xFF,0xFF,0xFF,0xFF,0xB5,0xB5,0x0,0x0,0x0,0x0,0x0,
        0x0,0x0,0x0,0x0,0x0,0x0,0x0,0x0,0x21,0xFF,0xFF,0xDE,0x0,0x0,0x94,0x94,0x21,0xFF,0xFF,0xFF,0xFF,0x0,0x0,0x0,0x0,0x0,0x0,0x0,0x0,0xB5,0xFF,0xB5,0x0,0x0,0xDE,0xFF,0xFF,0xFF,0xFF,0x21,0x0,0x6B,0xDE,0xB5,0x0,0xB5,0xFF,0xFF,0xFF,0xFF,0xFF,0x6B,0x0,0x0,0x0,0x0,
        0x0,0x0,0x0,0x0,0x0,0x0,0x0,0x0,0x21,0xFF,0xFF,0xFF,0x6B,0x0,0x0,0xDE,0x4A,0x94,0xFF,0xFF,0xFF,0x4A,0x0,0x0,0x0,0x0,0x0,0x0,0x0,0x6B,0xFF,0xFF,0x6B,0x0,0x21,0xFF,0xFF,0xFF,0xFF,0x94,0x0,0x0,0xB5,0xFF,0xB5,0x0,0xFF,0xFF,0xFF,0xFF,0xFF,0xFF,0x21,0x0,0x0,0x0,
        0x0,0x0,0x0,0x0,0x0,0x0,0x0,0x0,0x6B,0xFF,0xFF,0xFF,0x21,0x0,0x0,0x21,0xFF,0xFF,0xFF,0xFF,0xFF,0xFF,0x0,0x0,0x0,0x0,0x0,0x0,0x0,0x94,0xFF,0xFF,0xFF,0x94,0x6B,0x6B,0xFF,0xFF,0xFF,0x4A,0x0,0x0,0x0,0xFF,0xFF,0x21,0x4A,0xFF,0xFF,0xFF,0xFF,0xFF,0xDE,0x0,0x0,0x0,
        0x0,0x0,0x0,0x0,0x0,0x0,0x0,0x0,0x94,0xFF,0xFF,0xFF,0xDE,0x0,0x0,0x0,0xB5,0xFF,0xFF,0xFF,0xFF,0xFF,0xB5,0x6B,0x0,0x0,0x0,0x0,0x0,0x0,0xDE,0xFF,0xFF,0xFF,0xFF,0x21,0x94,0xB5,0xB5,0x21,0x0,0x0,0x4A,0xFF,0xFF,0x0,0x0,0xDE,0xFF,0xFF,0xFF,0xFF,0xB5,0x0,0x0,0x0,
        0x0,0x0,0x0,0x0,0x0,0x0,0x0,0x0,0xB5,0xFF,0xFF,0xFF,0xFF,0x94,0x0,0x0,0xFF,0xFF,0xFF,0xFF,0xFF,0xFF,0xFF,0xFF,0xB5,0x4A,0x0,0x0,0x0,0x0,0x21,0xFF,0xFF,0xFF,0xFF,0xB5,0x0,0x0,0x0,0x0,0x0,0x0,0x6B,0xFF,0xFF,0xB5,0x0,0xFF,0xFF,0xFF,0xFF,0xFF,0xFF,0x21,0x0,0x0,
        0x0,0x0,0x0,0x0,0x0,0x0,0x0,0x0,0xDE,0xFF,0xFF,0xFF,0xFF,0xDE,0x94,0x94,0x4A,0xFF,0xFF,0xFF,0xFF,0xFF,0xFF,0xFF,0xFF,0xFF,0x94,0x0,0x0,0x0,0x0,0x6B,0xFF,0xFF,0xFF,0xFF,0xDE,0xDE,0xDE,0x94,0x4A,0xB5,0xFF,0xFF,0xFF,0xFF,0x94,0xFF,0xFF,0xFF,0xFF,0xFF,0xFF,0x21,0x0,0x0,
        0x0,0x0,0x0,0x0,0x0,0x0,0x0,0x21,0xFF,0xFF,0xFF,0xFF,0xFF,0xB5,0x0,0xFF,0xDE,0xFF,0xFF,0xFF,0xFF,0xFF,0xB5,0x6B,0xFF,0xFF,0xFF,0x6B,0x0,0x0,0x0,0x0,0xB5,0xFF,0xFF,0xFF,0xFF,0xFF,0xFF,0xFF,0xFF,0xFF,0xFF,0xFF,0xFF,0xDE,0x6B,0xFF,0xFF,0xFF,0xFF,0xFF,0xFF,0x4A,0x0,0x0,
        0x0,0x0,0x0,0x0,0x0,0x0,0x0,0x0,0xB5,0xFF,0xFF,0xFF,0xFF,0x6B,0x0,0x4A,0xFF,0xFF,0xFF,0xFF,0xFF,0x6B,0x0,0x0,0x94,0xFF,0xFF,0xFF,0x21,0x0,0x0,0x0,0x0,0xDE,0xFF,0xFF,0xFF,0xFF,0xFF,0xFF,0xFF,0xFF,0xFF,0xFF,0xFF,0xFF,0xFF,0xFF,0xFF,0xFF,0xFF,0xFF,0xFF,0xB5,0x0,0x0,
        0x0,0x0,0x0,0x0,0x0,0x0,0x0,0x0,0xB5,0xFF,0xFF,0xDE,0xFF,0xFF,0x0,0x0,0x94,0xFF,0xFF,0xDE,0x4A,0x4A,0x94,0x0,0x0,0xFF,0xFF,0xFF,0xDE,0x0,0x0,0x0,0x0,0x4A,0xFF,0xFF,0xFF,0xFF,0xFF,0xFF,0xFF,0xFF,0xFF,0xFF,0xFF,0xFF,0xFF,0xFF,0xFF,0xFF,0xFF,0xFF,0xFF,0x94,0x0,0x0,
        0x0,0x0,0x0,0x0,0x0,0x0,0x0,0x0,0x6B,0xFF,0xFF,0x0,0xB5,0xDE,0x0,0x0,0x0,0xB5,0xFF,0xB5,0x94,0xFF,0xFF,0x6B,0x4A,0xFF,0xFF,0xFF,0xFF,0x94,0x0,0x0,0x0,0x0,0x94,0xFF,0xFF,0xFF,0xFF,0xFF,0xFF,0xFF,0xFF,0xFF,0xFF,0xFF,0xFF,0xFF,0xFF,0xFF,0xDE,0x6B,0xFF,0xFF,0x4A,0x0,
        0x0,0x0,0x0,0x0,0x0,0x0,0x0,0x0,0x0,0xB5,0xDE,0x0,0x0,0xFF,0x4A,0x0,0x0,0xB5,0xDE,0x21,0xB5,0xFF,0xFF,0xFF,0x21,0xB5,0xFF,0xFF,0xFF,0xFF,0x4A,0x0,0x0,0x0,0x0,0xB5,0xFF,0xFF,0xFF,0xFF,0xFF,0xFF,0xFF,0xFF,0xFF,0xFF,0xFF,0xFF,0xFF,0xFF,0x21,0x0,0x94,0xFF,0x94,0x0,
        0x0,0x0,0x0,0x0,0x0,0x0,0x0,0x0,0x0,0x0,0xB5,0x0,0x0,0x4A,0xDE,0x0,0x0,0x94,0x94,0x0,0xFF,0xFF,0xFF,0xFF,0xDE,0x0,0xDE,0xFF,0xFF,0xFF,0xFF,0x0,0x0,0x0,0x0,0x21,0xFF,0xFF,0xFF,0xFF,0xFF,0xFF,0xFF,0xFF,0xFF,0xFF,0xFF,0xFF,0xFF,0xFF,0x21,0x0,0xDE,0xFF,0x6B,0x0,
        0x0,0x0,0x0,0x0,0x0,0x0,0x0,0x0,0x0,0x6B,0x94,0x0,0x0,0xB5,0xFF,0xB5,0x0,0x21,0xFF,0x6B,0x6B,0xFF,0xFF,0xFF,0xDE,0x0,0x94,0xFF,0xFF,0xFF,0xFF,0xB5,0x0,0x0,0x0,0x0,0x4A,0xFF,0xFF,0xFF,0xFF,0xFF,0xFF,0xFF,0xFF,0xFF,0xFF,0xFF,0xFF,0xFF,0x21,0x0,0x4A,0xFF,0x21,0x0,
        0x0,0x0,0x0,0x0,0x0,0x0,0x0,0x0,0x0,0xB5,0x0,0x0,0x0,0x21,0xFF,0xFF,0x21,0x6B,0xFF,0xDE,0x0,0xB5,0xFF,0xFF,0xDE,0x0,0xDE,0xFF,0xFF,0xFF,0xFF,0xFF,0x6B,0x0,0x0,0x0,0x0,0x94,0xFF,0xFF,0xFF,0xFF,0xFF,0xFF,0xFF,0xFF,0xFF,0xFF,0xFF,0xDE,0x0,0x0,0x6B,0xFF,0x21,0x0,
        0x0,0x0,0x0,0x0,0x0,0x0,0x0,0x0,0x0,0x0,0x0,0x0,0x0,0x0,0x6B,0xDE,0x0,0x0,0x94,0x94,0x0,0x0,0x21,0x6B,0x0,0x21,0xFF,0xFF,0xFF,0xFF,0xFF,0xFF,0xFF,0x21,0x0,0x0,0x0,0x0,0xDE,0xFF,0xFF,0xFF,0xFF,0xFF,0xFF,0xFF,0xFF,0xFF,0xFF,0x4A,0x0,0x0,0x6B,0xFF,0x0,0x0,
        0x0,0x0,0x0,0x0,0x0,0x0,0x0,0x0,0x0,0x0,0x0,0x0,0x0,0x0,0x0,0xDE,0x94,0x0,0x0,0xDE,0x4A,0x0,0x0,0x0,0x0,0x21,0xFF,0xFF,0xFF,0xFF,0xFF,0xFF,0xFF,0xDE,0x0,0x0,0x0,0x0,0x21,0xFF,0xFF,0xFF,0xFF,0xFF,0xFF,0xFF,0xFF,0xFF,0xB5,0x0,0x0,0x0,0xB5,0xB5,0x0,0x0,
        0x0,0x0,0x0,0x0,0x0,0x0,0x0,0x0,0x0,0x0,0x0,0x0,0x0,0x0,0x21,0xFF,0xFF,0x4A,0x0,0x4A,0xFF,0x21,0x0,0x0,0x0,0x21,0xFF,0xFF,0xFF,0xFF,0xFF,0xFF,0xFF,0xFF,0x94,0x0,0x0,0x0,0x0,0x6B,0xFF,0xFF,0xFF,0xFF,0xFF,0xFF,0xFF,0xFF,0x4A,0x0,0x0,0x0,0xFF,0x6B,0x0,0x0,
        0x0,0x0,0x0,0x0,0x0,0x0,0x0,0x0,0x0,0x0,0x0,0x0,0x0,0x0,0x0,0x6B,0xFF,0xFF,0x21,0x4A,0xFF,0xB5,0x21,0x0,0x4A,0xFF,0xFF,0xFF,0xFF,0xFF,0xFF,0xFF,0xFF,0xFF,0xFF,0x6B,0x0,0x0,0x0,0x0,0xB5,0xFF,0xFF,0xFF,0xFF,0xFF,0xFF,0xB5,0x0,0x0,0x0,0x0,0x0,0x0,0x0,0x0,
        0x0,0x0,0x0,0x0,0x0,0x0,0x0,0x0,0x0,0x0,0x0,0x0,0x0,0x0,0x0,0x0,0xB5,0xFF,0xB5,0x0,0xFF,0xFF,0xFF,0xDE,0xFF,0xFF,0xFF,0xFF,0xFF,0xFF,0xFF,0xFF,0xFF,0xFF,0xFF,0xFF,0x21,0x0,0x0,0x0,0x94,0xFF,0xFF,0xFF,0xFF,0xFF,0xFF,0x4A,0x0,0x0,0x0,0x0,0x0,0x0,0x0,0x0,
        0x0,0x0,0x0,0x0,0x0,0x0,0x0,0x0,0x0,0x0,0x0,0x0,0x0,0x0,0x0,0x0,0x4A,0xFF,0xFF,0x94,0x4A,0xDE,0xFF,0xFF,0xFF,0xFF,0xFF,0xFF,0xFF,0xFF,0xFF,0xFF,0xFF,0xFF,0xFF,0xFF,0xDE,0x0,0x0,0x0,0x6B,0xFF,0xFF,0xFF,0xFF,0xFF,0xB5,0x0,0x0,0x0,0x0,0x0,0x0,0x0,0x0,0x0,
        0x0,0x0,0x0,0x0,0x0,0x0,0x0,0x0,0x0,0x0,0x0,0x0,0x0,0x0,0x0,0x0,0x94,0xFF,0xFF,0xFF,0x4A,0x0,0x4A,0xFF,0xFF,0xFF,0xFF,0xFF,0xFF,0xFF,0xFF,0xFF,0xFF,0xFF,0xFF,0xFF,0xFF,0xB5,0xB5,0x0,0x0,0xB5,0xFF,0xFF,0xFF,0xFF,0x6B,0x0,0x0,0x0,0x0,0x0,0x0,0x0,0x0,0x0,
        0x0,0x0,0x0,0x0,0x0,0x0,0x0,0x0,0x0,0x0,0x0,0x0,0x0,0x0,0x0,0x0,0xDE,0xFF,0xFF,0xFF,0xDE,0x0,0x0,0x94,0x94,0xFF,0xFF,0xFF,0xFF,0xFF,0xFF,0xFF,0xFF,0xFF,0xFF,0xFF,0xFF,0xFF,0xFF,0x94,0x0,0x0,0xFF,0xFF,0xFF,0xFF,0x6B,0x0,0x0,0x0,0x0,0x0,0x0,0x0,0x0,0x0,
        0x0,0x0,0x0,0x0,0x0,0x0,0x0,0x0,0x0,0x0,0x0,0x0,0x0,0x0,0x0,0x0,0x4A,0xFF,0xFF,0xFF,0xFF,0xDE,0xFF,0xDE,0x94,0xFF,0xFF,0xFF,0xFF,0xFF,0xFF,0xFF,0xFF,0xFF,0xFF,0xFF,0xFF,0xFF,0xFF,0xFF,0x4A,0x0,0x4A,0xFF,0xFF,0xFF,0x4A,0x0,0x0,0x0,0x0,0x0,0x0,0x0,0x0,0x0,
        0x0,0x0,0x0,0x0,0x0,0x0,0x0,0x0,0x0,0x0,0x0,0x0,0x0,0x0,0x0,0x0,0x4A,0xFF,0xFF,0xFF,0xFF,0xFF,0xFF,0xFF,0xFF,0xFF,0xFF,0xFF,0xFF,0xFF,0xFF,0xFF,0xFF,0xFF,0xFF,0xFF,0xFF,0xFF,0xFF,0xFF,0xDE,0x0,0x0,0x94,0xFF,0xFF,0x0,0x0,0x0,0x0,0x0,0x0,0x0,0x0,0x0,0x0,
        0x0,0x0,0x0,0x0,0x0,0x0,0x0,0x0,0x0,0x0,0x0,0x0,0x0,0x0,0x0,0x0,0x0,0xFF,0xFF,0xFF,0xFF,0xFF,0xFF,0xFF,0xFF,0xFF,0xFF,0xFF,0xFF,0xFF,0xFF,0xFF,0xFF,0xFF,0xFF,0xFF,0xFF,0xFF,0xFF,0xFF,0xFF,0xB5,0x0,0x0,0xDE,0xDE,0x0,0x0,0x0,0x0,0x0,0x0,0x0,0x0,0x0,0x0,
        0x0,0x0,0x0,0x0,0x0,0x0,0x0,0x0,0x0,0x0,0x0,0x0,0x0,0x0,0x0,0x0,0x0,0x4A,0xFF,0xFF,0xFF,0xFF,0xFF,0xFF,0xFF,0xFF,0xFF,0xFF,0xFF,0xFF,0xFF,0xFF,0xFF,0xFF,0xFF,0xFF,0xFF,0xFF,0xFF,0xFF,0xFF,0xFF,0x6B,0x0,0x21,0xFF,0x21,0x0,0x0,0x0,0x0,0x0,0x0,0x0,0x0,0x0,
        0x0,0x0,0x0,0x0,0x0,0x0,0x0,0x0,0x0,0x0,0x0,0x0,0x0,0x0,0x0,0x0,0x0,0x0,0x94,0xFF,0xFF,0xFF,0xFF,0xFF,0xFF,0xFF,0xFF,0xFF,0xFF,0xFF,0xFF,0xFF,0xFF,0xFF,0xB5,0xFF,0x6B,0xB5,0xDE,0xDE,0xFF,0xFF,0xFF,0x21,0x0,0x6B,0xDE,0x0,0x0,0x0,0x0,0x0,0x0,0x0,0x0,0x0,
        0x0,0x0,0x0,0x0,0x0,0x0,0x0,0x0,0x0,0x0,0x0,0x0,0x0,0x0,0x0,0x0,0x0,0x0,0x0,0x6B,0x94,0xFF,0xFF,0xFF,0xFF,0xFF,0x6B,0x21,0x4A,0x94,0xB5,0x6B,0x4A,0x4A,0x0,0x0,0x0,0x0,0x0,0x0,0x0,0x4A,0x6B,0xDE,0x0,0x0,0x0,0x0,0x0,0x0,0x0,0x0,0x0,0x0,0x0,0x0,
        0x0,0x0,0x0,0x0,0x0,0x0,0x0,0x0,0x0,0x0,0x0,0x0,0x0,0x0,0x0,0x0,0x0,0x0,0x0,0x0,0x0,0x6B,0x94,0xFF,0xFF,0xFF,0x21,0x0,0x0,0x0,0x0,0x0,0x0,0x0,0x0,0x0,0x0,0x0,0x0,0x0,0x0,0x0,0x0,0x94,0x0,0x0,0x0,0x0,0x0,0x0,0x0,0x0,0x0,0x0,0x0,0x0,
        0x0,0x0,0x0,0x0,0x0,0x0,0x0,0x0,0x0,0x0,0x0,0x0,0x0,0x0,0x0,0x0,0x0,0x0,0x0,0x0,0x0,0x0,0x0,0x6B,0xB5,0xFF,0xDE,0xDE,0x0,0x0,0x0,0x0,0x0,0x0,0x0,0x0,0x0,0x0,0x0,0x0,0x0,0x0,0x0,0x0,0x0,0x0,0x0,0x0,0x0,0x0,0x0,0x0,0x0,0x0,0x0,0x0,
        0x0,0x0,0x0,0x0,0x0,0x0,0x0,0x0,0x0,0x0,0x0,0x0,0x0,0x0,0x0,0x0,0x0,0x0,0x0,0x0,0x0,0x0,0x0,0x0,0x0,0xDE,0xFF,0xFF,0xDE,0xB5,0x6B,0x4A,0x4A,0x0,0x0,0x0,0x0,0x0,0x0,0x0,0x0,0x0,0x0,0x0,0x0,0x0,0x0,0x0,0x0,0x0,0x0,0x0,0x0,0x0,0x0,0x0,
        0x0,0x0,0x0,0x0,0x0,0x0,0x0,0x0,0x0,0x0,0x0,0x0,0x0,0x0,0x0,0x0,0x0,0x0,0x0,0x0,0x0,0x0,0x0,0x0,0x0,0x21,0x21,0x6B,0xB5,0xB5,0xDE,0xFF,0x94,0x0,0x0,0x0,0x0,0x0,0x0,0x0,0x0,0x0,0x0,0x0,0x0,0x0,0x0,0x0,0x0,0x0,0x0,0x0,0x0,0x0,0x0,0x0,
        0x0,0x0,0x0,0x0,0x0,0x0,0x0,0x0,0x0,0x0,0x0,0x0,0x0,0x0,0x0,0x0,0x0,0x0,0x0,0x0,0x0,0x0,0x0,0x0,0x0,0x0,0x0,0x0,0x0,0x0,0x0,0x21,0x0,0x0,0x0,0x0,0x0,0x0,0x0,0x0,0x0,0x0,0x0,0x0,0x0,0x0,0x0,0x0,0x0,0x0,0x0,0x0,0x0,0x0,0x0,0x0
    }
};

const gfx_sprite_t sprite_gaster_blaster_3_13 = {
    .width = 56,
    .height = 56,
    .data = {
        0x0,0x0,0x0,0x0,0x0,0x0,0x0,0x0,0x0,0x0,0x0,0x0,0x0,0x0,0x0,0x0,0x0,0x0,0x0,0x0,0x0,0x0,0x0,0x0,0x0,0x0,0x0,0x0,0x0,0x0,0x0,0x0,0x0,0x0,0x0,0x0,0x0,0x0,0x0,0x0,0x0,0x0,0x0,0x0,0x0,0x0,0x0,0x0,0x0,0x0,0x0,0x0,0x0,0x0,0x0,0x0,
        0x0,0x0,0x0,0x0,0x0,0x0,0x0,0x0,0x0,0x0,0x0,0x0,0x0,0x0,0x0,0x0,0x0,0x0,0x0,0x0,0x0,0x0,0x0,0x0,0x0,0x0,0x0,0x0,0x0,0x0,0x0,0x0,0x0,0x0,0x0,0x0,0x0,0x0,0x0,0x0,0x0,0x0,0x0,0x0,0x0,0x0,0x0,0x0,0x0,0x0,0x0,0x0,0x0,0x0,0x0,0x0,
        0x0,0x0,0x0,0x0,0x0,0x0,0x0,0x0,0x0,0x0,0x0,0x0,0x0,0x0,0x0,0x0,0x0,0x0,0x0,0x0,0x0,0x0,0x0,0x0,0x0,0x0,0x0,0x0,0x0,0x0,0x0,0x0,0x0,0x0,0x0,0x0,0x0,0x0,0x0,0x0,0x0,0x0,0x0,0x0,0x0,0x0,0x0,0x0,0x0,0x0,0x0,0x0,0x0,0x0,0x0,0x0,
        0x0,0x0,0x0,0x0,0x0,0x0,0x0,0x0,0x0,0x0,0x0,0x0,0x0,0x21,0xFF,0xDE,0xDE,0x94,0xB5,0x0,0x6B,0x0,0x21,0x0,0x0,0x0,0x0,0x0,0x0,0x0,0x0,0x0,0x0,0x0,0x0,0x0,0x0,0x0,0x0,0x0,0x0,0x0,0x0,0x0,0x0,0x0,0x0,0x0,0x0,0x0,0x0,0x0,0x0,0x0,0x0,0x0,
        0x0,0x0,0x0,0x0,0x0,0x0,0x0,0x0,0x0,0x0,0x0,0x0,0x0,0xDE,0xFF,0xFF,0xFF,0xFF,0xFF,0x6B,0xB5,0xDE,0xFF,0x0,0x0,0x0,0x0,0x0,0x0,0x0,0x0,0x0,0x0,0x0,0x0,0x0,0x0,0x0,0x0,0x0,0x0,0x0,0x0,0x0,0x0,0x0,0x0,0x0,0x0,0x0,0x0,0x0,0x0,0x0,0x0,0x0,
        0x0,0x0,0x0,0x0,0x0,0x0,0x0,0x0,0x0,0x0,0x0,0x0,0x94,0xFF,0xFF,0xFF,0xFF,0x6B,0xB5,0xB5,0x0,0x6B,0x4A,0x0,0x0,0x0,0x0,0x0,0x0,0x0,0x0,0x0,0x0,0x0,0x0,0x0,0x0,0x0,0x0,0x0,0x0,0x0,0x0,0x0,0x0,0x0,0x0,0x0,0x0,0x0,0x0,0x0,0x0,0x0,0x0,0x0,
        0x0,0x0,0x0,0x0,0x0,0x0,0x0,0x0,0x0,0x0,0x0,0x0,0x6B,0xFF,0xFF,0xFF,0xFF,0xB5,0x0,0x94,0xFF,0x21,0x0,0x0,0x0,0x0,0x0,0x0,0x0,0x0,0x0,0x0,0x0,0x0,0x0,0x0,0x0,0x0,0x0,0x0,0x0,0x0,0x0,0x0,0x0,0x0,0x0,0x0,0x0,0x0,0x0,0x0,0x0,0x0,0x0,0x0,
        0x0,0x0,0x0,0x0,0x0,0x0,0x0,0x0,0x0,0x0,0x0,0x0,0x0,0x21,0xDE,0xFF,0xFF,0xFF,0x6B,0x0,0x21,0x0,0x0,0x0,0x21,0x21,0x21,0x94,0xB5,0xB5,0xDE,0x4A,0x94,0x0,0x0,0x0,0x0,0x0,0x0,0x0,0x0,0x0,0x0,0x0,0x0,0x0,0x0,0x0,0x0,0x0,0x0,0x0,0x0,0x0,0x0,0x0,
        0x0,0x0,0x0,0x0,0x0,0x0,0x0,0x0,0x0,0x0,0x0,0x0,0x0,0x0,0x0,0x94,0xFF,0xFF,0xB5,0x0,0x6B,0x94,0x94,0xDE,0xFF,0xFF,0xFF,0xFF,0xFF,0xFF,0xFF,0xFF,0xFF,0xFF,0x4A,0x0,0xB5,0x4A,0x0,0x0,0x0,0x0,0x0,0x0,0x0,0x0,0x0,0x0,0x0,0x0,0x0,0x0,0x0,0x0,0x0,0x0,
        0x0,0x0,0x0,0x0,0x0,0x0,0x0,0x0,0x0,0x0,0x0,0x0,0x0,0x0,0x0,0x0,0x4A,0xFF,0xFF,0xFF,0xFF,0xFF,0xFF,0xFF,0xFF,0xFF,0xFF,0xFF,0xFF,0xFF,0xFF,0xFF,0xFF,0xFF,0xFF,0x6B,0xB5,0x0,0x0,0x0,0x0,0x0,0x0,0x0,0x0,0x0,0x0,0x0,0x0,0x0,0x0,0x0,0x0,0x0,0x0,0x0,
        0x0,0x0,0x0,0x0,0x0,0x0,0x0,0x0,0x0,0x0,0x0,0x0,0x0,0x0,0x0,0x0,0x0,0x0,0xB5,0xFF,0xDE,0xFF,0xFF,0xDE,0xFF,0xFF,0xFF,0xFF,0xFF,0xFF,0xFF,0xFF,0x6B,0x4A,0x0,0x0,0x0,0x0,0x0,0x0,0x0,0x0,0x0,0x0,0x0,0x0,0x0,0x0,0x0,0x0,0x0,0x0,0x0,0x0,0x0,0x0,
        0x0,0x0,0x0,0x0,0x0,0x0,0x0,0x0,0x0,0x0,0x0,0x0,0x0,0x0,0x0,0x0,0x0,0x0,0x0,0x21,0x0,0x94,0x21,0x0,0x6B,0x6B,0x94,0xFF,0xFF,0xFF,0xFF,0xFF,0xFF,0x4A,0x0,0x0,0x0,0x0,0x0,0x0,0x0,0x0,0x0,0x0,0x0,0x0,0x0,0x0,0x0,0x0,0x0,0x0,0x0,0x0,0x0,0x0,
        0x0,0x0,0x0,0x0,0x0,0x0,0x0,0x0,0x0,0x0,0x0,0x0,0x0,0x0,0x0,0x0,0x0,0x0,0x0,0x0,0x0,0xDE,0x94,0x0,0x0,0x0,0x0,0x4A,0xFF,0xDE,0xDE,0xB5,0xFF,0xFF,0x94,0x21,0x4A,0x0,0x0,0x0,0x0,0x0,0x0,0x0,0x0,0x0,0x0,0x0,0x0,0x0,0x0,0x0,0x0,0x0,0x0,0x0,
        0x0,0x0,0x0,0x0,0x0,0x0,0x0,0x0,0x0,0x0,0x0,0x0,0x0,0x0,0x0,0x0,0x0,0x0,0x0,0x0,0x0,0x0,0x94,0xDE,0x21,0x0,0x0,0x0,0x4A,0x4A,0x0,0x0,0x4A,0x0,0xB5,0xFF,0xFF,0x94,0x0,0x0,0x0,0x0,0x0,0x0,0x0,0x0,0x0,0x0,0x0,0x0,0x0,0x0,0x0,0x0,0x0,0x0,
        0x0,0x0,0x0,0x0,0x0,0x0,0x0,0x0,0x0,0x0,0x0,0x0,0x0,0x0,0x0,0x0,0x0,0xB5,0x94,0x0,0x0,0x0,0x0,0x6B,0xFF,0x6B,0x0,0x0,0x21,0xFF,0x6B,0x0,0x0,0x0,0x0,0x6B,0xFF,0xFF,0xDE,0xB5,0x94,0x0,0x0,0x0,0x0,0x0,0x0,0x0,0x0,0x0,0x0,0x0,0x0,0x0,0x0,0x0,
        0x0,0x0,0x0,0x0,0x0,0x0,0x0,0x0,0x0,0x0,0x0,0x0,0x0,0x0,0x0,0x0,0x0,0x0,0x94,0x0,0x0,0x0,0x6B,0x6B,0x21,0xDE,0xB5,0x94,0x6B,0x4A,0xFF,0xB5,0x21,0x0,0x0,0x0,0x21,0x4A,0x6B,0xFF,0xFF,0xDE,0x4A,0x4A,0x4A,0x6B,0x0,0x21,0x0,0x0,0x0,0x0,0x0,0x0,0x0,0x0,
        0x0,0x0,0x0,0x0,0x0,0x0,0x0,0x0,0x0,0x0,0x0,0x0,0x0,0x0,0x0,0x0,0x0,0x0,0xB5,0x94,0x0,0x0,0x4A,0xFF,0xB5,0x94,0xFF,0xFF,0xFF,0xFF,0xFF,0xFF,0xFF,0x4A,0x94,0x21,0x21,0x0,0x0,0x21,0xDE,0xFF,0xFF,0xFF,0xFF,0xFF,0xDE,0xFF,0x94,0x0,0x0,0x0,0x0,0x0,0x0,0x0,
        0x0,0x0,0x0,0x0,0x0,0x0,0x0,0x0,0x0,0x0,0x0,0x0,0x0,0x0,0x0,0x0,0x0,0x0,0x0,0x94,0xDE,0xFF,0xFF,0xFF,0xFF,0xFF,0xFF,0xFF,0xFF,0xFF,0xFF,0xFF,0xFF,0xFF,0xDE,0xFF,0xFF,0xDE,0x21,0x0,0x0,0x94,0xFF,0xFF,0xFF,0xFF,0xFF,0xFF,0xFF,0xDE,0x21,0x0,0x0,0x0,0x0,0x0,
        0x0,0x0,0x0,0x0,0x0,0x0,0x0,0x0,0x0,0x0,0x0,0x0,0x0,0x0,0x0,0x0,0x0,0x0,0x0,0x0,0xDE,0xFF,0xFF,0xFF,0xFF,0xFF,0xFF,0xFF,0xFF,0xFF,0xFF,0xFF,0xDE,0xDE,0x0,0x21,0xDE,0xB5,0xFF,0x6B,0x0,0x21,0x4A,0xFF,0xFF,0xFF,0xFF,0xFF,0xFF,0xFF,0xFF,0x0,0x0,0x0,0x0,0x0,
        0x0,0x0,0xB5,0x6B,0x0,0x0,0x0,0x0,0x0,0x0,0x0,0x0,0x0,0x0,0x0,0x0,0x0,0x0,0x0,0x0,0xB5,0xFF,0xFF,0xFF,0xFF,0xFF,0xFF,0xFF,0xFF,0xFF,0xFF,0xDE,0x0,0xB5,0xB5,0x94,0x0,0x0,0x21,0xB5,0xDE,0xFF,0x6B,0x0,0xB5,0xFF,0xFF,0xFF,0xFF,0xFF,0xFF,0x21,0x0,0x0,0x0,0x0,
        0x0,0x6B,0xFF,0xFF,0xB5,0x0,0x0,0x0,0x0,0x0,0x0,0x0,0x0,0x0,0x0,0x0,0x0,0x0,0x0,0x0,0xB5,0xFF,0x94,0x6B,0x0,0xB5,0xFF,0xFF,0xFF,0xFF,0xFF,0x4A,0x94,0xFF,0xFF,0xFF,0xDE,0x21,0x0,0x0,0x94,0xFF,0xFF,0x6B,0x0,0x6B,0xFF,0xFF,0xFF,0xFF,0xFF,0xFF,0x0,0x0,0x0,0x0,
        0x21,0xFF,0xFF,0xFF,0xFF,0xDE,0x4A,0x0,0x0,0x0,0x0,0x0,0xB5,0x21,0x4A,0x0,0x0,0x0,0x0,0x0,0x0,0x6B,0x0,0x0,0x0,0x0,0x6B,0xFF,0xFF,0xFF,0x6B,0x21,0xFF,0xFF,0xFF,0xFF,0xFF,0xDE,0x0,0x0,0x0,0x94,0xFF,0x94,0x0,0x6B,0xFF,0xFF,0xFF,0xFF,0xFF,0xFF,0x21,0x0,0x0,0x0,
        0x4A,0xFF,0xFF,0xFF,0xFF,0xFF,0xFF,0x6B,0x0,0x0,0x0,0x0,0x6B,0xB5,0x94,0xDE,0x21,0x4A,0x6B,0x6B,0x0,0x0,0x0,0x0,0x0,0x0,0x0,0xB5,0xFF,0xDE,0x0,0x0,0x21,0xDE,0xFF,0xFF,0xFF,0xFF,0x0,0x0,0x0,0x6B,0xFF,0xFF,0xB5,0x4A,0xFF,0xFF,0xFF,0xFF,0xFF,0xFF,0xFF,0x21,0x0,0x0,
        0x21,0xFF,0xFF,0xFF,0xFF,0xFF,0xFF,0xFF,0xB5,0x0,0x0,0x0,0x0,0x0,0x0,0x6B,0xFF,0xFF,0xFF,0xFF,0x4A,0x0,0x0,0x0,0x0,0x0,0x0,0x6B,0xFF,0xFF,0xDE,0x21,0x21,0x0,0x94,0xFF,0xDE,0xB5,0x0,0x0,0x0,0x94,0xFF,0xFF,0xFF,0x21,0xDE,0xFF,0xFF,0xFF,0xFF,0xFF,0xFF,0x4A,0x0,0x0,
        0x0,0x4A,0xFF,0xDE,0x21,0xB5,0x6B,0xFF,0xFF,0xB5,0x0,0x0,0x0,0x0,0x0,0x0,0xFF,0xFF,0xFF,0xB5,0x0,0x0,0x0,0x0,0x0,0x0,0x0,0x0,0xB5,0xFF,0xFF,0xFF,0xFF,0xDE,0x21,0x21,0x0,0x0,0x0,0x21,0x4A,0xFF,0xFF,0xFF,0xFF,0xDE,0xFF,0xFF,0xFF,0xFF,0xFF,0xFF,0xFF,0xFF,0x6B,0x0,
        0x0,0x21,0xFF,0xFF,0xB5,0x0,0x0,0x4A,0xFF,0xDE,0x21,0x4A,0x0,0x0,0x0,0x21,0xB5,0xFF,0xFF,0xDE,0x0,0x0,0x0,0x0,0x0,0x0,0x0,0x0,0x6B,0xFF,0xFF,0xFF,0xFF,0xFF,0xFF,0x6B,0x94,0xB5,0xDE,0xFF,0xFF,0xFF,0xFF,0xFF,0xFF,0xFF,0xFF,0xFF,0xFF,0xFF,0xFF,0x21,0x94,0xFF,0xDE,0x0,
        0x0,0x0,0x4A,0x6B,0x94,0xFF,0x4A,0x21,0xFF,0xFF,0xB5,0x94,0xDE,0x21,0x21,0xFF,0xFF,0xFF,0xFF,0xDE,0x0,0x0,0x0,0x0,0x0,0x0,0x0,0x0,0x0,0x21,0xDE,0xFF,0xFF,0xFF,0xFF,0xFF,0xFF,0xFF,0xFF,0xFF,0xFF,0xFF,0xFF,0xFF,0xFF,0xFF,0xFF,0xFF,0xFF,0xFF,0xB5,0x0,0x21,0xFF,0xFF,0x21,
        0x0,0x0,0x21,0xFF,0x4A,0x4A,0x4A,0x21,0xFF,0xFF,0xDE,0x0,0x6B,0xFF,0x6B,0x21,0xDE,0xFF,0xFF,0xFF,0xFF,0x4A,0x0,0x0,0x0,0x0,0x0,0x0,0x0,0x0,0x0,0x94,0xFF,0xFF,0xFF,0xFF,0xFF,0xFF,0xFF,0xFF,0xFF,0xFF,0xFF,0xFF,0xFF,0xFF,0xFF,0xFF,0xFF,0xFF,0xDE,0x0,0x0,0x94,0xFF,0x21,
        0x0,0x0,0x0,0x4A,0xFF,0x4A,0x0,0x0,0xDE,0xFF,0xDE,0x0,0x0,0x21,0xDE,0xB5,0x4A,0xFF,0xFF,0xFF,0xFF,0xFF,0x94,0xFF,0x4A,0x6B,0x21,0x0,0x0,0x0,0x0,0x0,0x4A,0xFF,0xFF,0xFF,0xFF,0xFF,0xFF,0xFF,0xFF,0xFF,0xFF,0xFF,0xFF,0xFF,0xFF,0xFF,0xFF,0xFF,0xFF,0x21,0x0,0x21,0xFF,0x4A,
        0x0,0x0,0x0,0x21,0xDE,0x0,0x0,0x0,0xB5,0xFF,0xFF,0xDE,0x0,0x0,0x0,0x94,0xFF,0xFF,0xFF,0xFF,0xFF,0xFF,0xFF,0xFF,0xFF,0xFF,0xFF,0x6B,0x0,0x0,0x0,0x0,0x0,0x21,0xB5,0xFF,0xFF,0xFF,0xFF,0xFF,0xFF,0xFF,0xFF,0xFF,0xFF,0xFF,0xFF,0xFF,0xFF,0xFF,0xFF,0x21,0x0,0x0,0xDE,0x94,
        0x0,0x0,0x0,0x0,0x0,0x0,0x0,0x0,0x94,0xFF,0xFF,0xDE,0x0,0x0,0x0,0x0,0xB5,0xFF,0xFF,0xFF,0xFF,0xFF,0xFF,0xFF,0xFF,0xFF,0xFF,0xFF,0x94,0x0,0x0,0x0,0x0,0x0,0x0,0x6B,0xFF,0xFF,0xFF,0xFF,0xFF,0xFF,0xFF,0xFF,0xFF,0xFF,0xFF,0xFF,0xFF,0xFF,0xFF,0x21,0x0,0x0,0xB5,0xB5,
        0x0,0x0,0x0,0x0,0x0,0x0,0x0,0x0,0x6B,0xFF,0xFF,0xFF,0xDE,0x21,0x0,0x0,0x94,0xFF,0xFF,0xFF,0xFF,0xFF,0xFF,0x4A,0x21,0xDE,0xFF,0xFF,0xFF,0xDE,0x4A,0x0,0x0,0x0,0x0,0x0,0x4A,0xDE,0xFF,0xFF,0xFF,0xFF,0xFF,0xFF,0xFF,0xFF,0xFF,0xFF,0xFF,0xFF,0xB5,0x0,0x0,0x0,0xB5,0x6B,
        0x0,0x0,0x0,0x0,0x0,0x0,0x0,0x0,0x21,0xFF,0xFF,0xFF,0xFF,0xFF,0x6B,0xB5,0x4A,0x94,0xFF,0xFF,0xFF,0xFF,0x94,0x0,0x0,0x0,0xFF,0xFF,0xFF,0xFF,0xFF,0x6B,0x0,0x0,0x0,0x0,0x0,0x0,0xB5,0xFF,0xFF,0xFF,0xFF,0xFF,0xFF,0xFF,0xFF,0xFF,0xFF,0xFF,0xDE,0x0,0x0,0x0,0x0,0x0,
        0x0,0x0,0x0,0x0,0x0,0x0,0x0,0x0,0x21,0xFF,0xFF,0xFF,0xFF,0xFF,0x94,0x4A,0xFF,0xFF,0xFF,0xFF,0xFF,0xB5,0x0,0xDE,0x6B,0x0,0xDE,0xFF,0xFF,0xFF,0xFF,0xFF,0xB5,0x0,0x0,0x0,0x0,0x0,0x0,0x6B,0xFF,0xFF,0xFF,0xFF,0xFF,0xFF,0xFF,0xFF,0xFF,0xFF,0x4A,0x0,0x0,0x0,0x0,0x0,
        0x0,0x0,0x0,0x0,0x0,0x0,0x0,0x0,0x21,0xFF,0xFF,0xFF,0xFF,0xFF,0xDE,0x0,0x0,0xB5,0xFF,0xFF,0xFF,0x21,0xB5,0xFF,0xFF,0x94,0x0,0x94,0xFF,0xFF,0xFF,0xFF,0xFF,0xFF,0x4A,0x0,0x0,0x0,0x0,0x0,0x21,0xDE,0xFF,0xFF,0xFF,0xFF,0xFF,0xFF,0xFF,0xFF,0x94,0x0,0x0,0x0,0x0,0x0,
        0x0,0x0,0x0,0x0,0x0,0x0,0x0,0x0,0x0,0xDE,0xFF,0xFF,0xFF,0xFF,0xFF,0x4A,0x0,0x0,0x6B,0xFF,0xFF,0x94,0xDE,0xFF,0xFF,0xFF,0xDE,0x21,0x6B,0xFF,0xFF,0xFF,0xFF,0xFF,0xFF,0x94,0x0,0x0,0x0,0x0,0x0,0x0,0x94,0xFF,0xFF,0xFF,0xFF,0xFF,0xFF,0xFF,0x0,0x0,0x0,0x0,0x0,0x0,
        0x0,0x0,0x0,0x0,0x0,0x0,0x0,0x0,0x0,0x4A,0xFF,0xFF,0xFF,0xDE,0xFF,0xDE,0x0,0x0,0x0,0x94,0xDE,0x0,0xDE,0xFF,0xFF,0xFF,0xFF,0x21,0x4A,0xFF,0xFF,0xFF,0xFF,0xFF,0xFF,0xFF,0xDE,0x21,0x0,0x0,0x0,0x0,0x0,0x4A,0xFF,0xFF,0xFF,0xFF,0xFF,0xFF,0x4A,0x0,0x0,0x0,0x0,0x0,
        0x0,0x0,0x0,0x0,0x0,0x0,0x0,0x0,0x0,0x0,0xDE,0xFF,0xFF,0x0,0x6B,0xFF,0x4A,0x0,0x0,0x6B,0xFF,0x6B,0x21,0xDE,0xFF,0xFF,0xFF,0x6B,0x21,0xFF,0xFF,0xFF,0xFF,0xFF,0xFF,0xFF,0xFF,0xFF,0x6B,0x0,0x0,0x0,0x0,0x21,0xFF,0xFF,0xFF,0xFF,0xFF,0xFF,0x4A,0x0,0x0,0x0,0x0,0x0,
        0x0,0x0,0x0,0x0,0x0,0x0,0x0,0x0,0x0,0x0,0x4A,0xFF,0xFF,0x21,0x0,0x4A,0xFF,0x94,0x0,0x0,0x94,0xFF,0x94,0x0,0x94,0x94,0x94,0x0,0x0,0xDE,0xFF,0xFF,0xFF,0xFF,0xFF,0xFF,0xFF,0xFF,0xFF,0x94,0x0,0x0,0x0,0x0,0x4A,0xFF,0xFF,0xFF,0xFF,0xFF,0x6B,0x0,0x0,0x0,0x0,0x0,
        0x0,0x0,0x0,0x0,0x0,0x0,0x0,0x0,0x0,0x0,0x0,0x0,0xB5,0x6B,0x0,0x0,0xDE,0xFF,0xDE,0x21,0x6B,0xFF,0xB5,0x0,0x0,0x0,0x0,0x0,0x0,0xDE,0xFF,0xFF,0xFF,0xFF,0xFF,0xFF,0xFF,0xFF,0xFF,0xFF,0xDE,0x4A,0x94,0x0,0x0,0x0,0xB5,0xFF,0xFF,0xFF,0xB5,0x0,0x0,0x0,0x0,0x0,
        0x0,0x0,0x0,0x0,0x0,0x0,0x0,0x0,0x0,0x0,0x0,0x0,0x0,0x94,0x0,0x0,0x21,0xDE,0xFF,0x21,0x0,0x21,0xDE,0xB5,0x0,0x0,0x0,0x0,0x0,0xDE,0xFF,0xFF,0xFF,0xFF,0xFF,0xFF,0xFF,0xFF,0xFF,0xFF,0xFF,0xFF,0xFF,0xFF,0x4A,0x0,0x0,0x6B,0xFF,0xFF,0xDE,0x0,0x0,0x0,0x0,0x0,
        0x0,0x0,0x0,0x0,0x0,0x0,0x0,0x0,0x0,0x0,0x0,0x0,0xB5,0x6B,0x0,0x0,0x0,0x0,0x94,0xDE,0x21,0x0,0x0,0x94,0xDE,0x4A,0x0,0x0,0xB5,0xFF,0xFF,0xFF,0xFF,0xFF,0xFF,0xFF,0xFF,0xFF,0xFF,0xFF,0xFF,0xFF,0xFF,0xFF,0xFF,0x94,0x0,0x0,0x21,0xDE,0xDE,0x0,0x0,0x0,0x0,0x0,
        0x0,0x0,0x0,0x0,0x0,0x0,0x0,0x0,0x0,0x0,0x0,0x0,0x21,0x0,0x0,0x0,0x0,0x0,0x0,0xFF,0xFF,0x6B,0x0,0x21,0xFF,0xFF,0xDE,0xFF,0xFF,0xFF,0xFF,0xFF,0xFF,0xFF,0xFF,0xFF,0xFF,0xFF,0xFF,0xFF,0xFF,0xFF,0xFF,0xFF,0xFF,0xFF,0xB5,0x21,0x0,0x0,0x94,0xDE,0x21,0x0,0x0,0x0,
        0x0,0x0,0x0,0x0,0x0,0x0,0x0,0x0,0x0,0x0,0x0,0x0,0x0,0x0,0x0,0x0,0x0,0x0,0x0,0x94,0xFF,0xFF,0xB5,0x0,0x94,0xFF,0xFF,0xFF,0xFF,0xFF,0xFF,0xFF,0xFF,0xFF,0xFF,0xFF,0xFF,0xFF,0xFF,0xFF,0xFF,0xFF,0xFF,0xFF,0xFF,0xFF,0xFF,0xFF,0x6B,0x0,0x0,0x6B,0x0,0x0,0x0,0x0,
        0x0,0x0,0x0,0x0,0x0,0x0,0x0,0x0,0x0,0x0,0x0,0x0,0x0,0x0,0x0,0x0,0x0,0x0,0x0,0x0,0x4A,0xFF,0xFF,0xFF,0x4A,0x4A,0x21,0x6B,0xFF,0xFF,0xFF,0xFF,0xFF,0xFF,0xFF,0xFF,0xFF,0xFF,0xFF,0xFF,0xFF,0xFF,0xFF,0xFF,0xFF,0xFF,0xFF,0xFF,0xFF,0x94,0x0,0x0,0x0,0x0,0x0,0x0,
        0x0,0x0,0x0,0x0,0x0,0x0,0x0,0x0,0x0,0x0,0x0,0x0,0x0,0x0,0x0,0x0,0x0,0x0,0x0,0x0,0x0,0x6B,0xFF,0xFF,0xFF,0x94,0x0,0x0,0x21,0x4A,0xDE,0xFF,0xFF,0xFF,0xFF,0xFF,0xFF,0xFF,0xFF,0xFF,0xFF,0xFF,0xDE,0xFF,0xB5,0x6B,0x4A,0x4A,0x0,0x94,0xDE,0x0,0x0,0x0,0x0,0x0,
        0x0,0x0,0x0,0x0,0x0,0x0,0x0,0x0,0x0,0x0,0x0,0x0,0x0,0x0,0x0,0x0,0x0,0x0,0x0,0x0,0x0,0x4A,0xFF,0xFF,0xFF,0xFF,0xB5,0xDE,0xDE,0xFF,0xFF,0xFF,0xFF,0xFF,0xFF,0xFF,0xFF,0xFF,0xFF,0xFF,0xDE,0xFF,0x0,0x0,0x0,0x0,0x0,0x0,0x0,0x0,0x0,0x0,0x0,0x0,0x0,0x0,
        0x0,0x0,0x0,0x0,0x0,0x0,0x0,0x0,0x0,0x0,0x0,0x0,0x0,0x0,0x0,0x0,0x0,0x0,0x0,0x0,0x0,0x4A,0xFF,0xFF,0xFF,0xFF,0xFF,0xFF,0xFF,0xFF,0xFF,0xFF,0xFF,0xFF,0xFF,0xFF,0xFF,0xFF,0xDE,0xFF,0x0,0x0,0x0,0x0,0x0,0x0,0x0,0x0,0x0,0x0,0x0,0x0,0x0,0x0,0x0,0x0,
        0x0,0x0,0x0,0x0,0x0,0x0,0x0,0x0,0x0,0x0,0x0,0x0,0x0,0x0,0x0,0x0,0x0,0x0,0x0,0x0,0x0,0x0,0x4A,0xFF,0xFF,0xFF,0xFF,0xFF,0xFF,0xFF,0xFF,0xFF,0xFF,0xFF,0xFF,0xFF,0xFF,0xFF,0x21,0x0,0x0,0x0,0x0,0x0,0x0,0x0,0x0,0x0,0x0,0x0,0x0,0x0,0x0,0x0,0x0,0x0,
        0x0,0x0,0x0,0x0,0x0,0x0,0x0,0x0,0x0,0x0,0x0,0x0,0x0,0x0,0x0,0x0,0x0,0x0,0x0,0x0,0x0,0x0,0x21,0xFF,0xFF,0xFF,0xFF,0xFF,0xFF,0xFF,0xFF,0xFF,0xFF,0x94,0x6B,0x0,0x21,0x0,0x0,0x0,0x0,0x0,0x0,0x0,0x0,0x0,0x0,0x0,0x0,0x0,0x0,0x0,0x0,0x0,0x0,0x0,
        0x0,0x0,0x0,0x0,0x0,0x0,0x0,0x0,0x0,0x0,0x0,0x0,0x0,0x0,0x0,0x0,0x0,0x0,0x0,0x0,0x0,0x0,0x0,0x4A,0xDE,0xFF,0xFF,0xFF,0xFF,0xFF,0xFF,0xFF,0xFF,0x0,0x0,0x0,0x0,0x0,0x0,0x0,0x0,0x0,0x0,0x0,0x0,0x0,0x0,0x0,0x0,0x0,0x0,0x0,0x0,0x0,0x0,0x0,
        0x0,0x0,0x0,0x0,0x0,0x0,0x0,0x0,0x0,0x0,0x0,0x0,0x0,0x0,0x0,0x0,0x0,0x0,0x0,0x0,0x0,0x0,0x0,0x0,0x0,0xB5,0xFF,0xDE,0xFF,0xFF,0xFF,0xFF,0xFF,0xB5,0x6B,0x6B,0x0,0x4A,0x6B,0x6B,0x6B,0x0,0x0,0x0,0x0,0x0,0x0,0x0,0x0,0x0,0x0,0x0,0x0,0x0,0x0,0x0,
        0x0,0x0,0x0,0x0,0x0,0x0,0x0,0x0,0x0,0x0,0x0,0x0,0x0,0x0,0x0,0x0,0x0,0x0,0x0,0x0,0x0,0x0,0x0,0x0,0x0,0x0,0x21,0x0,0x94,0x21,0xDE,0xB5,0xFF,0xFF,0xFF,0xFF,0xFF,0xFF,0xFF,0xFF,0x21,0x0,0x0,0x0,0x0,0x0,0x0,0x0,0x0,0x0,0x0,0x0,0x0,0x0,0x0,0x0,
        0x0,0x0,0x0,0x0,0x0,0x0,0x0,0x0,0x0,0x0,0x0,0x0,0x0,0x0,0x0,0x0,0x0,0x0,0x0,0x0,0x0,0x0,0x0,0x0,0x0,0x0,0x0,0x0,0x0,0x0,0x0,0x0,0x21,0xB5,0x94,0x94,0x6B,0x0,0x21,0x0,0x0,0x0,0x0,0x0,0x0,0x0,0x0,0x0,0x0,0x0,0x0,0x0,0x0,0x0,0x0,0x0,
        0x0,0x0,0x0,0x0,0x0,0x0,0x0,0x0,0x0,0x0,0x0,0x0,0x0,0x0,0x0,0x0,0x0,0x0,0x0,0x0,0x0,0x0,0x0,0x0,0x0,0x0,0x0,0x0,0x0,0x0,0x0,0x0,0x0,0x0,0x0,0x0,0x0,0x0,0x0,0x0,0x0,0x0,0x0,0x0,0x0,0x0,0x0,0x0,0x0,0x0,0x0,0x0,0x0,0x0,0x0,0x0,
        0x0,0x0,0x0,0x0,0x0,0x0,0x0,0x0,0x0,0x0,0x0,0x0,0x0,0x0,0x0,0x0,0x0,0x0,0x0,0x0,0x0,0x0,0x0,0x0,0x0,0x0,0x0,0x0,0x0,0x0,0x0,0x0,0x0,0x0,0x0,0x0,0x0,0x0,0x0,0x0,0x0,0x0,0x0,0x0,0x0,0x0,0x0,0x0,0x0,0x0,0x0,0x0,0x0,0x0,0x0,0x0
    }
};

const gfx_sprite_t sprite_gaster_blaster_3_14 = {
    .width = 56,
    .height = 56,
    .data = {
        0x0,0x0,0x0,0x0,0x0,0x0,0x0,0x0,0x0,0x0,0x0,0x0,0x0,0x0,0x0,0x0,0x0,0x0,0x0,0x0,0x0,0x0,0x0,0x0,0x0,0x0,0x0,0x0,0x0,0x0,0x0,0x0,0x0,0x0,0x0,0x0,0x0,0x0,0x0,0x0,0x0,0x0,0x0,0x0,0x0,0x0,0x0,0x0,0x0,0x0,0x0,0x0,0x0,0x0,0x0,0x0,
        0x0,0x0,0x0,0x0,0x0,0x0,0x0,0x0,0x0,0x0,0x0,0x0,0x0,0x0,0x0,0x0,0x0,0x0,0x0,0x0,0x0,0x0,0x0,0x0,0x0,0x0,0x0,0x0,0x0,0x0,0x0,0x0,0x0,0x0,0x0,0x0,0x0,0x0,0x0,0x0,0x0,0x0,0x0,0x0,0x0,0x0,0x0,0x0,0x0,0x0,0x0,0x0,0x0,0x0,0x0,0x0,
        0x0,0x0,0x0,0x0,0x0,0x0,0x0,0x0,0x0,0x0,0x0,0x0,0x0,0x0,0x0,0x0,0x0,0x0,0x0,0x0,0x0,0x0,0x0,0x0,0x0,0x0,0x0,0x0,0x0,0x0,0x0,0x0,0x0,0x0,0x0,0x0,0x0,0x0,0x0,0x0,0x0,0x0,0x0,0x0,0x0,0x0,0x0,0x0,0x0,0x0,0x0,0x0,0x0,0x0,0x0,0x0,
        0x0,0x0,0x0,0x0,0x0,0x0,0x0,0x0,0x0,0x0,0x0,0x0,0x0,0x0,0x0,0x0,0x0,0x0,0x0,0x0,0x0,0x0,0x0,0x0,0x0,0x0,0x0,0x0,0x0,0x0,0x0,0x0,0x0,0x0,0x0,0x0,0x0,0x0,0x0,0x0,0x0,0x0,0x0,0x0,0x0,0x0,0x0,0x0,0x0,0x0,0x0,0x0,0x0,0x0,0x0,0x0,
        0x0,0x0,0x0,0x0,0x0,0x0,0x0,0x0,0x0,0x0,0x0,0x0,0x0,0x0,0x0,0x0,0x0,0x0,0x0,0x0,0x0,0x0,0x0,0x0,0x0,0x0,0x0,0x0,0x0,0x0,0x0,0x0,0x0,0x0,0x0,0x0,0x0,0x0,0x0,0x0,0x0,0x0,0x0,0x0,0x0,0x0,0x0,0x0,0x0,0x0,0x0,0x0,0x0,0x0,0x0,0x0,
        0x0,0x0,0x0,0x0,0x0,0x0,0x0,0x0,0x0,0x0,0x0,0x0,0x0,0x0,0x0,0x0,0x0,0x0,0x0,0x0,0x0,0x0,0x0,0x0,0x0,0x0,0x0,0x0,0x0,0x0,0x0,0x0,0x0,0x0,0x0,0x0,0x0,0x0,0x0,0x0,0x0,0x0,0x0,0x0,0x0,0x0,0x0,0x0,0x0,0x0,0x0,0x0,0x0,0x0,0x0,0x0,
        0x0,0x0,0x0,0x0,0x0,0x0,0x0,0x0,0x0,0x0,0x0,0x0,0x0,0x0,0x0,0x0,0x0,0x0,0x0,0x0,0x0,0x0,0x0,0x0,0x0,0x0,0x0,0x0,0x0,0x0,0x6B,0x0,0x0,0x0,0x0,0x0,0x0,0x0,0x0,0x0,0x0,0x0,0x0,0x0,0x0,0x0,0x0,0x0,0x0,0x0,0x0,0x0,0x0,0x0,0x0,0x0,
        0x0,0x0,0x0,0x0,0x0,0x0,0x0,0x0,0x0,0x0,0x21,0x4A,0x4A,0xB5,0x6B,0xDE,0x0,0x0,0x0,0x0,0x0,0x0,0x0,0x6B,0x4A,0x94,0xB5,0x4A,0x0,0x6B,0x94,0x0,0x0,0x0,0x0,0x0,0x0,0x0,0x0,0x0,0x0,0x0,0x0,0x0,0x0,0x0,0x0,0x0,0x0,0x0,0x0,0x0,0x0,0x0,0x0,0x0,
        0x0,0x0,0x0,0x0,0x0,0x0,0x0,0x6B,0xDE,0xDE,0xDE,0xFF,0x6B,0x6B,0xB5,0x94,0x0,0x0,0x0,0x0,0x0,0x4A,0xDE,0xFF,0xFF,0xFF,0xFF,0xFF,0xFF,0x6B,0x21,0x0,0x0,0x0,0x0,0x0,0x0,0x0,0x0,0x0,0x0,0x0,0x0,0x0,0x0,0x0,0x0,0x0,0x0,0x0,0x0,0x0,0x0,0x0,0x0,0x0,
        0x0,0x0,0x0,0x0,0x0,0x0,0x21,0xFF,0xFF,0xFF,0xFF,0xDE,0xFF,0x94,0x4A,0x0,0x0,0x0,0x0,0x6B,0xB5,0xFF,0xFF,0xFF,0xFF,0xFF,0xDE,0x94,0x0,0x0,0x0,0x0,0x0,0x0,0x0,0x0,0x0,0x0,0x0,0x0,0x0,0x0,0x0,0x0,0x0,0x0,0x0,0x0,0x0,0x0,0x0,0x0,0x0,0x0,0x0,0x0,
        0x0,0x0,0x0,0x0,0x0,0x0,0x94,0xFF,0xFF,0xFF,0xDE,0x21,0x21,0x6B,0xB5,0x0,0x0,0x4A,0xFF,0xFF,0xFF,0xFF,0xFF,0xFF,0xFF,0xFF,0xB5,0x21,0x0,0x0,0x0,0x0,0x0,0x0,0x0,0x0,0x0,0x0,0x0,0x0,0x21,0x0,0x6B,0x21,0x0,0x0,0x0,0x0,0x0,0x0,0x0,0x0,0x0,0x0,0x0,0x0,
        0x0,0x0,0x0,0x0,0x0,0x0,0xDE,0xFF,0xFF,0xFF,0xFF,0xFF,0x4A,0x0,0x0,0x4A,0xB5,0xFF,0xFF,0xFF,0xFF,0xFF,0xFF,0xFF,0xFF,0xFF,0xFF,0xFF,0xDE,0x94,0xB5,0xFF,0x94,0x4A,0x6B,0xB5,0x4A,0x0,0x21,0x94,0xFF,0xDE,0xFF,0xFF,0xFF,0x94,0x4A,0x0,0x0,0x0,0x0,0x0,0x0,0x0,0x0,0x0,
        0x0,0x0,0x0,0x0,0x0,0x0,0x6B,0xB5,0xFF,0xFF,0xFF,0xFF,0xDE,0x6B,0xDE,0xFF,0xFF,0xFF,0xFF,0xFF,0xFF,0xFF,0xFF,0xFF,0xFF,0xDE,0x94,0xDE,0x21,0x94,0xDE,0xFF,0xFF,0xDE,0xFF,0xFF,0xFF,0xFF,0xDE,0xFF,0xFF,0xFF,0xFF,0xFF,0xFF,0xFF,0xDE,0x0,0x0,0x0,0x0,0x0,0x0,0x0,0x0,0x0,
        0x0,0x0,0x0,0x0,0x0,0x0,0x0,0x0,0x0,0x6B,0xB5,0xFF,0xFF,0xFF,0xFF,0xFF,0xFF,0xDE,0x4A,0x6B,0x21,0x0,0x6B,0xB5,0x6B,0x21,0x0,0x0,0x0,0x0,0x0,0x21,0x6B,0x0,0x0,0x6B,0xB5,0xFF,0xFF,0xFF,0xFF,0xFF,0xFF,0xFF,0xFF,0xFF,0xFF,0xDE,0x4A,0x0,0x0,0x0,0x0,0x0,0x0,0x0,
        0x0,0x0,0x0,0x0,0x0,0x0,0x0,0x0,0x0,0x0,0x0,0x0,0x4A,0xB5,0xB5,0x4A,0x94,0x0,0x0,0x0,0x0,0x0,0x0,0x0,0xDE,0x94,0x4A,0x0,0x0,0x0,0x0,0x0,0x21,0x21,0x0,0x0,0x0,0x0,0x6B,0xB5,0xFF,0xFF,0xFF,0xFF,0xFF,0xFF,0xFF,0xFF,0xB5,0x21,0x0,0x0,0x0,0x0,0x0,0x0,
        0x0,0x0,0x0,0x0,0x0,0x0,0x0,0x0,0x0,0x0,0x0,0x0,0x0,0x0,0x0,0x0,0x4A,0xFF,0xB5,0x6B,0x0,0x0,0x0,0x0,0x21,0x94,0xFF,0xFF,0xB5,0x4A,0xFF,0xB5,0xDE,0xFF,0xDE,0x6B,0x21,0x6B,0x94,0x21,0x0,0x6B,0xDE,0xFF,0xFF,0xFF,0xFF,0xFF,0xFF,0xFF,0x0,0x0,0x0,0x0,0x0,0x0,
        0x0,0x0,0x0,0x0,0x0,0x0,0x0,0x0,0x0,0x0,0x0,0x0,0x0,0x0,0x0,0x0,0x0,0x0,0x4A,0xB5,0xFF,0xB5,0x6B,0x94,0xDE,0xB5,0xFF,0xFF,0xFF,0xFF,0xDE,0x4A,0xB5,0xFF,0x4A,0x94,0xFF,0xFF,0xFF,0xFF,0x4A,0x0,0x6B,0xFF,0xFF,0xFF,0xFF,0xFF,0xFF,0xFF,0xDE,0x6B,0x21,0x0,0x0,0x0,
        0x0,0x0,0x0,0x0,0x0,0x0,0x0,0x0,0x0,0x0,0x0,0x0,0x0,0x0,0x0,0x0,0x0,0x0,0x0,0x4A,0x0,0x4A,0xFF,0xFF,0xFF,0xFF,0xFF,0xFF,0xFF,0xDE,0x6B,0x4A,0x4A,0x0,0x0,0x0,0x0,0x21,0x94,0xFF,0xDE,0x94,0x21,0xFF,0xFF,0xFF,0xFF,0xFF,0xFF,0xFF,0xFF,0xFF,0x94,0x0,0x0,0x0,
        0x0,0x0,0x0,0x0,0x0,0x0,0x0,0x0,0x0,0x0,0x0,0x0,0x0,0x94,0xDE,0x21,0x0,0x0,0x21,0xDE,0xFF,0xB5,0xFF,0xFF,0xFF,0xFF,0xFF,0xFF,0xFF,0x21,0xB5,0xFF,0xFF,0xFF,0xB5,0x21,0x0,0x0,0x4A,0xFF,0xFF,0xFF,0xDE,0x4A,0xFF,0xFF,0xFF,0xFF,0xFF,0x0,0x4A,0xFF,0xFF,0x21,0x0,0x0,
        0x0,0x0,0x0,0x0,0x0,0x0,0x0,0x0,0x0,0x0,0x0,0x0,0x0,0x0,0x21,0x6B,0x21,0x0,0x4A,0xB5,0xFF,0xFF,0xFF,0xFF,0xFF,0xFF,0xFF,0xFF,0xDE,0x21,0xFF,0xFF,0xFF,0xFF,0xFF,0x4A,0x0,0x0,0x0,0xB5,0xFF,0xFF,0xFF,0xFF,0xFF,0xFF,0xFF,0xFF,0xDE,0x0,0x0,0xB5,0xFF,0xB5,0x0,0x0,
        0x0,0x0,0x0,0x0,0x0,0x0,0x0,0x0,0x0,0x0,0x0,0x0,0x0,0x0,0x0,0x94,0xFF,0xDE,0xFF,0xFF,0xFF,0xFF,0xFF,0xFF,0xFF,0xFF,0xFF,0xFF,0x6B,0x6B,0xFF,0xFF,0xFF,0xFF,0xFF,0xDE,0x0,0x0,0x0,0xFF,0xFF,0xFF,0xFF,0xFF,0xFF,0xFF,0xFF,0xFF,0xFF,0x6B,0x0,0x0,0x4A,0xFF,0x4A,0x0,
        0x0,0x0,0x0,0x0,0x0,0x0,0x0,0x0,0x0,0x0,0x0,0x0,0x0,0x0,0x0,0x0,0x0,0x94,0xFF,0xFF,0xFF,0xFF,0xDE,0xFF,0xFF,0xFF,0xFF,0xFF,0x21,0x0,0x4A,0x94,0xFF,0xFF,0xB5,0x6B,0x0,0x21,0x94,0xFF,0xFF,0xFF,0xFF,0xFF,0xFF,0xFF,0xFF,0xFF,0xFF,0xFF,0x21,0x0,0x0,0xDE,0x94,0x0,
        0x0,0x0,0x0,0x0,0x0,0x0,0x0,0x0,0x0,0x0,0x0,0x0,0x0,0x0,0x0,0x0,0x0,0x21,0xDE,0xFF,0x94,0x4A,0x0,0x21,0x6B,0xDE,0xFF,0xFF,0x4A,0x0,0x0,0x4A,0x0,0x4A,0x0,0x0,0x94,0xDE,0xFF,0xFF,0xFF,0xFF,0xFF,0xFF,0xFF,0xFF,0xFF,0xFF,0xFF,0xFF,0x6B,0x0,0x0,0x6B,0xFF,0x21,
        0x0,0x0,0x0,0x0,0x0,0x0,0x0,0x0,0x0,0x0,0x0,0x0,0x0,0x0,0x0,0x0,0x0,0x0,0x94,0xFF,0x21,0x0,0x0,0x0,0x0,0x6B,0xFF,0xFF,0xFF,0xFF,0xDE,0xFF,0xFF,0xB5,0x6B,0xFF,0xFF,0xFF,0xFF,0xFF,0xFF,0xFF,0xFF,0xFF,0xFF,0xFF,0xFF,0xFF,0xFF,0xFF,0x94,0x0,0x0,0x0,0xB5,0x0,
        0x0,0x0,0x0,0x0,0x0,0x0,0x0,0x0,0x0,0x0,0x0,0x0,0x0,0x0,0x0,0x0,0x0,0x0,0x0,0x0,0x0,0x0,0x0,0x0,0x0,0x0,0x21,0xFF,0xFF,0xFF,0xFF,0xFF,0xFF,0xFF,0xFF,0xFF,0xFF,0xFF,0xFF,0xFF,0xFF,0xFF,0xFF,0xFF,0xFF,0xFF,0xFF,0xFF,0xFF,0xFF,0x94,0x0,0x0,0x0,0x0,0x0,
        0x0,0x0,0x0,0x0,0x0,0x0,0x0,0x0,0x0,0x0,0x0,0x0,0x0,0x0,0x0,0x0,0x0,0x4A,0x21,0x0,0x0,0x0,0x0,0x0,0x0,0x0,0x0,0x94,0xDE,0xFF,0xFF,0xFF,0xFF,0xFF,0xFF,0xFF,0xFF,0xFF,0xFF,0xFF,0xFF,0xFF,0xFF,0xFF,0xFF,0xFF,0xFF,0xFF,0xFF,0xFF,0xFF,0x0,0x0,0x0,0x0,0x0,
        0x0,0x0,0x0,0x0,0x0,0x0,0x0,0x0,0x0,0x0,0x21,0x4A,0x21,0xB5,0x6B,0x21,0xDE,0xFF,0xFF,0x21,0x0,0x0,0x0,0x0,0x0,0x0,0x0,0x0,0x0,0x21,0x94,0xDE,0xFF,0xFF,0xFF,0xFF,0xFF,0xFF,0xFF,0xFF,0xFF,0xFF,0xFF,0xFF,0xFF,0xFF,0xFF,0xFF,0xFF,0xFF,0xDE,0x0,0x0,0x0,0x0,0x0,
        0x0,0x6B,0x0,0x0,0x0,0x0,0x0,0x0,0x0,0x0,0x21,0xB5,0x94,0x4A,0x94,0xFF,0xFF,0xFF,0xDE,0x0,0x0,0x0,0x0,0x0,0x0,0x0,0x0,0x0,0x0,0x0,0x0,0x0,0x21,0x6B,0xDE,0xFF,0xFF,0xFF,0xFF,0xFF,0xFF,0xFF,0xFF,0xFF,0xFF,0xFF,0xFF,0xFF,0xFF,0xFF,0xFF,0x6B,0x0,0x0,0x0,0x0,
        0x4A,0xFF,0xFF,0xB5,0x6B,0x0,0x0,0x0,0x0,0x0,0x0,0x0,0x0,0x0,0x0,0x94,0xFF,0xFF,0xFF,0x6B,0x0,0x0,0x0,0x0,0x0,0x0,0x0,0x0,0x0,0x0,0x0,0x0,0x0,0x0,0x0,0x21,0x6B,0xDE,0xFF,0xFF,0xFF,0xFF,0xFF,0xFF,0xFF,0xFF,0xFF,0xFF,0xFF,0xFF,0xFF,0x21,0x0,0x0,0x0,0x0,
        0xB5,0xFF,0xFF,0xFF,0xFF,0xFF,0xB5,0x6B,0x21,0x0,0x0,0x0,0x0,0x0,0x0,0x0,0xFF,0xFF,0xFF,0xDE,0x6B,0x0,0x0,0x4A,0x21,0x6B,0x94,0x4A,0x0,0x0,0x0,0x0,0x0,0x0,0x0,0x0,0x0,0x0,0x21,0x6B,0xDE,0xFF,0xFF,0xFF,0xFF,0xFF,0xFF,0xFF,0xFF,0xFF,0xFF,0xB5,0x0,0x0,0x0,0x0,
        0xFF,0xFF,0xFF,0xFF,0xFF,0xFF,0xFF,0xFF,0xFF,0x4A,0x0,0x0,0x0,0x0,0x21,0xFF,0xFF,0xFF,0xFF,0xFF,0xFF,0xFF,0xDE,0xFF,0xFF,0xFF,0xFF,0xFF,0xFF,0x94,0x4A,0x0,0x0,0x0,0x0,0x0,0x0,0x0,0x0,0x0,0x0,0x0,0x6B,0xB5,0xFF,0xFF,0xFF,0xFF,0xFF,0xFF,0xFF,0xFF,0x4A,0x0,0x0,0x0,
        0xB5,0xFF,0xFF,0xFF,0xB5,0xFF,0x4A,0xB5,0xFF,0xDE,0x6B,0xB5,0xDE,0x6B,0x21,0x21,0x6B,0xDE,0xFF,0xFF,0xFF,0xFF,0xFF,0xFF,0xFF,0xFF,0xFF,0xFF,0xFF,0xFF,0xFF,0xFF,0x94,0x4A,0x0,0x0,0x0,0x0,0x0,0x0,0x0,0x0,0x0,0x0,0x0,0x6B,0xFF,0xFF,0xFF,0xFF,0xFF,0xFF,0x94,0x0,0x0,0x0,
        0x4A,0xDE,0xFF,0xDE,0x21,0x0,0x0,0x21,0xFF,0xFF,0xFF,0x0,0x4A,0x94,0xDE,0xDE,0x94,0xDE,0xFF,0xFF,0xFF,0xFF,0xFF,0xFF,0x94,0x4A,0x94,0xFF,0xFF,0xFF,0xFF,0xFF,0xFF,0xFF,0xFF,0xB5,0x4A,0x0,0x0,0x0,0x0,0x0,0x0,0x0,0x0,0x21,0xDE,0xFF,0xFF,0xFF,0xFF,0xFF,0xFF,0x0,0x0,0x0,
        0x0,0x0,0xDE,0xFF,0xDE,0xDE,0x94,0x0,0x94,0xFF,0xFF,0x94,0x0,0x0,0x0,0x21,0x94,0xDE,0xFF,0xFF,0xFF,0xFF,0xFF,0xFF,0x4A,0x0,0x0,0x94,0xFF,0xFF,0xFF,0xFF,0xFF,0xFF,0xFF,0xFF,0xFF,0xFF,0xB5,0x4A,0x0,0x0,0x0,0x0,0x0,0x0,0x0,0x0,0x6B,0xB5,0xFF,0xFF,0xFF,0xB5,0x0,0x0,
        0x0,0x0,0x4A,0x94,0x0,0x21,0x6B,0x0,0x0,0xDE,0xFF,0xFF,0xB5,0x21,0x0,0x0,0x0,0x4A,0xFF,0xFF,0xFF,0xFF,0xFF,0xFF,0x0,0xB5,0x4A,0x0,0x4A,0x94,0xFF,0xFF,0xFF,0xFF,0xFF,0xFF,0xFF,0xFF,0xFF,0xFF,0xFF,0xB5,0x6B,0x0,0x0,0x6B,0x21,0x0,0x0,0x0,0x0,0x6B,0xB5,0xFF,0xB5,0x4A,
        0x0,0x0,0x0,0x21,0xFF,0xDE,0x4A,0x0,0x0,0x94,0xFF,0xFF,0xFF,0x4A,0x0,0x0,0x0,0x0,0x4A,0xDE,0xFF,0xFF,0xFF,0x94,0x4A,0xFF,0xFF,0xFF,0xB5,0x4A,0x0,0xFF,0xFF,0xFF,0xFF,0xFF,0xFF,0xFF,0xFF,0xFF,0xFF,0xFF,0xFF,0xFF,0xDE,0xFF,0xFF,0xDE,0x6B,0x21,0x0,0x0,0x0,0x0,0x6B,0xB5,
        0x0,0x0,0x0,0x0,0x0,0xB5,0x6B,0x0,0x0,0x21,0xFF,0xFF,0xFF,0xFF,0xFF,0x94,0x4A,0xFF,0xB5,0xFF,0xFF,0xFF,0xFF,0x6B,0xB5,0xFF,0xFF,0xFF,0xFF,0xB5,0x0,0x94,0xFF,0xFF,0xFF,0xFF,0xFF,0xFF,0xFF,0xFF,0xFF,0xFF,0xFF,0xFF,0xFF,0xFF,0xFF,0xFF,0xFF,0xFF,0xDE,0x6B,0x21,0x0,0x0,0x0,
        0x0,0x0,0x0,0x0,0x0,0x4A,0x0,0x0,0x0,0x0,0x94,0xFF,0xFF,0xFF,0xFF,0xFF,0xB5,0x0,0x4A,0xB5,0xFF,0xFF,0xFF,0xFF,0x21,0xFF,0xFF,0xFF,0xFF,0xFF,0x4A,0x21,0xDE,0xFF,0xFF,0xFF,0xFF,0xFF,0xFF,0xFF,0xFF,0xFF,0xFF,0xFF,0xFF,0xFF,0xFF,0xFF,0xFF,0xFF,0xFF,0xFF,0xFF,0xDE,0x94,0x0,
        0x0,0x0,0x0,0x0,0x0,0x0,0x0,0x0,0x0,0x0,0x0,0xFF,0xFF,0xFF,0xFF,0xFF,0xFF,0x4A,0x0,0x0,0x0,0x4A,0xDE,0xB5,0x0,0x94,0xDE,0xFF,0xFF,0xDE,0x0,0x0,0xB5,0xFF,0xFF,0xFF,0xFF,0xFF,0xFF,0xFF,0xFF,0xFF,0xFF,0xFF,0xFF,0xFF,0xFF,0xFF,0xFF,0xFF,0xFF,0x94,0x0,0x21,0x94,0x0,
        0x0,0x0,0x0,0x0,0x0,0x0,0x0,0x0,0x0,0x0,0x0,0x6B,0xFF,0xFF,0xFF,0xFF,0xFF,0xDE,0x94,0x0,0x0,0x0,0x6B,0xFF,0xB5,0x6B,0x0,0x21,0x4A,0x0,0x0,0x0,0x21,0xFF,0xFF,0xFF,0xFF,0xFF,0xFF,0xFF,0xFF,0xFF,0xFF,0xFF,0xFF,0xFF,0xFF,0xFF,0xFF,0xB5,0x21,0x0,0x0,0x0,0x0,0x0,
        0x0,0x0,0x0,0x0,0x0,0x0,0x0,0x0,0x0,0x0,0x0,0x21,0xDE,0xFF,0xFF,0xFF,0xFF,0xFF,0xFF,0x21,0x0,0x0,0x0,0x0,0xFF,0xFF,0x21,0x0,0x0,0x0,0x0,0x0,0x94,0xFF,0xFF,0xFF,0xFF,0xFF,0xFF,0xFF,0xFF,0xFF,0xFF,0xFF,0xFF,0xFF,0xFF,0x94,0x21,0x0,0x0,0x0,0x0,0x0,0x0,0x0,
        0x0,0x0,0x0,0x0,0x0,0x0,0x0,0x0,0x0,0x0,0x0,0x0,0x94,0xFF,0xFF,0xFF,0x6B,0x21,0x94,0xDE,0xDE,0x94,0x21,0x0,0x6B,0xB5,0xFF,0xB5,0x4A,0x0,0x0,0x6B,0xDE,0xFF,0xFF,0xFF,0xFF,0xFF,0xFF,0xFF,0xFF,0xFF,0xFF,0xFF,0xFF,0xFF,0xDE,0x0,0x0,0x0,0x0,0x0,0x0,0x0,0x0,0x0,
        0x0,0x0,0x0,0x0,0x0,0x0,0x0,0x0,0x0,0x0,0x0,0x0,0x0,0x0,0xFF,0xFF,0xFF,0x0,0x0,0x0,0xDE,0xFF,0xFF,0x4A,0x0,0x0,0x0,0x4A,0xDE,0xFF,0xDE,0xFF,0xFF,0xFF,0xFF,0xFF,0xFF,0xFF,0xFF,0xFF,0xFF,0xFF,0xFF,0xFF,0xFF,0x94,0x21,0x0,0x0,0x0,0x0,0x0,0x0,0x0,0x0,0x0,
        0x0,0x0,0x0,0x0,0x0,0x0,0x0,0x0,0x0,0x0,0x0,0x0,0x0,0x0,0x6B,0xB5,0xFF,0x94,0x0,0x0,0x4A,0x94,0xFF,0xDE,0x6B,0x21,0x0,0x0,0x6B,0xFF,0xFF,0xDE,0xFF,0xFF,0xDE,0xFF,0xFF,0xFF,0xFF,0xFF,0xFF,0xFF,0xFF,0xFF,0xB5,0x21,0x0,0x0,0x0,0x0,0x0,0x0,0x0,0x0,0x0,0x0,
        0x0,0x0,0x0,0x0,0x0,0x0,0x0,0x0,0x0,0x0,0x0,0x0,0x0,0x0,0x0,0x0,0x0,0x6B,0x21,0x0,0x0,0x0,0x0,0x6B,0xFF,0xFF,0xDE,0x94,0x21,0x0,0x6B,0x21,0x0,0x4A,0x6B,0x94,0xFF,0xFF,0xFF,0xFF,0xFF,0xFF,0xFF,0xDE,0x0,0x0,0x0,0x0,0x0,0x0,0x0,0x0,0x0,0x0,0x0,0x0,
        0x0,0x0,0x0,0x0,0x0,0x0,0x0,0x0,0x0,0x0,0x0,0x0,0x0,0x0,0x0,0x0,0x0,0xDE,0x4A,0x0,0x0,0x0,0x0,0x21,0x94,0xFF,0xFF,0xFF,0xFF,0xDE,0x94,0x21,0x0,0x94,0xFF,0xFF,0xFF,0xFF,0xFF,0xFF,0xFF,0xFF,0x94,0x21,0x0,0x0,0x0,0x0,0x0,0x0,0x0,0x0,0x0,0x0,0x0,0x0,
        0x0,0x0,0x0,0x0,0x0,0x0,0x0,0x0,0x0,0x0,0x0,0x0,0x0,0x0,0x0,0x0,0x0,0x6B,0x0,0x0,0x0,0x0,0x0,0x0,0x0,0x0,0x4A,0xDE,0xFF,0xFF,0xFF,0xFF,0xFF,0xFF,0xFF,0xFF,0xFF,0xFF,0xFF,0xFF,0x94,0x0,0x0,0x0,0x0,0x0,0x6B,0x0,0x0,0x0,0x0,0x0,0x0,0x0,0x0,0x0,
        0x0,0x0,0x0,0x0,0x0,0x0,0x0,0x0,0x0,0x0,0x0,0x0,0x0,0x0,0x0,0x0,0x0,0x0,0x0,0x0,0x0,0x0,0x0,0x0,0x0,0x0,0x0,0x94,0xFF,0xFF,0xFF,0xFF,0xFF,0xFF,0xFF,0xFF,0xFF,0xFF,0xFF,0xB5,0x0,0x0,0x0,0x0,0x21,0xDE,0xFF,0x0,0x0,0x0,0x0,0x0,0x0,0x0,0x0,0x0,
        0x0,0x0,0x0,0x0,0x0,0x0,0x0,0x0,0x0,0x0,0x0,0x0,0x0,0x0,0x0,0x0,0x0,0x0,0x0,0x0,0x0,0x0,0x0,0x0,0x0,0x0,0x0,0x21,0xFF,0xFF,0xFF,0xFF,0xFF,0xFF,0xFF,0xFF,0xFF,0xFF,0xFF,0xDE,0x4A,0x94,0xB5,0xB5,0xFF,0xB5,0x6B,0x0,0x0,0x0,0x0,0x0,0x0,0x0,0x0,0x0,
        0x0,0x0,0x0,0x0,0x0,0x0,0x0,0x0,0x0,0x0,0x0,0x0,0x0,0x0,0x0,0x0,0x0,0x0,0x0,0x0,0x0,0x0,0x0,0x0,0x0,0x0,0x0,0x0,0x0,0x94,0xFF,0xFF,0xFF,0xFF,0xFF,0xFF,0xFF,0xFF,0xFF,0xFF,0xFF,0xFF,0xFF,0xB5,0x4A,0x0,0x0,0x0,0x0,0x0,0x0,0x0,0x0,0x0,0x0,0x0,
        0x0,0x0,0x0,0x0,0x0,0x0,0x0,0x0,0x0,0x0,0x0,0x0,0x0,0x0,0x0,0x0,0x0,0x0,0x0,0x0,0x0,0x0,0x0,0x0,0x0,0x0,0x0,0x0,0x0,0x4A,0xB5,0xFF,0xFF,0xFF,0xFF,0xFF,0xDE,0xDE,0xB5,0x6B,0xDE,0xDE,0x4A,0x0,0x0,0x0,0x0,0x0,0x0,0x0,0x0,0x0,0x0,0x0,0x0,0x0,
        0x0,0x0,0x0,0x0,0x0,0x0,0x0,0x0,0x0,0x0,0x0,0x0,0x0,0x0,0x0,0x0,0x0,0x0,0x0,0x0,0x0,0x0,0x0,0x0,0x0,0x0,0x0,0x0,0x0,0x0,0x0,0x0,0x4A,0xB5,0x21,0x4A,0x21,0x0,0x0,0x0,0x0,0x0,0x0,0x0,0x0,0x0,0x0,0x0,0x0,0x0,0x0,0x0,0x0,0x0,0x0,0x0,
        0x0,0x0,0x0,0x0,0x0,0x0,0x0,0x0,0x0,0x0,0x0,0x0,0x0,0x0,0x0,0x0,0x0,0x0,0x0,0x0,0x0,0x0,0x0,0x0,0x0,0x0,0x0,0x0,0x0,0x0,0x0,0x0,0x0,0x0,0x0,0x0,0x0,0x0,0x0,0x0,0x0,0x0,0x0,0x0,0x0,0x0,0x0,0x0,0x0,0x0,0x0,0x0,0x0,0x0,0x0,0x0,
        0x0,0x0,0x0,0x0,0x0,0x0,0x0,0x0,0x0,0x0,0x0,0x0,0x0,0x0,0x0,0x0,0x0,0x0,0x0,0x0,0x0,0x0,0x0,0x0,0x0,0x0,0x0,0x0,0x0,0x0,0x0,0x0,0x0,0x0,0x0,0x0,0x0,0x0,0x0,0x0,0x0,0x0,0x0,0x0,0x0,0x0,0x0,0x0,0x0,0x0,0x0,0x0,0x0,0x0,0x0,0x0,
        0x0,0x0,0x0,0x0,0x0,0x0,0x0,0x0,0x0,0x0,0x0,0x0,0x0,0x0,0x0,0x0,0x0,0x0,0x0,0x0,0x0,0x0,0x0,0x0,0x0,0x0,0x0,0x0,0x0,0x0,0x0,0x0,0x0,0x0,0x0,0x0,0x0,0x0,0x0,0x0,0x0,0x0,0x0,0x0,0x0,0x0,0x0,0x0,0x0,0x0,0x0,0x0,0x0,0x0,0x0,0x0,
        0x0,0x0,0x0,0x0,0x0,0x0,0x0,0x0,0x0,0x0,0x0,0x0,0x0,0x0,0x0,0x0,0x0,0x0,0x0,0x0,0x0,0x0,0x0,0x0,0x0,0x0,0x0,0x0,0x0,0x0,0x0,0x0,0x0,0x0,0x0,0x0,0x0,0x0,0x0,0x0,0x0,0x0,0x0,0x0,0x0,0x0,0x0,0x0,0x0,0x0,0x0,0x0,0x0,0x0,0x0,0x0
    }
};

const gfx_sprite_t sprite_gaster_blaster_3_15 = {
    .width = 56,
    .height = 56,
    .data = {
        0x0,0x0,0x0,0x0,0x0,0x0,0x0,0x0,0x0,0x0,0x0,0x0,0x0,0x0,0x0,0x0,0x0,0x0,0x0,0x0,0x0,0x0,0x0,0x0,0x0,0x0,0x0,0x0,0x0,0x0,0x0,0x0,0x0,0x0,0x0,0x0,0x0,0x0,0x0,0x0,0x0,0x0,0x0,0x0,0x0,0x0,0x0,0x0,0x0,0x0,0x0,0x0,0x0,0x0,0x0,0x0,
        0x0,0x0,0x0,0x0,0x0,0x0,0x0,0x0,0x0,0x0,0x0,0x0,0x0,0x0,0x0,0x0,0x0,0x0,0x0,0x0,0x0,0x0,0x0,0x0,0x0,0x0,0x0,0x0,0x0,0x0,0x0,0x0,0x0,0x0,0x0,0x0,0x0,0x0,0x0,0x0,0x0,0x0,0x0,0x0,0x0,0x0,0x0,0x0,0x0,0x0,0x0,0x0,0x0,0x0,0x0,0x0,
        0x0,0x0,0x0,0x0,0x0,0x0,0x0,0x0,0x0,0x0,0x0,0x0,0x0,0x0,0x0,0x0,0x0,0x0,0x0,0x0,0x0,0x0,0x0,0x0,0x0,0x0,0x0,0x0,0x0,0x0,0x0,0x0,0x0,0x0,0x0,0x0,0x0,0x0,0x0,0x0,0x0,0x0,0x0,0x0,0x0,0x0,0x0,0x0,0x0,0x0,0x0,0x0,0x0,0x0,0x0,0x0,
        0x0,0x0,0x0,0x0,0x0,0x0,0x0,0x0,0x0,0x0,0x0,0x0,0x0,0x0,0x0,0x0,0x0,0x0,0x0,0x0,0x0,0x0,0x0,0x0,0x0,0x0,0x0,0x0,0x0,0x0,0x0,0x0,0x0,0x0,0x0,0x0,0x0,0x0,0x0,0x0,0x0,0x0,0x0,0x0,0x0,0x0,0x0,0x0,0x0,0x0,0x0,0x0,0x0,0x0,0x0,0x0,
        0x0,0x0,0x0,0x0,0x0,0x0,0x0,0x0,0x0,0x0,0x0,0x0,0x0,0x0,0x0,0x0,0x0,0x0,0x0,0x0,0x0,0x0,0x0,0x0,0x0,0x0,0x0,0x0,0x0,0x0,0x0,0x0,0x0,0x0,0x0,0x0,0x0,0x0,0x0,0x0,0x0,0x0,0x0,0x0,0x0,0x0,0x0,0x0,0x0,0x0,0x0,0x0,0x0,0x0,0x0,0x0,
        0x0,0x0,0x0,0x0,0x0,0x0,0x0,0x0,0x0,0x0,0x0,0x0,0x0,0x0,0x0,0x0,0x0,0x0,0x0,0x0,0x0,0x0,0x0,0x0,0x0,0x0,0x0,0x0,0x0,0x0,0x0,0x0,0x0,0x0,0x0,0x0,0x0,0x0,0x0,0x0,0x0,0x0,0x0,0x0,0x0,0x0,0x0,0x0,0x0,0x0,0x0,0x0,0x0,0x0,0x0,0x0,
        0x0,0x0,0x0,0x0,0x0,0x0,0x0,0x0,0x0,0x0,0x0,0x0,0x0,0x0,0x0,0x0,0x0,0x0,0x0,0x0,0x0,0x0,0x0,0x0,0x0,0x0,0x0,0x0,0x0,0x0,0x0,0x0,0x0,0x0,0x0,0x0,0x0,0x0,0x0,0x0,0x0,0x0,0x0,0x0,0x0,0x0,0x0,0x0,0x0,0x0,0x0,0x0,0x0,0x0,0x0,0x0,
        0x0,0x0,0x0,0x0,0x0,0x0,0x0,0x0,0x0,0x0,0x0,0x0,0x0,0x0,0x0,0x0,0x0,0x0,0x0,0x0,0x0,0x0,0x0,0xFF,0x0,0x0,0x0,0x0,0x0,0x0,0x0,0x0,0x0,0x0,0x0,0x0,0xFF,0xFF,0xFF,0xFF,0xFF,0x0,0x0,0x0,0x0,0x0,0x0,0x0,0x0,0x0,0x0,0x0,0x0,0x0,0x0,0x0,
        0x0,0x0,0x0,0x0,0x0,0x0,0x0,0x0,0x0,0x0,0x0,0x0,0x0,0x0,0x0,0x0,0x0,0x0,0x0,0x0,0x0,0x0,0x0,0xFF,0x0,0x0,0x0,0x0,0x0,0x0,0x0,0x0,0x0,0x0,0xFF,0xFF,0xFF,0xFF,0xFF,0xFF,0xFF,0xFF,0xFF,0x0,0x0,0x0,0x0,0x0,0x0,0x0,0x0,0x0,0x0,0x0,0x0,0x0,
        0x0,0x0,0x0,0x0,0x0,0x0,0x0,0x0,0x0,0x0,0x0,0x0,0x0,0x0,0x0,0x0,0x0,0x0,0x0,0xFF,0xFF,0xFF,0xFF,0x0,0x0,0x0,0x0,0x0,0x0,0x0,0x0,0x0,0x0,0xFF,0xFF,0xFF,0xFF,0xFF,0xFF,0xFF,0xFF,0xFF,0xFF,0xFF,0xFF,0x0,0x0,0x0,0x0,0x0,0x0,0x0,0x0,0x0,0x0,0x0,
        0x0,0x0,0x0,0x0,0x0,0x0,0x0,0x0,0x0,0x0,0x0,0x0,0x0,0x0,0x0,0x0,0x0,0xFF,0xFF,0xFF,0xFF,0xFF,0x0,0x0,0x0,0x0,0x0,0x0,0x0,0xFF,0xFF,0xFF,0xFF,0xFF,0xFF,0xFF,0xFF,0xFF,0xFF,0xFF,0xFF,0xFF,0xFF,0xFF,0xFF,0xFF,0xFF,0xFF,0x0,0x0,0x0,0x0,0x0,0x0,0x0,0x0,
        0x0,0x0,0x0,0x0,0x0,0x0,0x0,0x0,0x0,0x0,0x0,0x0,0x0,0x0,0x0,0x0,0xFF,0xFF,0xFF,0xFF,0xFF,0x0,0x0,0x0,0x0,0xFF,0xFF,0xFF,0xFF,0xFF,0xFF,0xFF,0xFF,0xFF,0xFF,0xFF,0xFF,0xFF,0xFF,0xFF,0xFF,0xFF,0xFF,0xFF,0xFF,0xFF,0xFF,0xFF,0xFF,0x0,0x0,0x0,0x0,0x0,0x0,0x0,
        0x0,0x0,0x0,0x0,0x0,0x0,0x0,0x0,0x0,0xFF,0x0,0x0,0x0,0x0,0x0,0xFF,0xFF,0xFF,0xFF,0xFF,0xFF,0xFF,0xFF,0xFF,0xFF,0xFF,0xFF,0xFF,0x0,0x0,0x0,0x0,0x0,0x0,0x0,0x0,0x0,0x0,0xFF,0xFF,0xFF,0xFF,0xFF,0xFF,0xFF,0x0,0x0,0xFF,0xFF,0xFF,0x0,0x0,0x0,0x0,0x0,0x0,
        0x0,0x0,0x0,0x0,0x0,0x0,0x0,0xFF,0xFF,0xFF,0x0,0x0,0x0,0x0,0xFF,0xFF,0xFF,0xFF,0xFF,0xFF,0xFF,0xFF,0xFF,0x0,0x0,0x0,0x0,0x0,0x0,0x0,0x0,0x0,0x0,0xFF,0xFF,0xFF,0x0,0x0,0x0,0xFF,0xFF,0xFF,0xFF,0xFF,0xFF,0x0,0x0,0x0,0x0,0xFF,0xFF,0x0,0x0,0x0,0x0,0x0,
        0x0,0x0,0x0,0x0,0x0,0xFF,0xFF,0x0,0x0,0x0,0x0,0x0,0x0,0xFF,0xFF,0xFF,0xFF,0xFF,0xFF,0xFF,0xFF,0x0,0x0,0x0,0x0,0x0,0x0,0x0,0xFF,0xFF,0xFF,0xFF,0xFF,0xFF,0xFF,0xFF,0xFF,0xFF,0xFF,0x0,0xFF,0xFF,0xFF,0xFF,0xFF,0xFF,0x0,0x0,0x0,0x0,0xFF,0xFF,0x0,0x0,0x0,0x0,
        0x0,0x0,0x0,0xFF,0xFF,0xFF,0xFF,0xFF,0xFF,0xFF,0x0,0x0,0xFF,0xFF,0xFF,0xFF,0xFF,0xFF,0xFF,0xFF,0x0,0x0,0x0,0x0,0x0,0x0,0xFF,0xFF,0xFF,0xFF,0x0,0x0,0x0,0x0,0x0,0xFF,0xFF,0xFF,0xFF,0xFF,0xFF,0xFF,0xFF,0xFF,0xFF,0xFF,0xFF,0x0,0x0,0x0,0x0,0xFF,0x0,0x0,0x0,0x0,
        0x0,0x0,0xFF,0xFF,0xFF,0xFF,0x0,0x0,0x0,0x0,0x0,0xFF,0xFF,0xFF,0xFF,0xFF,0x0,0x0,0x0,0x0,0xFF,0xFF,0xFF,0xFF,0xFF,0xFF,0xFF,0x0,0x0,0x0,0x0,0x0,0x0,0x0,0x0,0x0,0xFF,0xFF,0xFF,0xFF,0xFF,0xFF,0xFF,0xFF,0xFF,0xFF,0xFF,0xFF,0x0,0x0,0x0,0x0,0x0,0x0,0x0,0x0,
        0x0,0x0,0xFF,0xFF,0xFF,0xFF,0xFF,0xFF,0x0,0x0,0xFF,0xFF,0xFF,0xFF,0x0,0x0,0x0,0x0,0x0,0x0,0x0,0x0,0xFF,0xFF,0xFF,0xFF,0xFF,0x0,0xFF,0xFF,0xFF,0xFF,0x0,0x0,0x0,0x0,0xFF,0xFF,0xFF,0xFF,0xFF,0xFF,0xFF,0xFF,0xFF,0xFF,0xFF,0xFF,0x0,0x0,0x0,0x0,0x0,0x0,0x0,0x0,
        0x0,0x0,0xFF,0xFF,0xFF,0xFF,0xFF,0xFF,0xFF,0xFF,0xFF,0xFF,0xFF,0x0,0x0,0x0,0x0,0x0,0x0,0x0,0xFF,0xFF,0xFF,0xFF,0xFF,0xFF,0x0,0xFF,0xFF,0xFF,0xFF,0xFF,0xFF,0x0,0x0,0x0,0xFF,0xFF,0xFF,0xFF,0xFF,0xFF,0xFF,0xFF,0xFF,0xFF,0xFF,0xFF,0xFF,0x0,0x0,0x0,0x0,0x0,0x0,0x0,
        0x0,0x0,0xFF,0xFF,0xFF,0xFF,0xFF,0xFF,0xFF,0xFF,0xFF,0x0,0x0,0xFF,0xFF,0xFF,0xFF,0xFF,0xFF,0xFF,0xFF,0xFF,0xFF,0xFF,0xFF,0xFF,0x0,0xFF,0xFF,0xFF,0xFF,0xFF,0xFF,0x0,0x0,0xFF,0xFF,0xFF,0xFF,0xFF,0xFF,0xFF,0xFF,0xFF,0xFF,0xFF,0xFF,0xFF,0xFF,0x0,0x0,0x0,0x0,0x0,0x0,0x0,
        0x0,0x0,0x0,0x0,0x0,0x0,0x0,0x0,0x0,0x0,0x0,0x0,0x0,0x0,0x0,0x0,0x0,0x0,0x0,0xFF,0xFF,0xFF,0xFF,0xFF,0xFF,0xFF,0x0,0xFF,0xFF,0xFF,0xFF,0xFF,0x0,0x0,0xFF,0xFF,0xFF,0xFF,0xFF,0xFF,0xFF,0xFF,0xFF,0xFF,0xFF,0xFF,0xFF,0xFF,0xFF,0xFF,0x0,0x0,0x0,0x0,0x0,0x0,
        0x0,0x0,0x0,0x0,0x0,0x0,0x0,0x0,0x0,0x0,0x0,0x0,0x0,0x0,0x0,0x0,0xFF,0xFF,0xFF,0xFF,0xFF,0xFF,0xFF,0xFF,0xFF,0xFF,0x0,0x0,0x0,0x0,0x0,0x0,0x0,0xFF,0xFF,0xFF,0xFF,0xFF,0xFF,0xFF,0xFF,0xFF,0xFF,0xFF,0xFF,0xFF,0xFF,0xFF,0xFF,0xFF,0x0,0x0,0x0,0x0,0x0,0x0,
        0x0,0x0,0x0,0x0,0x0,0x0,0x0,0x0,0x0,0x0,0x0,0x0,0x0,0x0,0x0,0x0,0x0,0xFF,0xFF,0xFF,0xFF,0xFF,0xFF,0xFF,0xFF,0xFF,0x0,0x0,0x0,0xFF,0xFF,0xFF,0xFF,0xFF,0xFF,0xFF,0xFF,0xFF,0xFF,0xFF,0xFF,0xFF,0xFF,0xFF,0xFF,0xFF,0xFF,0xFF,0xFF,0xFF,0xFF,0x0,0x0,0x0,0x0,0x0,
        0x0,0x0,0x0,0x0,0x0,0x0,0x0,0x0,0x0,0x0,0x0,0xFF,0xFF,0x0,0x0,0x0,0xFF,0xFF,0xFF,0xFF,0xFF,0xFF,0xFF,0xFF,0xFF,0xFF,0xFF,0xFF,0xFF,0xFF,0xFF,0xFF,0xFF,0xFF,0xFF,0xFF,0xFF,0xFF,0xFF,0xFF,0xFF,0xFF,0xFF,0xFF,0xFF,0xFF,0xFF,0xFF,0xFF,0xFF,0xFF,0xFF,0x0,0x0,0x0,0x0,
        0x0,0x0,0x0,0x0,0x0,0x0,0x0,0x0,0x0,0x0,0x0,0x0,0x0,0xFF,0xFF,0xFF,0xFF,0xFF,0xFF,0xFF,0x0,0x0,0x0,0x0,0xFF,0xFF,0xFF,0xFF,0xFF,0xFF,0xFF,0xFF,0xFF,0xFF,0xFF,0xFF,0xFF,0xFF,0xFF,0xFF,0xFF,0xFF,0xFF,0xFF,0xFF,0xFF,0xFF,0xFF,0xFF,0xFF,0xFF,0xFF,0xFF,0x0,0x0,0x0,
        0x0,0x0,0x0,0x0,0x0,0x0,0x0,0x0,0x0,0x0,0x0,0x0,0x0,0x0,0x0,0x0,0xFF,0xFF,0xFF,0x0,0x0,0x0,0x0,0x0,0x0,0x0,0xFF,0xFF,0xFF,0xFF,0xFF,0xFF,0xFF,0xFF,0xFF,0xFF,0xFF,0xFF,0xFF,0xFF,0xFF,0xFF,0xFF,0xFF,0xFF,0xFF,0xFF,0xFF,0xFF,0xFF,0xFF,0xFF,0xFF,0xFF,0x0,0x0,
        0x0,0x0,0x0,0x0,0x0,0x0,0x0,0x0,0x0,0x0,0x0,0x0,0x0,0x0,0x0,0x0,0x0,0xFF,0xFF,0x0,0x0,0x0,0x0,0x0,0x0,0x0,0x0,0x0,0x0,0x0,0x0,0x0,0x0,0x0,0x0,0x0,0x0,0x0,0x0,0x0,0x0,0x0,0x0,0x0,0x0,0x0,0xFF,0xFF,0xFF,0xFF,0xFF,0xFF,0xFF,0xFF,0xFF,0xFF,
        0x0,0x0,0x0,0x0,0x0,0x0,0x0,0x0,0x0,0x0,0x0,0x0,0x0,0x0,0x0,0x0,0x0,0x0,0x0,0x0,0x0,0x0,0x0,0x0,0x0,0x0,0x0,0x0,0x0,0x0,0x0,0x0,0x0,0x0,0x0,0x0,0x0,0x0,0x0,0x0,0x0,0x0,0x0,0x0,0x0,0x0,0x0,0x0,0x0,0x0,0x0,0x0,0x0,0x0,0x0,0x0,
        0x0,0x0,0x0,0x0,0x0,0x0,0x0,0x0,0x0,0x0,0x0,0x0,0x0,0x0,0x0,0x0,0x0,0x0,0x0,0x0,0x0,0x0,0x0,0x0,0x0,0x0,0x0,0x0,0x0,0x0,0x0,0x0,0x0,0x0,0x0,0x0,0x0,0x0,0x0,0x0,0x0,0x0,0x0,0x0,0x0,0x0,0x0,0x0,0x0,0x0,0x0,0x0,0x0,0x0,0x0,0x0,
        0x0,0x0,0x0,0x0,0x0,0x0,0x0,0x0,0x0,0x0,0x0,0x0,0x0,0x0,0x0,0x0,0x0,0xFF,0xFF,0x0,0x0,0x0,0x0,0x0,0x0,0x0,0x0,0x0,0x0,0x0,0x0,0x0,0x0,0x0,0x0,0x0,0x0,0x0,0x0,0x0,0x0,0x0,0x0,0x0,0x0,0x0,0xFF,0xFF,0xFF,0xFF,0xFF,0xFF,0xFF,0xFF,0xFF,0xFF,
        0x0,0x0,0x0,0x0,0x0,0x0,0x0,0x0,0x0,0x0,0x0,0x0,0x0,0x0,0x0,0x0,0xFF,0xFF,0xFF,0x0,0x0,0x0,0x0,0x0,0x0,0x0,0xFF,0xFF,0xFF,0xFF,0xFF,0xFF,0xFF,0xFF,0xFF,0xFF,0xFF,0xFF,0xFF,0xFF,0xFF,0xFF,0xFF,0xFF,0xFF,0xFF,0xFF,0xFF,0xFF,0xFF,0xFF,0xFF,0xFF,0xFF,0x0,0x0,
        0x0,0x0,0x0,0x0,0x0,0x0,0x0,0x0,0x0,0x0,0x0,0x0,0x0,0xFF,0xFF,0xFF,0xFF,0xFF,0xFF,0xFF,0x0,0x0,0x0,0x0,0xFF,0xFF,0xFF,0xFF,0xFF,0xFF,0xFF,0xFF,0xFF,0xFF,0xFF,0xFF,0xFF,0xFF,0xFF,0xFF,0xFF,0xFF,0xFF,0xFF,0xFF,0xFF,0xFF,0xFF,0xFF,0xFF,0xFF,0xFF,0xFF,0x0,0x0,0x0,
        0x0,0x0,0x0,0x0,0x0,0x0,0x0,0x0,0x0,0x0,0x0,0xFF,0xFF,0x0,0x0,0x0,0xFF,0xFF,0xFF,0xFF,0xFF,0xFF,0xFF,0xFF,0xFF,0xFF,0xFF,0xFF,0xFF,0xFF,0xFF,0xFF,0xFF,0xFF,0xFF,0xFF,0xFF,0xFF,0xFF,0xFF,0xFF,0xFF,0xFF,0xFF,0xFF,0xFF,0xFF,0xFF,0xFF,0xFF,0xFF,0xFF,0x0,0x0,0x0,0x0,
        0x0,0x0,0x0,0x0,0x0,0x0,0x0,0x0,0x0,0x0,0x0,0x0,0x0,0x0,0x0,0x0,0x0,0xFF,0xFF,0xFF,0xFF,0xFF,0xFF,0xFF,0xFF,0xFF,0x0,0x0,0x0,0xFF,0xFF,0xFF,0xFF,0xFF,0xFF,0xFF,0xFF,0xFF,0xFF,0xFF,0xFF,0xFF,0xFF,0xFF,0xFF,0xFF,0xFF,0xFF,0xFF,0xFF,0xFF,0x0,0x0,0x0,0x0,0x0,
        0x0,0x0,0x0,0x0,0x0,0x0,0x0,0x0,0x0,0x0,0x0,0x0,0x0,0x0,0x0,0x0,0xFF,0xFF,0xFF,0xFF,0xFF,0xFF,0xFF,0xFF,0xFF,0xFF,0x0,0x0,0x0,0x0,0x0,0x0,0x0,0xFF,0xFF,0xFF,0xFF,0xFF,0xFF,0xFF,0xFF,0xFF,0xFF,0xFF,0xFF,0xFF,0xFF,0xFF,0xFF,0xFF,0x0,0x0,0x0,0x0,0x0,0x0,
        0x0,0x0,0x0,0x0,0x0,0x0,0x0,0x0,0x0,0x0,0x0,0x0,0x0,0x0,0x0,0x0,0x0,0x0,0x0,0xFF,0xFF,0xFF,0xFF,0xFF,0xFF,0xFF,0x0,0xFF,0xFF,0xFF,0xFF,0xFF,0x0,0x0,0xFF,0xFF,0xFF,0xFF,0xFF,0xFF,0xFF,0xFF,0xFF,0xFF,0xFF,0xFF,0xFF,0xFF,0xFF,0xFF,0x0,0x0,0x0,0x0,0x0,0x0,
        0x0,0x0,0xFF,0xFF,0xFF,0xFF,0xFF,0xFF,0xFF,0xFF,0xFF,0x0,0x0,0xFF,0xFF,0xFF,0xFF,0xFF,0xFF,0xFF,0xFF,0xFF,0xFF,0xFF,0xFF,0xFF,0x0,0xFF,0xFF,0xFF,0xFF,0xFF,0xFF,0x0,0x0,0xFF,0xFF,0xFF,0xFF,0xFF,0xFF,0xFF,0xFF,0xFF,0xFF,0xFF,0xFF,0xFF,0xFF,0x0,0x0,0x0,0x0,0x0,0x0,0x0,
        0x0,0x0,0xFF,0xFF,0xFF,0xFF,0xFF,0xFF,0xFF,0xFF,0xFF,0xFF,0xFF,0x0,0x0,0x0,0x0,0x0,0x0,0x0,0xFF,0xFF,0xFF,0xFF,0xFF,0xFF,0x0,0xFF,0xFF,0xFF,0xFF,0xFF,0xFF,0x0,0x0,0x0,0xFF,0xFF,0xFF,0xFF,0xFF,0xFF,0xFF,0xFF,0xFF,0xFF,0xFF,0xFF,0xFF,0x0,0x0,0x0,0x0,0x0,0x0,0x0,
        0x0,0x0,0xFF,0xFF,0xFF,0xFF,0xFF,0xFF,0x0,0x0,0xFF,0xFF,0xFF,0xFF,0x0,0x0,0x0,0x0,0x0,0x0,0x0,0x0,0xFF,0xFF,0xFF,0xFF,0xFF,0x0,0xFF,0xFF,0xFF,0xFF,0x0,0x0,0x0,0x0,0xFF,0xFF,0xFF,0xFF,0xFF,0xFF,0xFF,0xFF,0xFF,0xFF,0xFF,0xFF,0x0,0x0,0x0,0x0,0x0,0x0,0x0,0x0,
        0x0,0x0,0xFF,0xFF,0xFF,0xFF,0x0,0x0,0x0,0x0,0x0,0xFF,0xFF,0xFF,0xFF,0xFF,0x0,0x0,0x0,0x0,0xFF,0xFF,0xFF,0xFF,0xFF,0xFF,0xFF,0x0,0x0,0x0,0x0,0x0,0x0,0x0,0x0,0x0,0xFF,0xFF,0xFF,0xFF,0xFF,0xFF,0xFF,0xFF,0xFF,0xFF,0xFF,0xFF,0x0,0x0,0x0,0x0,0x0,0x0,0x0,0x0,
        0x0,0x0,0x0,0xFF,0xFF,0xFF,0xFF,0xFF,0xFF,0xFF,0x0,0x0,0xFF,0xFF,0xFF,0xFF,0xFF,0xFF,0xFF,0xFF,0x0,0x0,0x0,0x0,0x0,0x0,0xFF,0xFF,0xFF,0xFF,0x0,0x0,0x0,0x0,0x0,0xFF,0xFF,0xFF,0xFF,0xFF,0xFF,0xFF,0xFF,0xFF,0xFF,0xFF,0xFF,0x0,0x0,0x0,0x0,0xFF,0x0,0x0,0x0,0x0,
        0x0,0x0,0x0,0x0,0x0,0xFF,0xFF,0x0,0x0,0x0,0x0,0x0,0x0,0xFF,0xFF,0xFF,0xFF,0xFF,0xFF,0xFF,0xFF,0x0,0x0,0x0,0x0,0x0,0x0,0x0,0xFF,0xFF,0xFF,0xFF,0xFF,0xFF,0xFF,0xFF,0xFF,0xFF,0xFF,0x0,0xFF,0xFF,0xFF,0xFF,0xFF,0xFF,0x0,0x0,0x0,0x0,0xFF,0xFF,0x0,0x0,0x0,0x0,
        0x0,0x0,0x0,0x0,0x0,0x0,0x0,0xFF,0xFF,0xFF,0x0,0x0,0x0,0x0,0xFF,0xFF,0xFF,0xFF,0xFF,0xFF,0xFF,0xFF,0xFF,0x0,0x0,0x0,0x0,0x0,0x0,0x0,0x0,0x0,0x0,0xFF,0xFF,0xFF,0x0,0x0,0x0,0xFF,0xFF,0xFF,0xFF,0xFF,0xFF,0x0,0x0,0x0,0x0,0xFF,0xFF,0x0,0x0,0x0,0x0,0x0,
        0x0,0x0,0x0,0x0,0x0,0x0,0x0,0x0,0x0,0xFF,0x0,0x0,0x0,0x0,0x0,0xFF,0xFF,0xFF,0xFF,0xFF,0xFF,0xFF,0xFF,0xFF,0xFF,0xFF,0xFF,0xFF,0x0,0x0,0x0,0x0,0x0,0x0,0x0,0x0,0x0,0x0,0xFF,0xFF,0xFF,0xFF,0xFF,0xFF,0xFF,0x0,0x0,0xFF,0xFF,0xFF,0x0,0x0,0x0,0x0,0x0,0x0,
        0x0,0x0,0x0,0x0,0x0,0x0,0x0,0x0,0x0,0x0,0x0,0x0,0x0,0x0,0x0,0x0,0xFF,0xFF,0xFF,0xFF,0xFF,0x0,0x0,0x0,0x0,0xFF,0xFF,0xFF,0xFF,0xFF,0xFF,0xFF,0xFF,0xFF,0xFF,0xFF,0xFF,0xFF,0xFF,0xFF,0xFF,0xFF,0xFF,0xFF,0xFF,0xFF,0xFF,0xFF,0xFF,0x0,0x0,0x0,0x0,0x0,0x0,0x0,
        0x0,0x0,0x0,0x0,0x0,0x0,0x0,0x0,0x0,0x0,0x0,0x0,0x0,0x0,0x0,0x0,0x0,0xFF,0xFF,0xFF,0xFF,0xFF,0x0,0x0,0x0,0x0,0x0,0x0,0x0,0xFF,0xFF,0xFF,0xFF,0xFF,0xFF,0xFF,0xFF,0xFF,0xFF,0xFF,0xFF,0xFF,0xFF,0xFF,0xFF,0xFF,0xFF,0xFF,0x0,0x0,0x0,0x0,0x0,0x0,0x0,0x0,
        0x0,0x0,0x0,0x0,0x0,0x0,0x0,0x0,0x0,0x0,0x0,0x0,0x0,0x0,0x0,0x0,0x0,0x0,0x0,0xFF,0xFF,0xFF,0xFF,0x0,0x0,0x0,0x0,0x0,0x0,0x0,0x0,0x0,0x0,0xFF,0xFF,0xFF,0xFF,0xFF,0xFF,0xFF,0xFF,0xFF,0xFF,0xFF,0xFF,0x0,0x0,0x0,0x0,0x0,0x0,0x0,0x0,0x0,0x0,0x0,
        0x0,0x0,0x0,0x0,0x0,0x0,0x0,0x0,0x0,0x0,0x0,0x0,0x0,0x0,0x0,0x0,0x0,0x0,0x0,0x0,0x0,0x0,0x0,0xFF,0x0,0x0,0x0,0x0,0x0,0x0,0x0,0x0,0x0,0x0,0xFF,0xFF,0xFF,0xFF,0xFF,0xFF,0xFF,0xFF,0xFF,0x0,0x0,0x0,0x0,0x0,0x0,0x0,0x0,0x0,0x0,0x0,0x0,0x0,
        0x0,0x0,0x0,0x0,0x0,0x0,0x0,0x0,0x0,0x0,0x0,0x0,0x0,0x0,0x0,0x0,0x0,0x0,0x0,0x0,0x0,0x0,0x0,0xFF,0x0,0x0,0x0,0x0,0x0,0x0,0x0,0x0,0x0,0x0,0x0,0x0,0xFF,0xFF,0xFF,0xFF,0xFF,0x0,0x0,0x0,0x0,0x0,0x0,0x0,0x0,0x0,0x0,0x0,0x0,0x0,0x0,0x0,
        0x0,0x0,0x0,0x0,0x0,0x0,0x0,0x0,0x0,0x0,0x0,0x0,0x0,0x0,0x0,0x0,0x0,0x0,0x0,0x0,0x0,0x0,0x0,0x0,0x0,0x0,0x0,0x0,0x0,0x0,0x0,0x0,0x0,0x0,0x0,0x0,0x0,0x0,0x0,0x0,0x0,0x0,0x0,0x0,0x0,0x0,0x0,0x0,0x0,0x0,0x0,0x0,0x0,0x0,0x0,0x0,
        0x0,0x0,0x0,0x0,0x0,0x0,0x0,0x0,0x0,0x0,0x0,0x0,0x0,0x0,0x0,0x0,0x0,0x0,0x0,0x0,0x0,0x0,0x0,0x0,0x0,0x0,0x0,0x0,0x0,0x0,0x0,0x0,0x0,0x0,0x0,0x0,0x0,0x0,0x0,0x0,0x0,0x0,0x0,0x0,0x0,0x0,0x0,0x0,0x0,0x0,0x0,0x0,0x0,0x0,0x0,0x0,
        0x0,0x0,0x0,0x0,0x0,0x0,0x0,0x0,0x0,0x0,0x0,0x0,0x0,0x0,0x0,0x0,0x0,0x0,0x0,0x0,0x0,0x0,0x0,0x0,0x0,0x0,0x0,0x0,0x0,0x0,0x0,0x0,0x0,0x0,0x0,0x0,0x0,0x0,0x0,0x0,0x0,0x0,0x0,0x0,0x0,0x0,0x0,0x0,0x0,0x0,0x0,0x0,0x0,0x0,0x0,0x0,
        0x0,0x0,0x0,0x0,0x0,0x0,0x0,0x0,0x0,0x0,0x0,0x0,0x0,0x0,0x0,0x0,0x0,0x0,0x0,0x0,0x0,0x0,0x0,0x0,0x0,0x0,0x0,0x0,0x0,0x0,0x0,0x0,0x0,0x0,0x0,0x0,0x0,0x0,0x0,0x0,0x0,0x0,0x0,0x0,0x0,0x0,0x0,0x0,0x0,0x0,0x0,0x0,0x0,0x0,0x0,0x0,
        0x0,0x0,0x0,0x0,0x0,0x0,0x0,0x0,0x0,0x0,0x0,0x0,0x0,0x0,0x0,0x0,0x0,0x0,0x0,0x0,0x0,0x0,0x0,0x0,0x0,0x0,0x0,0x0,0x0,0x0,0x0,0x0,0x0,0x0,0x0,0x0,0x0,0x0,0x0,0x0,0x0,0x0,0x0,0x0,0x0,0x0,0x0,0x0,0x0,0x0,0x0,0x0,0x0,0x0,0x0,0x0,
        0x0,0x0,0x0,0x0,0x0,0x0,0x0,0x0,0x0,0x0,0x0,0x0,0x0,0x0,0x0,0x0,0x0,0x0,0x0,0x0,0x0,0x0,0x0,0x0,0x0,0x0,0x0,0x0,0x0,0x0,0x0,0x0,0x0,0x0,0x0,0x0,0x0,0x0,0x0,0x0,0x0,0x0,0x0,0x0,0x0,0x0,0x0,0x0,0x0,0x0,0x0,0x0,0x0,0x0,0x0,0x0,
        0x0,0x0,0x0,0x0,0x0,0x0,0x0,0x0,0x0,0x0,0x0,0x0,0x0,0x0,0x0,0x0,0x0,0x0,0x0,0x0,0x0,0x0,0x0,0x0,0x0,0x0,0x0,0x0,0x0,0x0,0x0,0x0,0x0,0x0,0x0,0x0,0x0,0x0,0x0,0x0,0x0,0x0,0x0,0x0,0x0,0x0,0x0,0x0,0x0,0x0,0x0,0x0,0x0,0x0,0x0,0x0
    }
};

const gfx_sprite_t sprite_gaster_blaster_3_16 = {
    .width = 56,
    .height = 56,
    .data = {
        0x0,0x0,0x0,0x0,0x0,0x0,0x0,0x0,0x0,0x0,0x0,0x0,0x0,0x0,0x0,0x0,0x0,0x0,0x0,0x0,0x0,0x0,0x0,0x0,0x0,0x0,0x0,0x0,0x0,0x0,0x0,0x0,0x0,0x0,0x0,0x0,0x0,0x0,0x0,0x0,0x0,0x0,0x0,0x0,0x0,0x0,0x0,0x0,0x0,0x0,0x0,0x0,0x0,0x0,0x0,0x0,
        0x0,0x0,0x0,0x0,0x0,0x0,0x0,0x0,0x0,0x0,0x0,0x0,0x0,0x0,0x0,0x0,0x0,0x0,0x0,0x0,0x0,0x0,0x0,0x0,0x0,0x0,0x0,0x0,0x0,0x0,0x0,0x0,0x0,0x0,0x0,0x0,0x0,0x0,0x0,0x0,0x0,0x0,0x0,0x0,0x0,0x0,0x0,0x0,0x0,0x0,0x0,0x0,0x0,0x0,0x0,0x0,
        0x0,0x0,0x0,0x0,0x0,0x0,0x0,0x0,0x0,0x0,0x0,0x0,0x0,0x0,0x0,0x0,0x0,0x0,0x0,0x0,0x0,0x0,0x0,0x0,0x0,0x0,0x0,0x0,0x0,0x0,0x0,0x0,0x0,0x0,0x0,0x0,0x0,0x0,0x0,0x0,0x0,0x0,0x0,0x0,0x0,0x0,0x0,0x0,0x0,0x0,0x0,0x0,0x0,0x0,0x0,0x0,
        0x0,0x0,0x0,0x0,0x0,0x0,0x0,0x0,0x0,0x0,0x0,0x0,0x0,0x0,0x0,0x0,0x0,0x0,0x0,0x0,0x0,0x0,0x0,0x0,0x0,0x0,0x0,0x0,0x0,0x0,0x0,0x0,0x0,0x0,0x0,0x0,0x0,0x0,0x0,0x0,0x0,0x0,0x0,0x0,0x0,0x0,0x0,0x0,0x0,0x0,0x0,0x0,0x0,0x0,0x0,0x0,
        0x0,0x0,0x0,0x0,0x0,0x0,0x0,0x0,0x0,0x0,0x0,0x0,0x0,0x0,0x0,0x0,0x0,0x0,0x0,0x0,0x0,0x0,0x0,0x0,0x0,0x0,0x0,0x0,0x0,0x0,0x0,0x0,0x6B,0x94,0x0,0x4A,0x0,0x0,0x0,0x0,0x0,0x0,0x0,0x0,0x0,0x0,0x0,0x0,0x0,0x0,0x0,0x0,0x0,0x0,0x0,0x0,
        0x0,0x0,0x0,0x0,0x0,0x0,0x0,0x0,0x0,0x0,0x0,0x0,0x0,0x0,0x0,0x0,0x0,0x0,0x0,0x0,0x0,0x0,0x0,0x0,0x0,0x0,0x0,0x0,0x0,0x6B,0xB5,0xFF,0xFF,0xFF,0xFF,0xFF,0xB5,0xFF,0x94,0x94,0xDE,0x94,0x4A,0x0,0x0,0x0,0x0,0x0,0x0,0x0,0x0,0x0,0x0,0x0,0x0,0x0,
        0x0,0x0,0x0,0x0,0x0,0x0,0x0,0x0,0x0,0x0,0x0,0x0,0x0,0x0,0x0,0x0,0x0,0x0,0x0,0x0,0x0,0x0,0x0,0x0,0x0,0x0,0x0,0x0,0x0,0xDE,0xFF,0xFF,0xFF,0xFF,0xFF,0xFF,0xFF,0xFF,0xFF,0xFF,0xFF,0xFF,0xFF,0xB5,0x0,0x0,0x0,0x0,0x0,0x0,0x0,0x0,0x0,0x0,0x0,0x0,
        0x0,0x0,0x0,0x0,0x0,0x0,0x0,0x0,0x0,0x0,0x0,0x0,0x0,0x0,0x0,0x0,0x0,0x0,0x0,0x0,0x0,0x0,0x0,0x0,0x0,0x0,0x0,0x6B,0xFF,0xFF,0xFF,0xFF,0xFF,0xFF,0xFF,0xFF,0xFF,0xFF,0xFF,0x94,0x4A,0xDE,0xB5,0xDE,0xFF,0x94,0x21,0x0,0x0,0x0,0x0,0x0,0x0,0x0,0x0,0x0,
        0x0,0x0,0x0,0x0,0x0,0x0,0x0,0x0,0x0,0x0,0x0,0x0,0x0,0x0,0x0,0x0,0x0,0x0,0x0,0x0,0x0,0x0,0x0,0x0,0x0,0x0,0x0,0xB5,0xFF,0xFF,0xFF,0xFF,0xFF,0xFF,0xFF,0xFF,0xFF,0xFF,0xFF,0x4A,0x0,0x0,0x0,0x21,0x6B,0xDE,0xB5,0x0,0x0,0x0,0x0,0x0,0x0,0x0,0x0,0x0,
        0x0,0x0,0x0,0x0,0x0,0x0,0x0,0x0,0x0,0x0,0x0,0x0,0x0,0x0,0x0,0x0,0x0,0x4A,0x0,0x0,0x0,0x0,0x0,0x0,0x0,0x0,0x4A,0xFF,0xFF,0xFF,0xFF,0xFF,0xFF,0xFF,0xFF,0xFF,0xFF,0xFF,0xFF,0xDE,0x6B,0x0,0x0,0x0,0x0,0x0,0x6B,0x0,0x0,0x0,0x0,0x0,0x0,0x0,0x0,0x0,
        0x0,0x0,0x0,0x0,0x0,0x0,0x0,0x0,0x0,0x0,0x0,0x0,0x0,0x0,0x0,0x0,0x21,0xFF,0x0,0x0,0x0,0x0,0x0,0x4A,0xB5,0xFF,0xFF,0xFF,0xFF,0xDE,0x6B,0x21,0x4A,0xB5,0xFF,0xFF,0xFF,0xFF,0xFF,0xFF,0xFF,0xFF,0x4A,0x0,0x0,0x0,0x0,0x0,0x0,0x0,0x0,0x0,0x0,0x0,0x0,0x0,
        0x0,0x0,0x0,0x0,0x0,0x0,0x0,0x0,0x0,0x0,0x0,0x0,0x0,0x0,0x0,0x0,0x0,0x94,0x0,0x0,0x0,0x0,0x0,0xB5,0xFF,0xFF,0xDE,0x6B,0x21,0x21,0x6B,0x0,0x0,0x6B,0x4A,0xFF,0xFF,0xFF,0xFF,0xFF,0xFF,0xFF,0xFF,0x6B,0x0,0x0,0x0,0x0,0x0,0x0,0x0,0x0,0x0,0x0,0x0,0x0,
        0x0,0x0,0x0,0x0,0x0,0x0,0x0,0x0,0x0,0x0,0x0,0x0,0x0,0x0,0x6B,0xDE,0xFF,0x4A,0x0,0x0,0x4A,0x94,0xFF,0xDE,0x6B,0x21,0x0,0x0,0xB5,0xFF,0xFF,0xDE,0xFF,0xFF,0xDE,0xFF,0xFF,0xFF,0xFF,0xFF,0xFF,0xFF,0xFF,0xDE,0x94,0x0,0x0,0x0,0x0,0x0,0x0,0x0,0x0,0x0,0x0,0x0,
        0x0,0x0,0x0,0x0,0x0,0x0,0x0,0x0,0x0,0x0,0x0,0x0,0x0,0x6B,0xFF,0xFF,0xDE,0x0,0x0,0x0,0xFF,0xFF,0xFF,0x0,0x0,0x0,0x0,0x6B,0xFF,0xFF,0xDE,0xFF,0xFF,0xFF,0xFF,0xFF,0xFF,0xFF,0xFF,0xFF,0xFF,0xFF,0xFF,0xFF,0xFF,0x21,0x0,0x0,0x0,0x0,0x0,0x0,0x0,0x0,0x0,0x0,
        0x0,0x0,0x0,0x0,0x0,0x0,0x0,0x0,0x0,0x0,0x0,0x0,0xB5,0xFF,0xFF,0xFF,0x0,0x4A,0x94,0xFF,0xDE,0x6B,0x21,0x0,0x6B,0xDE,0xFF,0x94,0x4A,0x0,0x21,0x6B,0xFF,0xFF,0xFF,0xFF,0xFF,0xFF,0xFF,0xFF,0xFF,0xFF,0xFF,0xFF,0xFF,0xFF,0x94,0x0,0x0,0x0,0x0,0x0,0x0,0x0,0x0,0x0,
        0x0,0x0,0x0,0x0,0x0,0x0,0x0,0x0,0x0,0x0,0x0,0x4A,0xFF,0xFF,0xFF,0xFF,0xFF,0xFF,0xB5,0x21,0x0,0x0,0x0,0x4A,0xFF,0xFF,0x0,0x0,0x0,0x0,0x0,0x0,0xDE,0xFF,0xFF,0xFF,0xFF,0xFF,0xFF,0xFF,0xFF,0xFF,0xFF,0xFF,0xFF,0xFF,0xFF,0x6B,0x0,0x0,0x0,0x0,0x0,0x0,0x0,0x0,
        0x0,0x0,0x0,0x0,0x0,0x0,0x0,0x0,0x0,0x0,0x0,0xB5,0xFF,0xFF,0xFF,0xFF,0xFF,0xDE,0x6B,0x0,0x0,0x0,0xB5,0xFF,0xB5,0x4A,0x0,0x4A,0x21,0x0,0x0,0x0,0x94,0xFF,0xFF,0xFF,0xFF,0xFF,0xFF,0xFF,0xFF,0xFF,0xFF,0xFF,0xFF,0xFF,0xFF,0xFF,0xDE,0x4A,0x21,0x0,0x0,0x0,0x0,0x0,
        0x0,0x0,0x0,0x0,0x0,0x0,0x0,0x0,0x0,0x0,0x4A,0xFF,0xFF,0xFF,0xFF,0xFF,0xFF,0x0,0x0,0x0,0x0,0x4A,0xFF,0x4A,0x21,0x94,0xFF,0xFF,0xDE,0x94,0x0,0x0,0xDE,0xFF,0xFF,0xFF,0xFF,0xFF,0xFF,0xFF,0xFF,0xFF,0xFF,0xFF,0xFF,0xFF,0xFF,0xFF,0xFF,0xFF,0xDE,0x6B,0x0,0x4A,0x0,0x0,
        0x0,0x0,0x0,0x0,0x0,0x4A,0x0,0x0,0x0,0x0,0xFF,0xFF,0xFF,0xFF,0xFF,0xFF,0x6B,0x0,0x6B,0xB5,0xFF,0xFF,0xFF,0xB5,0x6B,0xFF,0xFF,0xFF,0xFF,0xFF,0x0,0x6B,0xFF,0xFF,0xFF,0xFF,0xFF,0xFF,0xFF,0xFF,0xFF,0xFF,0xFF,0xFF,0xFF,0xFF,0xFF,0xFF,0xFF,0xFF,0xFF,0xFF,0xFF,0xDE,0x6B,0x0,
        0x0,0x0,0x0,0x0,0x0,0xFF,0x21,0x0,0x0,0x6B,0xFF,0xFF,0xFF,0xFF,0xFF,0x94,0x6B,0xFF,0xB5,0xFF,0xFF,0xFF,0xFF,0x0,0xFF,0xFF,0xFF,0xFF,0xFF,0x6B,0x0,0xDE,0xFF,0xFF,0xFF,0xFF,0xFF,0xFF,0xFF,0xFF,0xFF,0xFF,0xFF,0xFF,0xFF,0xFF,0xFF,0xFF,0xFF,0xFF,0xDE,0x6B,0x21,0x0,0x0,0x0,
        0x0,0x0,0x0,0x6B,0xFF,0xB5,0x21,0x0,0x0,0xB5,0xFF,0xFF,0xFF,0x21,0x0,0x0,0x0,0x0,0x4A,0xFF,0xFF,0xFF,0xFF,0x4A,0xB5,0xFF,0xFF,0xFF,0x94,0x21,0x6B,0xFF,0xFF,0xFF,0xFF,0xFF,0xFF,0xFF,0xFF,0xFF,0xFF,0xFF,0xFF,0xFF,0xFF,0xFF,0xFF,0xB5,0x6B,0x0,0x0,0x0,0x0,0x0,0x6B,0x0,
        0x0,0x0,0x4A,0x94,0x0,0x21,0x6B,0x0,0x4A,0xFF,0xFF,0xFF,0x94,0x0,0x0,0x0,0x0,0xB5,0xFF,0xFF,0xFF,0xFF,0xFF,0x94,0x4A,0x94,0x4A,0x0,0x4A,0xB5,0xFF,0xFF,0xFF,0xFF,0xFF,0xFF,0xFF,0xFF,0xFF,0xFF,0xFF,0xB5,0x4A,0x0,0x4A,0x6B,0x0,0x0,0x0,0x0,0x21,0x6B,0xDE,0xFF,0x94,0x4A,
        0x0,0x21,0xFF,0xFF,0xDE,0xDE,0x94,0x0,0xDE,0xFF,0xFF,0x4A,0x0,0x0,0x0,0x4A,0x94,0xFF,0xFF,0xFF,0xFF,0xFF,0xFF,0xFF,0x0,0x0,0x0,0xFF,0xFF,0xFF,0xFF,0xFF,0xFF,0xFF,0xFF,0xFF,0xFF,0xFF,0x94,0x4A,0x0,0x0,0x0,0x0,0x0,0x0,0x0,0x21,0x6B,0xDE,0xFF,0xFF,0xFF,0x4A,0x0,0x0,
        0x94,0xFF,0xFF,0x94,0x21,0x0,0x0,0x6B,0xFF,0xFF,0xB5,0x0,0x4A,0x94,0xFF,0xDE,0x94,0xFF,0xFF,0xFF,0xFF,0xFF,0xFF,0xFF,0x4A,0x4A,0x94,0xFF,0xFF,0xFF,0xFF,0xFF,0xFF,0xFF,0xFF,0x94,0x4A,0x0,0x0,0x0,0x0,0x0,0x0,0x0,0x0,0x4A,0xDE,0xFF,0xFF,0xFF,0xFF,0xFF,0xDE,0x0,0x0,0x0,
        0xDE,0xFF,0xFF,0xDE,0xDE,0xB5,0x6B,0xDE,0xFF,0xB5,0x6B,0xFF,0xB5,0x6B,0x21,0x21,0x6B,0xFF,0xFF,0xFF,0xFF,0xFF,0xFF,0xFF,0xFF,0xFF,0xFF,0xFF,0xFF,0xFF,0xFF,0xDE,0x94,0x4A,0x0,0x0,0x0,0x0,0x0,0x0,0x0,0x0,0x0,0x0,0x21,0xB5,0xFF,0xFF,0xFF,0xFF,0xFF,0xFF,0x4A,0x0,0x0,0x0,
        0xFF,0xFF,0xFF,0xFF,0xFF,0xFF,0xFF,0xFF,0xFF,0x0,0x0,0x0,0x0,0x0,0x6B,0xFF,0xFF,0xFF,0xFF,0xFF,0xFF,0xFF,0xDE,0xFF,0xFF,0xFF,0xFF,0xFF,0xDE,0x94,0x21,0x0,0x0,0x0,0x0,0x0,0x0,0x0,0x0,0x0,0x0,0x21,0x6B,0xDE,0xFF,0xFF,0xFF,0xFF,0xFF,0xFF,0xFF,0xDE,0x0,0x0,0x0,0x0,
        0xFF,0xFF,0xFF,0xFF,0xFF,0xFF,0xB5,0x6B,0x0,0x0,0x0,0x0,0x0,0x0,0x0,0x4A,0xFF,0xFF,0xFF,0xB5,0x4A,0x0,0x0,0x6B,0x21,0xB5,0x94,0x21,0x0,0x0,0x0,0x0,0x0,0x0,0x0,0x0,0x0,0x0,0x21,0x6B,0xDE,0xFF,0xFF,0xFF,0xFF,0xFF,0xFF,0xFF,0xFF,0xFF,0xFF,0x6B,0x0,0x0,0x0,0x0,
        0xB5,0xFF,0xFF,0xB5,0x4A,0x0,0x0,0x0,0x0,0x0,0x0,0x0,0x0,0x0,0x0,0xFF,0xFF,0xFF,0xFF,0x21,0x0,0x0,0x0,0x0,0x0,0x0,0x0,0x0,0x0,0x0,0x0,0x0,0x0,0x0,0x0,0x21,0x94,0xDE,0xFF,0xFF,0xFF,0xFF,0xFF,0xFF,0xFF,0xFF,0xFF,0xFF,0xFF,0xFF,0xDE,0x0,0x0,0x0,0x0,0x0,
        0x21,0x4A,0x0,0x0,0x0,0x0,0x0,0x0,0x0,0x0,0x6B,0xB5,0x21,0x4A,0xB5,0xFF,0xFF,0xFF,0x94,0x0,0x0,0x0,0x0,0x0,0x0,0x0,0x0,0x0,0x0,0x0,0x0,0x0,0x21,0x94,0xDE,0xFF,0xFF,0xFF,0xFF,0xFF,0xFF,0xFF,0xFF,0xFF,0xFF,0xFF,0xFF,0xFF,0xFF,0xFF,0xFF,0x0,0x0,0x0,0x0,0x0,
        0x0,0x0,0x0,0x0,0x0,0x0,0x0,0x0,0x0,0x0,0x4A,0x4A,0x6B,0xB5,0x4A,0x4A,0xDE,0xFF,0xDE,0x0,0x0,0x0,0x0,0x0,0x0,0x0,0x0,0x0,0x0,0x4A,0x94,0xDE,0xFF,0xFF,0xFF,0xFF,0xFF,0xFF,0xFF,0xFF,0xFF,0xFF,0xFF,0xFF,0xFF,0xFF,0xFF,0xFF,0xFF,0xFF,0x94,0x0,0x0,0x0,0x0,0x0,
        0x0,0x0,0x0,0x0,0x0,0x0,0x0,0x0,0x0,0x0,0x0,0x0,0x0,0x0,0x0,0x0,0x0,0x6B,0x21,0x0,0x0,0x0,0x0,0x0,0x0,0x0,0x21,0x94,0xFF,0xFF,0xFF,0xFF,0xFF,0xFF,0xFF,0xFF,0xFF,0xFF,0xFF,0xFF,0xFF,0xFF,0xFF,0xFF,0xFF,0xFF,0xFF,0xFF,0xFF,0xFF,0xB5,0x0,0x0,0x0,0x0,0x0,
        0x0,0x0,0x0,0x0,0x0,0x0,0x0,0x0,0x0,0x0,0x0,0x0,0x0,0x0,0x0,0x0,0x0,0x0,0x0,0x0,0x0,0x0,0x0,0x0,0x0,0x0,0x4A,0xFF,0xFF,0xFF,0xFF,0xFF,0xFF,0xFF,0xFF,0xFF,0xFF,0xFF,0xFF,0xFF,0xFF,0xFF,0xFF,0xFF,0xFF,0xFF,0xFF,0xFF,0xFF,0xFF,0x4A,0x0,0x0,0x0,0x0,0x0,
        0x0,0x0,0x0,0x0,0x0,0x0,0x0,0x0,0x0,0x0,0x0,0x0,0x0,0x0,0x0,0x0,0x0,0x0,0xB5,0xDE,0x0,0x0,0x0,0x0,0x0,0xDE,0xFF,0xFF,0xFF,0xFF,0xDE,0xFF,0xFF,0xB5,0xB5,0xFF,0xFF,0xFF,0xFF,0xFF,0xFF,0xFF,0xFF,0xFF,0xFF,0xFF,0xFF,0xFF,0xFF,0xFF,0x4A,0x0,0x0,0x4A,0x6B,0x0,
        0x0,0x0,0x0,0x0,0x0,0x0,0x0,0x0,0x0,0x0,0x0,0x0,0x0,0x0,0x0,0x0,0x0,0x4A,0xFF,0xFF,0x6B,0x0,0x0,0x21,0x94,0xFF,0xFF,0xDE,0x21,0x0,0x21,0x4A,0x0,0x21,0x0,0x21,0xDE,0xFF,0xFF,0xFF,0xFF,0xFF,0xFF,0xFF,0xFF,0xFF,0xFF,0xFF,0xFF,0xFF,0x4A,0x0,0x0,0x94,0xDE,0x0,
        0x0,0x0,0x0,0x0,0x0,0x0,0x0,0x0,0x0,0x0,0x0,0x0,0x0,0x0,0x0,0x0,0x0,0xDE,0xFF,0xFF,0xFF,0xDE,0xDE,0xFF,0xFF,0xFF,0xFF,0xDE,0x0,0x0,0x4A,0xB5,0xFF,0xFF,0x94,0x21,0x0,0x4A,0xB5,0xFF,0xFF,0xFF,0xFF,0xFF,0xFF,0xFF,0xFF,0xFF,0xFF,0xB5,0x0,0x0,0x0,0xFF,0x4A,0x0,
        0x0,0x0,0x0,0x0,0x0,0x0,0x0,0x0,0x0,0x0,0x0,0x0,0x0,0x0,0x21,0xB5,0xFF,0xDE,0xFF,0xFF,0xFF,0xFF,0xFF,0xFF,0xFF,0xFF,0xFF,0xFF,0x21,0xDE,0xFF,0xFF,0xFF,0xFF,0xFF,0x94,0x0,0x0,0x4A,0xFF,0xFF,0xFF,0xFF,0xFF,0xFF,0xFF,0xFF,0xFF,0xFF,0x21,0x0,0x0,0xB5,0xDE,0x21,0x0,
        0x0,0x0,0x0,0x0,0x0,0x0,0x0,0x0,0x0,0x0,0x0,0x0,0x0,0x0,0x4A,0x6B,0x0,0x0,0x6B,0xFF,0xFF,0xFF,0xFF,0xFF,0xFF,0xFF,0xFF,0xFF,0x6B,0x6B,0xFF,0xFF,0xFF,0xFF,0xFF,0x21,0x0,0x0,0x0,0xFF,0xFF,0xFF,0xFF,0xFF,0xFF,0xFF,0xFF,0xFF,0x94,0x0,0x21,0xB5,0xFF,0x6B,0x0,0x0,
        0x0,0x0,0x0,0x0,0x0,0x0,0x0,0x0,0x0,0x0,0x0,0x0,0x0,0xDE,0xDE,0x0,0x0,0x0,0x4A,0xFF,0xFF,0xDE,0xFF,0xFF,0xFF,0xFF,0xFF,0xFF,0xDE,0x21,0xDE,0xFF,0xFF,0xFF,0x94,0x0,0x0,0x0,0x6B,0xFF,0xFF,0xFF,0x94,0x94,0xFF,0xFF,0xFF,0xFF,0xDE,0x0,0x6B,0xFF,0xFF,0x0,0x0,0x0,
        0x0,0x0,0x0,0x0,0x0,0x0,0x0,0x0,0x0,0x0,0x0,0x0,0x0,0x0,0x0,0x0,0x0,0x0,0x21,0x4A,0x0,0x94,0xFF,0xFF,0xFF,0xFF,0xFF,0xFF,0xFF,0xDE,0x21,0x6B,0x4A,0x0,0x0,0x0,0x0,0x4A,0xDE,0xFF,0xDE,0x6B,0x4A,0xFF,0xFF,0xFF,0xFF,0xFF,0xFF,0xFF,0xFF,0xFF,0x4A,0x0,0x0,0x0,
        0x0,0x0,0x0,0x0,0x0,0x0,0x0,0x0,0x0,0x0,0x0,0x0,0x0,0x0,0x0,0x0,0x0,0x0,0x4A,0xB5,0xFF,0xB5,0x6B,0xDE,0xDE,0xDE,0xFF,0xFF,0xFF,0xFF,0x94,0x6B,0xB5,0xB5,0x4A,0x94,0xFF,0xFF,0xFF,0xFF,0x0,0x0,0xB5,0xFF,0xFF,0xFF,0xFF,0xFF,0xFF,0xFF,0xB5,0x6B,0x0,0x0,0x0,0x0,
        0x0,0x0,0x0,0x0,0x0,0x0,0x0,0x0,0x0,0x0,0x0,0x0,0x0,0x0,0x0,0x0,0x94,0xFF,0xB5,0x4A,0x0,0x0,0x0,0x0,0x21,0xB5,0xFF,0xFF,0x94,0x6B,0xFF,0xB5,0xFF,0xFF,0xB5,0x6B,0x0,0xB5,0x6B,0x21,0x0,0x6B,0xFF,0xFF,0xFF,0xFF,0xFF,0xFF,0xFF,0xDE,0x0,0x0,0x0,0x0,0x0,0x0,
        0x0,0x0,0x0,0x0,0x0,0x0,0x0,0x0,0x0,0x0,0x0,0x0,0x6B,0xB5,0x4A,0x4A,0x6B,0x0,0x0,0x0,0x0,0x0,0x0,0x21,0xDE,0x94,0x4A,0x0,0x0,0x0,0x0,0x0,0x4A,0x0,0x0,0x0,0x0,0x21,0x6B,0xDE,0xFF,0xFF,0xFF,0xFF,0xFF,0xFF,0xFF,0xFF,0x6B,0x21,0x0,0x0,0x0,0x0,0x0,0x0,
        0x0,0x0,0x0,0x0,0x0,0x0,0x0,0x0,0x21,0x6B,0xB5,0xFF,0xFF,0xFF,0xFF,0xFF,0xFF,0xB5,0x21,0x6B,0x0,0x21,0x6B,0xDE,0x21,0x0,0x0,0x0,0x0,0x0,0x0,0x21,0x4A,0x0,0x21,0x6B,0xDE,0xFF,0xFF,0xFF,0xFF,0xFF,0xFF,0xFF,0xFF,0xFF,0xFF,0xDE,0x21,0x0,0x0,0x0,0x0,0x0,0x0,0x0,
        0x0,0x0,0x0,0x0,0x0,0x0,0x6B,0xDE,0xFF,0xFF,0xFF,0xFF,0xB5,0x6B,0xFF,0xFF,0xFF,0xFF,0xFF,0xFF,0xDE,0xFF,0xFF,0xFF,0xFF,0xB5,0xB5,0x94,0x4A,0x94,0xFF,0xFF,0xFF,0xDE,0xFF,0xFF,0xFF,0xFF,0xFF,0xFF,0xFF,0xFF,0xFF,0xFF,0xFF,0xFF,0x94,0x0,0x0,0x0,0x0,0x0,0x0,0x0,0x0,0x0,
        0x0,0x0,0x0,0x0,0x0,0x21,0xFF,0xFF,0xFF,0xFF,0xFF,0xFF,0x0,0x0,0x0,0x94,0xDE,0xFF,0xFF,0xFF,0xFF,0xFF,0xFF,0xFF,0xFF,0xFF,0xFF,0xFF,0xDE,0x6B,0xFF,0xDE,0x94,0x21,0xB5,0x94,0x4A,0x0,0x6B,0xB5,0xFF,0xDE,0xFF,0xFF,0xDE,0x94,0x21,0x0,0x0,0x0,0x0,0x0,0x0,0x0,0x0,0x0,
        0x0,0x0,0x0,0x0,0x0,0x0,0xDE,0xFF,0xFF,0xFF,0x94,0x0,0x21,0x94,0x6B,0x0,0x21,0x6B,0xFF,0xFF,0xFF,0xFF,0xFF,0xFF,0xFF,0xFF,0x94,0x21,0x0,0x0,0x21,0x0,0x0,0x0,0x0,0x0,0x0,0x0,0x0,0x0,0x0,0x0,0x94,0x21,0x0,0x0,0x0,0x0,0x0,0x0,0x0,0x0,0x0,0x0,0x0,0x0,
        0x0,0x0,0x0,0x0,0x0,0x0,0x94,0xFF,0xFF,0xFF,0xDE,0xDE,0xDE,0x94,0x21,0x0,0x0,0x0,0x0,0x94,0xFF,0xFF,0xFF,0xFF,0xFF,0xFF,0xB5,0x6B,0x0,0x0,0x0,0x0,0x0,0x0,0x0,0x0,0x0,0x0,0x0,0x0,0x0,0x0,0x0,0x0,0x0,0x0,0x0,0x0,0x0,0x0,0x0,0x0,0x0,0x0,0x0,0x0,
        0x0,0x0,0x0,0x0,0x0,0x0,0x21,0x94,0xFF,0xDE,0xFF,0xFF,0x21,0x6B,0xB5,0x21,0x0,0x0,0x0,0x0,0x21,0x94,0xDE,0xFF,0xFF,0xFF,0xFF,0xFF,0xDE,0x4A,0x0,0x0,0x0,0x0,0x0,0x0,0x0,0x0,0x0,0x0,0x0,0x0,0x0,0x0,0x0,0x0,0x0,0x0,0x0,0x0,0x0,0x0,0x0,0x0,0x0,0x0,
        0x0,0x0,0x0,0x0,0x0,0x0,0x0,0x0,0x0,0x0,0x4A,0x21,0x94,0x94,0xB5,0x94,0x0,0x0,0x0,0x0,0x0,0x0,0x0,0x94,0x21,0xDE,0x94,0x4A,0x0,0xDE,0x4A,0x0,0x0,0x0,0x0,0x0,0x0,0x0,0x0,0x0,0x0,0x0,0x0,0x0,0x0,0x0,0x0,0x0,0x0,0x0,0x0,0x0,0x0,0x0,0x0,0x0,
        0x0,0x0,0x0,0x0,0x0,0x0,0x0,0x0,0x0,0x0,0x0,0x0,0x0,0x0,0x0,0x0,0x0,0x0,0x0,0x0,0x0,0x0,0x0,0x0,0x0,0x0,0x0,0x0,0x0,0x4A,0x21,0x0,0x0,0x0,0x0,0x0,0x0,0x0,0x0,0x0,0x0,0x0,0x0,0x0,0x0,0x0,0x0,0x0,0x0,0x0,0x0,0x0,0x0,0x0,0x0,0x0,
        0x0,0x0,0x0,0x0,0x0,0x0,0x0,0x0,0x0,0x0,0x0,0x0,0x0,0x0,0x0,0x0,0x0,0x0,0x0,0x0,0x0,0x0,0x0,0x0,0x0,0x0,0x0,0x0,0x0,0x0,0x0,0x0,0x0,0x0,0x0,0x0,0x0,0x0,0x0,0x0,0x0,0x0,0x0,0x0,0x0,0x0,0x0,0x0,0x0,0x0,0x0,0x0,0x0,0x0,0x0,0x0,
        0x0,0x0,0x0,0x0,0x0,0x0,0x0,0x0,0x0,0x0,0x0,0x0,0x0,0x0,0x0,0x0,0x0,0x0,0x0,0x0,0x0,0x0,0x0,0x0,0x0,0x0,0x0,0x0,0x0,0x0,0x0,0x0,0x0,0x0,0x0,0x0,0x0,0x0,0x0,0x0,0x0,0x0,0x0,0x0,0x0,0x0,0x0,0x0,0x0,0x0,0x0,0x0,0x0,0x0,0x0,0x0,
        0x0,0x0,0x0,0x0,0x0,0x0,0x0,0x0,0x0,0x0,0x0,0x0,0x0,0x0,0x0,0x0,0x0,0x0,0x0,0x0,0x0,0x0,0x0,0x0,0x0,0x0,0x0,0x0,0x0,0x0,0x0,0x0,0x0,0x0,0x0,0x0,0x0,0x0,0x0,0x0,0x0,0x0,0x0,0x0,0x0,0x0,0x0,0x0,0x0,0x0,0x0,0x0,0x0,0x0,0x0,0x0,
        0x0,0x0,0x0,0x0,0x0,0x0,0x0,0x0,0x0,0x0,0x0,0x0,0x0,0x0,0x0,0x0,0x0,0x0,0x0,0x0,0x0,0x0,0x0,0x0,0x0,0x0,0x0,0x0,0x0,0x0,0x0,0x0,0x0,0x0,0x0,0x0,0x0,0x0,0x0,0x0,0x0,0x0,0x0,0x0,0x0,0x0,0x0,0x0,0x0,0x0,0x0,0x0,0x0,0x0,0x0,0x0,
        0x0,0x0,0x0,0x0,0x0,0x0,0x0,0x0,0x0,0x0,0x0,0x0,0x0,0x0,0x0,0x0,0x0,0x0,0x0,0x0,0x0,0x0,0x0,0x0,0x0,0x0,0x0,0x0,0x0,0x0,0x0,0x0,0x0,0x0,0x0,0x0,0x0,0x0,0x0,0x0,0x0,0x0,0x0,0x0,0x0,0x0,0x0,0x0,0x0,0x0,0x0,0x0,0x0,0x0,0x0,0x0,
        0x0,0x0,0x0,0x0,0x0,0x0,0x0,0x0,0x0,0x0,0x0,0x0,0x0,0x0,0x0,0x0,0x0,0x0,0x0,0x0,0x0,0x0,0x0,0x0,0x0,0x0,0x0,0x0,0x0,0x0,0x0,0x0,0x0,0x0,0x0,0x0,0x0,0x0,0x0,0x0,0x0,0x0,0x0,0x0,0x0,0x0,0x0,0x0,0x0,0x0,0x0,0x0,0x0,0x0,0x0,0x0
    }
};

const gfx_sprite_t sprite_gaster_blaster_3_17 = {
    .width = 56,
    .height = 56,
    .data = {
        0x0,0x0,0x0,0x0,0x0,0x0,0x0,0x0,0x0,0x0,0x0,0x0,0x0,0x0,0x0,0x0,0x0,0x0,0x0,0x0,0x0,0x0,0x0,0x0,0x0,0x0,0x0,0x0,0x0,0x0,0x0,0x0,0x0,0x0,0x0,0x0,0x0,0x0,0x0,0x0,0x0,0x0,0x0,0x0,0x0,0x0,0x0,0x0,0x0,0x0,0x0,0x0,0x0,0x0,0x0,0x0,
        0x0,0x0,0x0,0x0,0x0,0x0,0x0,0x0,0x0,0x0,0x0,0x0,0x0,0x0,0x0,0x0,0x0,0x0,0x0,0x0,0x0,0x0,0x0,0x0,0x0,0x0,0x0,0x0,0x0,0x0,0x0,0x0,0x0,0x0,0x0,0x0,0x0,0x0,0x0,0x0,0x0,0x0,0x0,0x0,0x0,0x0,0x0,0x0,0x0,0x0,0x0,0x0,0x0,0x0,0x0,0x0,
        0x0,0x0,0x0,0x0,0x0,0x0,0x0,0x0,0x0,0x0,0x0,0x0,0x0,0x0,0x0,0x0,0x0,0x0,0x0,0x0,0x0,0x0,0x0,0x0,0x0,0x0,0x0,0x0,0x0,0x0,0x0,0x0,0x4A,0x94,0x6B,0x21,0x21,0x0,0x0,0x0,0x0,0x0,0x0,0x0,0x0,0x0,0x0,0x0,0x0,0x0,0x0,0x0,0x0,0x0,0x0,0x0,
        0x0,0x0,0x0,0x0,0x0,0x0,0x0,0x0,0x0,0x0,0x0,0x0,0x0,0x0,0x0,0x0,0x0,0x0,0x0,0x0,0x0,0x0,0x0,0x0,0x0,0x0,0x0,0x21,0x21,0x4A,0xB5,0x94,0xFF,0xFF,0xFF,0xFF,0xFF,0xFF,0xB5,0x6B,0x0,0x0,0x0,0x0,0x0,0x0,0x0,0x0,0x0,0x0,0x0,0x0,0x0,0x0,0x0,0x0,
        0x0,0x0,0x0,0x0,0x0,0x0,0x0,0x0,0x0,0x0,0x0,0x0,0x0,0x0,0x0,0x0,0x0,0x0,0x0,0x0,0x0,0x0,0x0,0x0,0x21,0xDE,0xB5,0xFF,0xFF,0xFF,0xFF,0xFF,0xFF,0x94,0xDE,0x4A,0x6B,0x6B,0xB5,0xFF,0x0,0x0,0x0,0x0,0x0,0x0,0x0,0x0,0x0,0x0,0x0,0x0,0x0,0x0,0x0,0x0,
        0x0,0x0,0x0,0x0,0x0,0x0,0x0,0x0,0x0,0x0,0x0,0x0,0x0,0x0,0x0,0x0,0x0,0x0,0x0,0x0,0x0,0x0,0x0,0x6B,0xFF,0xFF,0xFF,0xFF,0xFF,0xFF,0xFF,0xFF,0x6B,0x0,0x0,0x0,0x0,0x0,0x0,0x0,0x0,0x0,0x0,0x0,0x0,0x0,0x0,0x0,0x0,0x0,0x0,0x0,0x0,0x0,0x0,0x0,
        0x0,0x0,0x0,0x0,0x0,0x0,0x0,0x0,0x0,0x0,0x0,0x0,0x0,0x0,0x0,0x0,0x0,0x0,0x0,0x0,0x0,0x0,0xB5,0xFF,0xFF,0xFF,0xFF,0xFF,0xFF,0xFF,0xFF,0xFF,0xDE,0x21,0x21,0x21,0x0,0x0,0x0,0x0,0x0,0x0,0x0,0x0,0x0,0x0,0x0,0x0,0x0,0x0,0x0,0x0,0x0,0x0,0x0,0x0,
        0x0,0x0,0x0,0x0,0x0,0x0,0x0,0x0,0x0,0x0,0x0,0x0,0x0,0x0,0x0,0x0,0x0,0x0,0x0,0x0,0x0,0x0,0xB5,0xFF,0xFF,0xFF,0xFF,0xFF,0xFF,0xFF,0xFF,0xFF,0xFF,0xFF,0xFF,0xFF,0xDE,0x4A,0x0,0x0,0x0,0x0,0x0,0x0,0x0,0x0,0x0,0x0,0x0,0x0,0x0,0x0,0x0,0x0,0x0,0x0,
        0x0,0x0,0x0,0x0,0x0,0x0,0x0,0x0,0x0,0x0,0x0,0x0,0x0,0x0,0x0,0x0,0x0,0x0,0x0,0x0,0x0,0xB5,0xFF,0xFF,0xFF,0xFF,0xFF,0xFF,0xFF,0xFF,0xFF,0xFF,0xFF,0xFF,0xFF,0xFF,0xFF,0xFF,0xB5,0x4A,0x0,0x0,0x0,0x0,0x0,0x0,0x0,0x0,0x0,0x0,0x0,0x0,0x0,0x0,0x0,0x0,
        0x0,0x0,0x0,0x0,0x0,0x0,0x0,0x0,0x0,0x0,0x0,0x0,0x0,0x0,0x0,0x0,0x0,0x0,0x0,0x0,0x0,0xDE,0xFF,0xFF,0xFF,0xFF,0xDE,0xFF,0xFF,0xFF,0xFF,0xFF,0xFF,0xFF,0xFF,0xFF,0xFF,0xFF,0xFF,0xFF,0xB5,0x4A,0x0,0x0,0x0,0x0,0x0,0x0,0x0,0x0,0x0,0x0,0x0,0x0,0x0,0x0,
        0x0,0x0,0x0,0x0,0x0,0x0,0x0,0x0,0x0,0x0,0x0,0x0,0x0,0x0,0x0,0x0,0x0,0x0,0x0,0x0,0x0,0xFF,0xFF,0xFF,0xFF,0x4A,0x0,0x0,0x94,0x6B,0xFF,0xFF,0xFF,0xFF,0xFF,0xFF,0xFF,0xFF,0xFF,0xFF,0xFF,0xFF,0xB5,0x6B,0x6B,0x4A,0x0,0x0,0x21,0xDE,0x0,0x0,0x0,0x0,0x0,0x0,
        0x0,0x0,0x0,0x0,0x0,0x0,0x0,0x0,0x0,0x0,0x0,0x0,0x0,0x0,0x0,0x0,0x0,0x0,0x0,0x0,0x94,0xFF,0xFF,0xB5,0x0,0x21,0x0,0xB5,0xFF,0xDE,0xFF,0xFF,0xFF,0xFF,0xFF,0xFF,0xFF,0xFF,0xFF,0xFF,0xFF,0xFF,0xFF,0xFF,0xFF,0xFF,0xFF,0xDE,0xFF,0x6B,0x0,0x0,0x0,0x0,0x0,0x0,
        0x0,0x0,0x0,0x0,0x0,0x0,0x0,0x0,0x0,0x0,0x0,0x0,0x0,0x0,0x0,0x0,0x0,0x0,0x21,0xDE,0xFF,0xFF,0x6B,0x0,0xB5,0xFF,0xFF,0xFF,0xFF,0xFF,0xFF,0xFF,0xFF,0xFF,0xFF,0xFF,0xFF,0xFF,0xFF,0xFF,0xFF,0xFF,0xFF,0xFF,0xFF,0xFF,0xFF,0xDE,0x21,0x0,0x0,0x0,0x0,0x0,0x0,0x0,
        0x0,0x0,0x0,0x0,0x0,0x0,0x0,0x0,0x0,0x0,0x0,0x0,0x0,0x0,0x0,0x0,0x0,0x0,0xB5,0xFF,0xDE,0x21,0x0,0xB5,0xFF,0xFF,0xFF,0xFF,0xFF,0xFF,0xFF,0xFF,0xFF,0xFF,0xFF,0xFF,0xFF,0xFF,0xFF,0xFF,0xFF,0xFF,0xFF,0xFF,0xFF,0xFF,0x94,0x0,0x0,0x21,0xDE,0x94,0x0,0x0,0x0,0x0,
        0x0,0x0,0x0,0x0,0x0,0x0,0x0,0x0,0x0,0x0,0x0,0x4A,0xB5,0x0,0x0,0x0,0x0,0x21,0xDE,0x94,0x0,0x0,0x21,0xDE,0xB5,0x0,0x4A,0x6B,0xFF,0xFF,0xFF,0xFF,0xFF,0xFF,0xFF,0xFF,0xFF,0xFF,0xFF,0xFF,0xFF,0xFF,0xFF,0xFF,0xFF,0x4A,0x0,0x0,0x6B,0xFF,0x6B,0x0,0x0,0x0,0x0,0x0,
        0x0,0x0,0x0,0x0,0x0,0x0,0x0,0x0,0x0,0x0,0x0,0x0,0xB5,0x21,0x0,0x0,0x6B,0xFF,0xB5,0x0,0x0,0x4A,0xFF,0x6B,0x0,0x0,0x0,0x0,0xB5,0xFF,0xFF,0xFF,0xFF,0xFF,0xFF,0xFF,0xFF,0xFF,0xFF,0xFF,0xFF,0xFF,0xFF,0xB5,0x0,0x0,0x0,0xB5,0xFF,0xFF,0x4A,0x0,0x0,0x0,0x0,0x0,
        0x0,0x0,0x0,0x0,0x0,0x0,0x0,0x0,0x0,0x0,0x0,0x4A,0xDE,0x0,0x0,0x4A,0xFF,0xFF,0x94,0x0,0x94,0xFF,0x21,0x0,0x0,0x0,0x0,0x0,0x4A,0xFF,0xFF,0xFF,0xFF,0xFF,0xFF,0xFF,0xFF,0xFF,0xFF,0xFF,0xB5,0x94,0x6B,0x0,0x0,0x4A,0xDE,0xFF,0xFF,0xFF,0x0,0x0,0x0,0x0,0x0,0x0,
        0x0,0x0,0x0,0x0,0x0,0x0,0x0,0x0,0x0,0x0,0x94,0xFF,0xB5,0x0,0x0,0x6B,0xFF,0x4A,0x0,0x21,0xFF,0xFF,0x21,0x21,0x94,0x4A,0x21,0x0,0x94,0xFF,0xFF,0xFF,0xFF,0xFF,0xFF,0xFF,0xFF,0xFF,0xFF,0x6B,0x0,0x0,0x0,0x0,0x94,0xFF,0xFF,0xFF,0xFF,0xDE,0x0,0x0,0x0,0x0,0x0,0x0,
        0x0,0x0,0x0,0x0,0x0,0x0,0x0,0x0,0x0,0x4A,0xFF,0xFF,0x94,0x0,0xB5,0xB5,0x21,0x0,0x0,0x94,0xDE,0x21,0x6B,0xFF,0xFF,0xFF,0xB5,0x0,0xDE,0xFF,0xFF,0xFF,0xFF,0xFF,0xFF,0xFF,0xFF,0xDE,0x21,0x0,0x0,0x0,0x0,0xB5,0xFF,0xFF,0xFF,0xFF,0xFF,0xDE,0x0,0x0,0x0,0x0,0x0,0x0,
        0x0,0x0,0x0,0x0,0x0,0x0,0x0,0x0,0x0,0x94,0xFF,0xFF,0xDE,0xFF,0xFF,0x21,0x0,0x0,0x21,0xFF,0x21,0x6B,0xFF,0xFF,0xFF,0xFF,0xB5,0x0,0xDE,0xFF,0xFF,0xFF,0xFF,0xFF,0xFF,0xFF,0x94,0x0,0x0,0x0,0x0,0x0,0x0,0xB5,0xFF,0xFF,0xFF,0xFF,0xFF,0xB5,0x0,0x0,0x0,0x0,0x0,0x0,
        0x0,0x0,0x0,0x0,0x0,0x0,0x0,0x0,0x6B,0xFF,0xFF,0xFF,0xFF,0xFF,0xB5,0x0,0x0,0x0,0xB5,0xFF,0xDE,0x6B,0xFF,0xFF,0xFF,0xFF,0x94,0x0,0xDE,0xFF,0xFF,0xFF,0xFF,0xFF,0xFF,0x4A,0x0,0x0,0x0,0x0,0x0,0x21,0xDE,0xFF,0xFF,0xFF,0xFF,0xFF,0xFF,0x6B,0x0,0x0,0x0,0x0,0x0,0x0,
        0x0,0x0,0x0,0x0,0x0,0x0,0x0,0x0,0x94,0xFF,0xFF,0xFF,0xFF,0xFF,0x21,0x0,0x4A,0xDE,0xFF,0xFF,0x94,0x6B,0xFF,0xFF,0xFF,0x6B,0x21,0xB5,0xFF,0xFF,0xFF,0xFF,0xFF,0xB5,0x21,0x0,0x0,0x0,0x0,0x0,0x6B,0xFF,0xFF,0xFF,0xFF,0xFF,0xFF,0xFF,0xFF,0xFF,0x0,0x0,0x0,0x0,0x0,0x0,
        0x0,0x0,0x0,0x0,0x0,0x0,0x0,0x0,0x94,0xFF,0xFF,0xFF,0xFF,0xDE,0x0,0x94,0xFF,0xFF,0xFF,0xFF,0xFF,0x21,0xB5,0xDE,0x21,0x6B,0xFF,0xFF,0xFF,0xFF,0xFF,0xFF,0x94,0x0,0x0,0x0,0x0,0x0,0x0,0x94,0xFF,0xFF,0xFF,0xFF,0xFF,0xFF,0xFF,0xFF,0xFF,0xB5,0x0,0x0,0x0,0x0,0x0,0x0,
        0x0,0x0,0x0,0x0,0x0,0x0,0x0,0x0,0xDE,0xFF,0xFF,0xFF,0xFF,0xDE,0x94,0xB5,0x4A,0xFF,0xFF,0xFF,0xFF,0xB5,0x0,0x0,0x0,0x94,0xFF,0xFF,0xFF,0xFF,0xDE,0x4A,0x0,0x0,0x0,0x0,0x0,0x21,0xDE,0xFF,0xFF,0xFF,0xFF,0xFF,0xFF,0xFF,0xFF,0xFF,0xFF,0xFF,0x4A,0x0,0x0,0x0,0x0,0x0,
        0x0,0x0,0x0,0x0,0x0,0x0,0x0,0x21,0xFF,0xFF,0xFF,0xFF,0xB5,0x0,0x0,0x0,0xB5,0xFF,0xFF,0xFF,0xFF,0xFF,0x94,0x0,0x6B,0xFF,0xFF,0xFF,0xFF,0xB5,0x0,0x0,0x0,0x0,0x0,0x0,0x6B,0xFF,0xFF,0xFF,0xFF,0xFF,0xFF,0xFF,0xFF,0xFF,0xFF,0xFF,0xFF,0xFF,0x4A,0x0,0x0,0x4A,0x94,0x0,
        0x0,0x0,0x0,0x0,0x0,0x0,0x0,0x21,0xFF,0xFF,0xFF,0x6B,0x0,0x0,0x0,0x21,0xFF,0xFF,0xFF,0xFF,0xFF,0xFF,0xFF,0xB5,0xFF,0xFF,0xFF,0xFF,0x6B,0x0,0x0,0x0,0x0,0x0,0x0,0xB5,0xFF,0xFF,0xFF,0xFF,0xFF,0xFF,0xFF,0xFF,0xFF,0xFF,0xFF,0xFF,0xFF,0xFF,0x6B,0x0,0x0,0x4A,0xFF,0x21,
        0x0,0x0,0x0,0xB5,0x21,0x0,0x0,0x21,0xFF,0xFF,0xFF,0x4A,0x0,0x0,0x21,0xB5,0xFF,0xFF,0xFF,0xFF,0xFF,0xFF,0xFF,0xFF,0xFF,0xFF,0xDE,0x21,0x0,0x0,0x0,0x0,0x0,0x4A,0xFF,0xFF,0xFF,0xFF,0xFF,0xFF,0xFF,0xFF,0xFF,0xFF,0xFF,0xFF,0xFF,0xFF,0xFF,0xFF,0xB5,0x0,0x0,0x6B,0xDE,0x0,
        0x0,0x0,0x0,0xB5,0xDE,0x0,0x0,0x94,0xFF,0xFF,0x6B,0x0,0x0,0x4A,0xFF,0x6B,0xFF,0xFF,0xFF,0xFF,0xFF,0xFF,0xDE,0xB5,0x6B,0x94,0x0,0x0,0x0,0x0,0x0,0x0,0x94,0xFF,0xFF,0xFF,0xFF,0xFF,0xFF,0xFF,0xFF,0xFF,0xFF,0xFF,0xFF,0xFF,0xFF,0xFF,0xFF,0xFF,0x94,0x0,0x0,0xB5,0xB5,0x0,
        0x0,0x0,0xB5,0xB5,0x0,0x4A,0x0,0xB5,0xFF,0xFF,0x4A,0x0,0x94,0xDE,0x21,0x4A,0xFF,0xFF,0xFF,0xFF,0xB5,0x0,0x0,0x0,0x0,0x0,0x0,0x0,0x0,0x0,0x21,0xDE,0xFF,0xFF,0xFF,0xFF,0xFF,0xFF,0xFF,0xFF,0xFF,0xFF,0xFF,0xFF,0xFF,0xFF,0xFF,0xFF,0xFF,0xFF,0x4A,0x0,0x0,0xDE,0xB5,0x0,
        0x0,0x0,0x94,0x0,0xB5,0xB5,0x0,0xB5,0xFF,0xFF,0x4A,0xDE,0x94,0x0,0x94,0xFF,0xFF,0xFF,0xFF,0x6B,0x0,0x0,0x0,0x0,0x0,0x0,0x0,0x0,0x0,0x6B,0xFF,0xFF,0xFF,0xFF,0xFF,0xFF,0xFF,0xFF,0xFF,0xFF,0xFF,0xFF,0xFF,0xFF,0xFF,0xFF,0xFF,0xFF,0xFF,0xFF,0x21,0x0,0xDE,0xFF,0x6B,0x0,
        0x0,0xB5,0xFF,0xFF,0x6B,0x0,0x0,0xFF,0xFF,0x94,0x4A,0x4A,0x0,0x0,0x4A,0x4A,0xFF,0xFF,0xFF,0x4A,0x0,0x0,0x0,0x0,0x0,0x0,0x0,0x0,0x94,0xFF,0xFF,0xFF,0xFF,0xFF,0xDE,0x94,0xDE,0xFF,0xFF,0xFF,0xFF,0xFF,0xFF,0xFF,0xFF,0xFF,0xFF,0xFF,0xFF,0xFF,0x6B,0x21,0xDE,0xFF,0x21,0x0,
        0x0,0xB5,0xFF,0x4A,0x4A,0x4A,0x6B,0xFF,0xFF,0x0,0x0,0x0,0x0,0x0,0x0,0x94,0xFF,0xFF,0xFF,0x0,0x0,0x0,0x0,0x0,0x0,0x0,0x0,0x4A,0xFF,0xFF,0xFF,0xFF,0xFF,0xB5,0x0,0x0,0x0,0x21,0x21,0x21,0xFF,0xFF,0xFF,0xFF,0xFF,0xFF,0xFF,0xFF,0xFF,0xFF,0xFF,0xFF,0xFF,0xDE,0x21,0x0,
        0xDE,0xFF,0xFF,0xDE,0xFF,0xFF,0xFF,0xFF,0x94,0x0,0x0,0x0,0x0,0x0,0x0,0xB5,0xFF,0xFF,0xFF,0xB5,0x0,0x0,0x0,0x0,0x0,0x0,0x0,0xB5,0xFF,0xFF,0x94,0x0,0x4A,0x21,0xDE,0xDE,0xDE,0x0,0x0,0x0,0x4A,0xFF,0xFF,0xFF,0x94,0x94,0xFF,0xFF,0xFF,0xFF,0xFF,0xFF,0xB5,0x0,0x0,0x0,
        0xDE,0xFF,0xFF,0xFF,0xFF,0xFF,0xFF,0x4A,0x0,0x0,0x0,0x0,0x94,0x4A,0xDE,0x94,0x4A,0x94,0xDE,0x21,0x0,0x0,0x0,0x0,0x0,0x0,0x6B,0xFF,0xFF,0x6B,0x0,0x0,0x6B,0xFF,0xFF,0xFF,0xFF,0x6B,0x0,0x0,0x0,0xDE,0xFF,0xFF,0x94,0xDE,0xFF,0xFF,0xFF,0xFF,0xFF,0xFF,0x6B,0x0,0x0,0x0,
        0xDE,0xFF,0xFF,0xFF,0xFF,0xB5,0x0,0x0,0x0,0x0,0x0,0x94,0x94,0x4A,0x4A,0x0,0x0,0x0,0x0,0x0,0x21,0x21,0x0,0x0,0x0,0x0,0xB5,0xFF,0xFF,0xB5,0x0,0x94,0xFF,0xFF,0xFF,0xFF,0xFF,0x21,0x0,0x0,0x21,0xFF,0xFF,0x4A,0x0,0xFF,0xFF,0xFF,0xFF,0xFF,0xFF,0x94,0x0,0x0,0x0,0x0,
        0x21,0xFF,0xFF,0xFF,0x6B,0x0,0x0,0x0,0x0,0x0,0x0,0x0,0x0,0x0,0x0,0x0,0x0,0x0,0x0,0x21,0xFF,0xDE,0x21,0x0,0x4A,0xFF,0xFF,0xFF,0xFF,0xFF,0x6B,0x4A,0xFF,0xFF,0xFF,0xFF,0xB5,0x0,0x0,0x21,0xB5,0xFF,0xDE,0x0,0x0,0xDE,0xFF,0xFF,0xFF,0xFF,0xFF,0x6B,0x0,0x0,0x0,0x0,
        0x0,0x6B,0xDE,0x21,0x0,0x0,0x0,0x0,0x0,0x0,0x0,0x0,0x0,0x0,0x0,0x0,0x0,0x0,0x0,0x21,0xFF,0xFF,0xFF,0xFF,0xFF,0xFF,0xFF,0xFF,0xFF,0xFF,0xFF,0x4A,0x94,0xB5,0xFF,0x6B,0x0,0x0,0x4A,0xFF,0xFF,0xFF,0x4A,0x4A,0xDE,0xFF,0xFF,0xFF,0xFF,0xFF,0x94,0x0,0x0,0x0,0x0,0x0,
        0x0,0x0,0x0,0x0,0x0,0x0,0x0,0x0,0x0,0x0,0x0,0x0,0x0,0x0,0x0,0x0,0x0,0x0,0x0,0x6B,0xFF,0xFF,0xFF,0xFF,0xFF,0xFF,0xFF,0xFF,0xFF,0xFF,0xFF,0xDE,0xB5,0x21,0x0,0x6B,0xDE,0x94,0xDE,0x4A,0x4A,0x0,0x94,0xFF,0xFF,0xFF,0xFF,0xFF,0xFF,0xFF,0x6B,0x0,0x0,0x0,0x0,0x0,
        0x0,0x0,0x0,0x0,0x0,0x0,0x0,0x0,0x0,0x0,0x0,0x0,0x0,0x0,0x0,0x0,0x0,0x0,0x21,0xDE,0xDE,0xFF,0xFF,0xFF,0xFF,0xFF,0xFF,0xFF,0xFF,0xFF,0xFF,0xFF,0xFF,0xDE,0x94,0xFF,0xFF,0x94,0x0,0x0,0x21,0xB5,0xFF,0xFF,0xFF,0xFF,0xFF,0xFF,0xFF,0x94,0x0,0x0,0x0,0x0,0x0,0x0,
        0x0,0x0,0x0,0x0,0x0,0x0,0x0,0x0,0x0,0x0,0x0,0x0,0x0,0x0,0x0,0x0,0x0,0x4A,0xFF,0x6B,0x0,0x21,0xDE,0xFF,0x94,0xFF,0xFF,0xFF,0xFF,0xFF,0xFF,0xFF,0xB5,0xB5,0x94,0x21,0x6B,0x0,0x0,0x4A,0xFF,0xFF,0xFF,0xFF,0xFF,0xFF,0xFF,0xFF,0x4A,0x0,0x0,0x0,0x0,0x0,0x0,0x0,
        0x0,0x0,0x0,0x0,0x0,0x0,0x0,0x0,0x0,0x0,0x0,0x0,0x0,0x0,0x0,0x0,0x0,0x4A,0x4A,0x0,0x0,0x21,0xDE,0x21,0x4A,0xFF,0xB5,0xFF,0x4A,0xDE,0xFF,0x94,0x0,0x0,0x0,0x0,0x21,0x0,0x94,0xFF,0xFF,0xB5,0x4A,0x94,0xDE,0x4A,0x4A,0x0,0x0,0x0,0x0,0x0,0x0,0x0,0x0,0x0,
        0x0,0x0,0x0,0x0,0x0,0x0,0x0,0x0,0x0,0x0,0x0,0x0,0x0,0x0,0x0,0x0,0x4A,0xFF,0x4A,0x0,0x0,0x0,0x0,0x94,0xDE,0x21,0x0,0x0,0x94,0xFF,0x4A,0x0,0x0,0x0,0x0,0xB5,0xFF,0xDE,0xDE,0xFF,0x6B,0x0,0x0,0x0,0x0,0x0,0x0,0x0,0x0,0x0,0x0,0x0,0x0,0x0,0x0,0x0,
        0x0,0x0,0x0,0x0,0x0,0x0,0x0,0x0,0x0,0x0,0x0,0x0,0x0,0x0,0x0,0x0,0x0,0x0,0x0,0x0,0x0,0x21,0xDE,0x94,0x0,0x0,0x0,0x0,0x94,0x0,0x0,0x0,0x0,0x4A,0xDE,0xFF,0xFF,0x6B,0x0,0x21,0x0,0x0,0x0,0x0,0x0,0x0,0x0,0x0,0x0,0x0,0x0,0x0,0x0,0x0,0x0,0x0,
        0x0,0x0,0x0,0x0,0x0,0x0,0x0,0x0,0x0,0x0,0x0,0x0,0x0,0x0,0x0,0x0,0x0,0x0,0x0,0x0,0x4A,0xFF,0x6B,0x0,0x0,0x0,0x0,0x94,0xDE,0xB5,0x6B,0xFF,0xDE,0xFF,0x4A,0xB5,0x21,0x0,0x0,0x0,0x0,0x0,0x0,0x0,0x0,0x0,0x0,0x0,0x0,0x0,0x0,0x0,0x0,0x0,0x0,0x0,
        0x0,0x0,0x0,0x0,0x0,0x0,0x0,0x0,0x0,0x0,0x0,0x0,0x0,0x0,0x0,0x0,0x0,0x0,0x0,0x0,0x4A,0x21,0x0,0x0,0x6B,0x21,0xDE,0xFF,0xFF,0xFF,0xFF,0xFF,0xB5,0x0,0x0,0x0,0x0,0x0,0x0,0x0,0x0,0x0,0x0,0x0,0x0,0x0,0x0,0x0,0x0,0x0,0x0,0x0,0x0,0x0,0x0,0x0,
        0x0,0x0,0x0,0x0,0x0,0x0,0x0,0x0,0x0,0x0,0x0,0x0,0x0,0x0,0x0,0x0,0x0,0x4A,0xDE,0x94,0xFF,0xDE,0xFF,0xDE,0xFF,0xFF,0xFF,0xFF,0xFF,0xFF,0xFF,0xDE,0x0,0x0,0x0,0x0,0x0,0x0,0x0,0x0,0x0,0x0,0x0,0x0,0x0,0x0,0x0,0x0,0x0,0x0,0x0,0x0,0x0,0x0,0x0,0x0,
        0x0,0x0,0x0,0x0,0x0,0x0,0x0,0x0,0x0,0x0,0x0,0x0,0x0,0x0,0x0,0x0,0x94,0xFF,0xFF,0xFF,0xFF,0xFF,0xFF,0xFF,0xFF,0xFF,0xFF,0xFF,0xFF,0xFF,0xFF,0xFF,0xFF,0xDE,0xB5,0x94,0x0,0x0,0x0,0x0,0x0,0x0,0x0,0x0,0x0,0x0,0x0,0x0,0x0,0x0,0x0,0x0,0x0,0x0,0x0,0x0,
        0x0,0x0,0x0,0x0,0x0,0x0,0x0,0x0,0x0,0x0,0x0,0x0,0x0,0x0,0x21,0xB5,0xFF,0xFF,0x94,0x94,0x94,0xDE,0xFF,0xFF,0xFF,0xFF,0xFF,0xFF,0xFF,0xFF,0xFF,0xFF,0xFF,0xB5,0x0,0x6B,0xB5,0x0,0x0,0x0,0x0,0x0,0x0,0x0,0x0,0x0,0x0,0x0,0x0,0x0,0x0,0x0,0x0,0x0,0x0,0x0,
        0x0,0x0,0x0,0x0,0x0,0x0,0x0,0x0,0x0,0x0,0x0,0x0,0x0,0x4A,0xFF,0xFF,0xFF,0xB5,0x0,0x0,0x0,0x0,0x21,0x21,0x21,0x6B,0x94,0xB5,0xDE,0xFF,0xB5,0xB5,0x6B,0x0,0x0,0x0,0x0,0x0,0x0,0x0,0x0,0x0,0x0,0x0,0x0,0x0,0x0,0x0,0x0,0x0,0x0,0x0,0x0,0x0,0x0,0x0,
        0x0,0x0,0x0,0x0,0x0,0x0,0x0,0x0,0x0,0x0,0x0,0x0,0x94,0xFF,0xFF,0xFF,0xFF,0x6B,0x0,0xB5,0x94,0x0,0x0,0x0,0x0,0x0,0x0,0x0,0x0,0x21,0x0,0x0,0x0,0x0,0x0,0x0,0x0,0x0,0x0,0x0,0x0,0x0,0x0,0x0,0x0,0x0,0x0,0x0,0x0,0x0,0x0,0x0,0x0,0x0,0x0,0x0,
        0x0,0x0,0x0,0x0,0x0,0x0,0x0,0x0,0x0,0x0,0x0,0x4A,0xFF,0xFF,0xFF,0xFF,0xB5,0x4A,0xFF,0x6B,0x0,0x6B,0x0,0x0,0x0,0x0,0x0,0x0,0x0,0x0,0x0,0x0,0x0,0x0,0x0,0x0,0x0,0x0,0x0,0x0,0x0,0x0,0x0,0x0,0x0,0x0,0x0,0x0,0x0,0x0,0x0,0x0,0x0,0x0,0x0,0x0,
        0x0,0x0,0x0,0x0,0x0,0x0,0x0,0x0,0x0,0x0,0x0,0x0,0x94,0xFF,0xFF,0xFF,0xFF,0xFF,0xB5,0x4A,0xFF,0xFF,0x4A,0x0,0x0,0x0,0x0,0x0,0x0,0x0,0x0,0x0,0x0,0x0,0x0,0x0,0x0,0x0,0x0,0x0,0x0,0x0,0x0,0x0,0x0,0x0,0x0,0x0,0x0,0x0,0x0,0x0,0x0,0x0,0x0,0x0,
        0x0,0x0,0x0,0x0,0x0,0x0,0x0,0x0,0x0,0x0,0x0,0x0,0x0,0xDE,0xFF,0xFF,0xB5,0xFF,0x6B,0x94,0x4A,0x21,0x0,0x0,0x0,0x0,0x0,0x0,0x0,0x0,0x0,0x0,0x0,0x0,0x0,0x0,0x0,0x0,0x0,0x0,0x0,0x0,0x0,0x0,0x0,0x0,0x0,0x0,0x0,0x0,0x0,0x0,0x0,0x0,0x0,0x0,
        0x0,0x0,0x0,0x0,0x0,0x0,0x0,0x0,0x0,0x0,0x0,0x0,0x0,0x0,0x0,0x4A,0x0,0x0,0x0,0x0,0x0,0x0,0x0,0x0,0x0,0x0,0x0,0x0,0x0,0x0,0x0,0x0,0x0,0x0,0x0,0x0,0x0,0x0,0x0,0x0,0x0,0x0,0x0,0x0,0x0,0x0,0x0,0x0,0x0,0x0,0x0,0x0,0x0,0x0,0x0,0x0,
        0x0,0x0,0x0,0x0,0x0,0x0,0x0,0x0,0x0,0x0,0x0,0x0,0x0,0x0,0x0,0x0,0x0,0x0,0x0,0x0,0x0,0x0,0x0,0x0,0x0,0x0,0x0,0x0,0x0,0x0,0x0,0x0,0x0,0x0,0x0,0x0,0x0,0x0,0x0,0x0,0x0,0x0,0x0,0x0,0x0,0x0,0x0,0x0,0x0,0x0,0x0,0x0,0x0,0x0,0x0,0x0,
        0x0,0x0,0x0,0x0,0x0,0x0,0x0,0x0,0x0,0x0,0x0,0x0,0x0,0x0,0x0,0x0,0x0,0x0,0x0,0x0,0x0,0x0,0x0,0x0,0x0,0x0,0x0,0x0,0x0,0x0,0x0,0x0,0x0,0x0,0x0,0x0,0x0,0x0,0x0,0x0,0x0,0x0,0x0,0x0,0x0,0x0,0x0,0x0,0x0,0x0,0x0,0x0,0x0,0x0,0x0,0x0
    }
};

const gfx_sprite_t sprite_gaster_blaster_3_18 = {
    .width = 56,
    .height = 56,
    .data = {
        0x0,0x0,0x0,0x0,0x0,0x0,0x0,0x0,0x0,0x0,0x0,0x0,0x0,0x0,0x0,0x0,0x0,0x0,0x0,0x0,0x0,0x0,0x0,0x0,0x0,0x0,0x0,0x0,0x0,0x0,0x0,0x0,0x0,0x0,0x0,0x0,0x0,0x0,0x0,0x0,0x0,0x0,0x0,0x0,0x0,0x0,0x0,0x0,0x0,0x0,0x0,0x0,0x0,0x0,0x0,0x0,
        0x0,0x0,0x0,0x0,0x0,0x0,0x0,0x0,0x0,0x0,0x0,0x0,0x0,0x0,0x0,0x0,0x0,0x0,0x0,0x0,0x0,0x0,0x0,0x0,0x0,0x0,0x21,0x21,0x4A,0x94,0xB5,0x6B,0x0,0x0,0x0,0x0,0x0,0x0,0x0,0x0,0x0,0x0,0x0,0x0,0x0,0x0,0x0,0x0,0x0,0x0,0x0,0x0,0x0,0x0,0x0,0x0,
        0x0,0x0,0x0,0x0,0x0,0x0,0x0,0x0,0x0,0x0,0x0,0x0,0x0,0x0,0x0,0x0,0x0,0x0,0x0,0x0,0x0,0x0,0x0,0x0,0x6B,0xDE,0xFF,0xFF,0xFF,0xDE,0xB5,0xB5,0x0,0x0,0x0,0x0,0x0,0x0,0x0,0x0,0x0,0x0,0x0,0x0,0x0,0x0,0x0,0x0,0x0,0x0,0x0,0x0,0x0,0x0,0x0,0x0,
        0x0,0x0,0x0,0x0,0x0,0x0,0x0,0x0,0x0,0x0,0x0,0x0,0x0,0x0,0x0,0x0,0x0,0x0,0x0,0x0,0x0,0x0,0x21,0x4A,0xFF,0xFF,0xFF,0x94,0x21,0x0,0x0,0x0,0x0,0x0,0x0,0x0,0x0,0x0,0x0,0x0,0x0,0x0,0x0,0x0,0x0,0x0,0x0,0x0,0x0,0x0,0x0,0x0,0x0,0x0,0x0,0x0,
        0x0,0x0,0x0,0x0,0x0,0x0,0x0,0x0,0x0,0x0,0x0,0x0,0x0,0x0,0x0,0x0,0x0,0x0,0x0,0x0,0x0,0x21,0xFF,0xFF,0xFF,0x94,0x21,0x0,0x0,0x0,0x0,0x0,0x0,0x0,0x0,0x0,0x0,0x0,0x0,0x0,0x0,0x0,0x21,0x0,0x0,0x0,0x0,0x0,0x0,0x0,0x0,0x0,0x0,0x0,0x0,0x0,
        0x0,0x0,0x0,0x0,0x0,0x0,0x0,0x0,0x0,0x0,0x0,0x0,0x0,0x0,0x0,0x0,0x0,0x0,0x0,0x21,0xFF,0xFF,0xFF,0xFF,0xFF,0x21,0x0,0x0,0x21,0x21,0x21,0x0,0x0,0x0,0x0,0x0,0x0,0x0,0x0,0x0,0x0,0x0,0xDE,0x6B,0x0,0x0,0x0,0x0,0x0,0x0,0x0,0x0,0x0,0x0,0x0,0x0,
        0x0,0x0,0x0,0x0,0x0,0x0,0x0,0x0,0x0,0x0,0x0,0x0,0x0,0x0,0x0,0x0,0x0,0x21,0xFF,0xFF,0xFF,0xFF,0xFF,0xFF,0xFF,0xFF,0xB5,0xDE,0xFF,0xFF,0xFF,0xB5,0xDE,0x4A,0x94,0x0,0x4A,0x4A,0x6B,0xB5,0xDE,0xDE,0x94,0x0,0x0,0xDE,0x0,0x0,0x0,0x0,0x0,0x0,0x0,0x0,0x0,0x0,
        0x0,0x0,0x0,0x0,0x0,0x0,0x0,0x0,0x0,0x0,0x0,0x0,0x0,0x0,0x0,0x0,0x0,0xDE,0xFF,0xFF,0xFF,0xFF,0xFF,0xFF,0xFF,0xFF,0xFF,0xFF,0xFF,0xFF,0xFF,0xFF,0xFF,0xFF,0xFF,0xFF,0xFF,0xFF,0xFF,0xFF,0xFF,0xDE,0x0,0x0,0x94,0x94,0x0,0x0,0x0,0x0,0x0,0x0,0x0,0x0,0x0,0x0,
        0x0,0x0,0x0,0x0,0x0,0x0,0x0,0x0,0x0,0x0,0x0,0x0,0x0,0x0,0x0,0x0,0x94,0xFF,0xFF,0xFF,0xFF,0xFF,0xFF,0xFF,0xFF,0xFF,0xFF,0xFF,0xFF,0xFF,0xFF,0xFF,0xFF,0xFF,0xFF,0xFF,0xFF,0xFF,0xFF,0xFF,0xFF,0x21,0x0,0x6B,0xFF,0x0,0x0,0x0,0x0,0x0,0x0,0x0,0x0,0x0,0x0,0x0,
        0x0,0x0,0x0,0x0,0x0,0x0,0x0,0x0,0x0,0x0,0x0,0x0,0x0,0x0,0x0,0x21,0xFF,0xFF,0xFF,0xFF,0xFF,0xFF,0xFF,0xFF,0xFF,0xFF,0xFF,0xFF,0xFF,0xFF,0xFF,0xFF,0xFF,0xFF,0xFF,0xFF,0xFF,0xFF,0xFF,0xFF,0x6B,0x0,0x21,0xFF,0xFF,0x4A,0x0,0x0,0x0,0x0,0x0,0x0,0x0,0x0,0x0,0x0,
        0x0,0x0,0x0,0x0,0x0,0x0,0x0,0x0,0x0,0x0,0x0,0x0,0x0,0x0,0x0,0x0,0xDE,0xFF,0xFF,0xFF,0xFF,0xFF,0xFF,0xDE,0xFF,0xFF,0xFF,0xFF,0xFF,0xFF,0xFF,0xFF,0xFF,0xFF,0xFF,0xFF,0xFF,0xFF,0xFF,0xB5,0x0,0x0,0xB5,0xFF,0xFF,0x4A,0x0,0x0,0x0,0x0,0x0,0x0,0x0,0x0,0x0,0x0,
        0x0,0x0,0x0,0x0,0x0,0x0,0x0,0x0,0x0,0x0,0x0,0x0,0x0,0x0,0x0,0x6B,0xFF,0xFF,0xFF,0xFF,0x6B,0x6B,0x4A,0x21,0xDE,0xFF,0xFF,0xFF,0xFF,0xFF,0xFF,0xFF,0xFF,0xFF,0xFF,0xFF,0xFF,0xFF,0xFF,0x0,0x0,0x94,0xFF,0xFF,0xFF,0x6B,0x0,0x0,0x0,0x0,0x0,0x0,0x0,0x0,0x0,0x0,
        0x0,0x0,0x0,0x0,0x0,0x0,0x0,0x0,0x0,0x0,0x0,0x0,0x0,0x0,0x0,0x4A,0xFF,0xFF,0xFF,0xB5,0x0,0x0,0xB5,0xFF,0xFF,0xFF,0xFF,0xFF,0xFF,0xFF,0xFF,0xFF,0xFF,0xFF,0xFF,0xFF,0xFF,0xFF,0x4A,0x0,0x4A,0xFF,0xFF,0xFF,0xFF,0xB5,0x0,0x0,0x0,0x0,0x0,0x0,0x0,0x0,0x0,0x0,
        0x0,0x0,0x0,0x0,0x0,0x0,0x0,0x0,0x0,0x0,0x0,0x0,0x0,0x0,0x0,0x4A,0xFF,0xFF,0xFF,0x0,0x6B,0x94,0xFF,0xFF,0xFF,0xFF,0xFF,0xFF,0xFF,0xFF,0xFF,0xFF,0xFF,0xFF,0xFF,0xFF,0x4A,0x21,0x0,0x0,0xFF,0xFF,0xFF,0xFF,0xFF,0xFF,0x0,0x0,0x0,0x0,0x0,0x0,0x0,0x0,0x0,0x0,
        0x0,0x0,0x0,0x0,0x0,0x0,0x0,0x0,0x0,0x0,0x0,0x0,0x0,0x0,0x0,0x4A,0xFF,0xFF,0x4A,0x6B,0xFF,0xFF,0xFF,0xFF,0xFF,0xFF,0xFF,0xFF,0xFF,0xFF,0xFF,0xFF,0xFF,0xFF,0xFF,0x94,0x0,0x0,0x0,0x94,0xFF,0xFF,0xFF,0xFF,0xFF,0xDE,0x0,0x0,0x0,0x0,0x0,0x0,0x0,0x0,0x0,0x0,
        0x0,0x0,0x0,0x0,0x0,0x0,0x0,0x0,0x0,0x0,0x0,0x0,0x0,0x0,0x0,0xDE,0xFF,0x94,0x21,0xFF,0xFF,0x94,0x6B,0x94,0xFF,0xFF,0xFF,0xFF,0xFF,0xFF,0xFF,0xFF,0xFF,0xFF,0xDE,0x0,0x0,0x0,0x0,0x4A,0xFF,0xFF,0xFF,0xFF,0xFF,0xFF,0xFF,0x0,0x0,0x0,0x0,0x0,0x0,0x0,0x0,0x0,
        0x0,0x0,0x0,0x0,0x0,0x0,0x0,0x0,0x0,0x0,0x0,0x0,0x0,0x0,0x94,0xFF,0xDE,0x0,0x0,0xDE,0x94,0x0,0x0,0x0,0x4A,0xFF,0xFF,0xFF,0xFF,0xFF,0xFF,0xFF,0xFF,0xFF,0x21,0x0,0x0,0x0,0x0,0xDE,0xFF,0xFF,0xFF,0xFF,0xFF,0xFF,0xDE,0x0,0x0,0x0,0x0,0x6B,0x21,0x0,0x0,0x0,
        0x0,0x0,0x0,0x0,0x0,0x0,0x0,0x0,0x0,0x0,0x0,0x0,0x0,0x0,0xB5,0xFF,0x21,0x0,0x6B,0xB5,0x0,0x0,0x0,0x0,0x21,0xFF,0xFF,0xFF,0xFF,0xFF,0xFF,0xFF,0xFF,0x6B,0x0,0x0,0x0,0x0,0x94,0xFF,0xFF,0xFF,0xFF,0xFF,0xFF,0xFF,0xFF,0xFF,0x0,0x0,0x0,0x6B,0xFF,0x0,0x0,0x0,
        0x0,0x0,0x0,0x0,0x0,0x0,0x0,0x0,0x0,0x0,0x0,0x0,0x0,0x0,0xDE,0x6B,0x0,0x21,0xFF,0x21,0x0,0x0,0x0,0x0,0x0,0xDE,0xFF,0xFF,0xFF,0xFF,0xFF,0xFF,0xB5,0x0,0x0,0x0,0x0,0x6B,0xFF,0xFF,0xFF,0xFF,0xFF,0xFF,0xFF,0xFF,0xFF,0xDE,0x21,0x0,0x0,0x6B,0xFF,0x21,0x0,0x0,
        0x0,0x0,0x0,0x0,0x0,0x0,0x0,0x0,0x4A,0x0,0x0,0x0,0x0,0x94,0xFF,0x4A,0x0,0xDE,0xB5,0x0,0x21,0xDE,0xFF,0xB5,0x0,0xB5,0xFF,0xFF,0xFF,0xFF,0xFF,0xDE,0x0,0x0,0x0,0x0,0x21,0xFF,0xFF,0xFF,0xFF,0xFF,0xFF,0xFF,0xFF,0xFF,0xFF,0xFF,0xFF,0x0,0x0,0x4A,0xFF,0x0,0x0,0x0,
        0x0,0x0,0x0,0x0,0x0,0x0,0x0,0x0,0xB5,0xB5,0x0,0x0,0x4A,0xFF,0xFF,0x21,0x21,0xFF,0xDE,0x0,0xDE,0xFF,0xFF,0xDE,0x0,0x94,0xFF,0xFF,0xFF,0xFF,0xFF,0x4A,0x0,0x0,0x0,0x0,0xDE,0xFF,0xFF,0xFF,0xFF,0xFF,0xFF,0xFF,0xFF,0xFF,0xFF,0xFF,0xFF,0x21,0x0,0x0,0xFF,0x6B,0x0,0x0,
        0x0,0x0,0x0,0x0,0x0,0x0,0x0,0x0,0x0,0x6B,0x0,0x0,0x21,0xFF,0x6B,0x0,0x21,0xFF,0x21,0x94,0xFF,0xFF,0xFF,0xFF,0x21,0x6B,0xFF,0xFF,0xFF,0xFF,0x6B,0x0,0x0,0x0,0x0,0x94,0xFF,0xFF,0xFF,0xFF,0xFF,0xFF,0xFF,0xFF,0xFF,0xFF,0xFF,0xFF,0xFF,0x0,0x0,0x6B,0xFF,0x94,0x0,0x0,
        0x0,0x0,0x0,0x0,0x0,0x0,0x0,0x0,0x4A,0xFF,0x0,0x0,0x94,0xB5,0x0,0x0,0x94,0xDE,0x0,0xB5,0xFF,0xFF,0xFF,0x94,0x21,0xFF,0xFF,0xFF,0xFF,0xB5,0x0,0x0,0x0,0x0,0x4A,0xFF,0xFF,0xFF,0xFF,0xFF,0xFF,0xFF,0xFF,0xFF,0xFF,0xFF,0xFF,0xFF,0xFF,0x6B,0x0,0x6B,0xFF,0x94,0x0,0x0,
        0x0,0x0,0x0,0x0,0x0,0x0,0x0,0x0,0xFF,0xFF,0x4A,0x4A,0xFF,0x0,0x0,0x0,0x4A,0xFF,0xDE,0xB5,0xFF,0xFF,0xDE,0x0,0xDE,0xFF,0xFF,0xFF,0xFF,0x21,0x0,0x0,0x0,0x0,0xFF,0xFF,0xFF,0xFF,0xFF,0xFF,0xFF,0xFF,0xFF,0xFF,0xFF,0xFF,0xFF,0xFF,0xFF,0x94,0x0,0xB5,0xFF,0xB5,0x0,0x0,
        0x0,0x0,0x0,0x0,0x0,0x0,0x0,0x94,0xFF,0xFF,0x6B,0xFF,0xFF,0x4A,0x0,0x21,0xFF,0xFF,0xDE,0x0,0x94,0xFF,0x21,0x21,0xFF,0xFF,0xFF,0xFF,0x4A,0x0,0x0,0x0,0x0,0xB5,0xFF,0xFF,0xFF,0xFF,0xFF,0xFF,0xFF,0xFF,0xFF,0xFF,0xFF,0xFF,0xFF,0xFF,0xFF,0xFF,0xFF,0xFF,0xFF,0x21,0x0,0x0,
        0x0,0x0,0x0,0x0,0x0,0x0,0x0,0x4A,0xFF,0xFF,0xFF,0xFF,0xB5,0x0,0x0,0xB5,0xFF,0xFF,0xFF,0xDE,0x4A,0x21,0x0,0x21,0xFF,0xFF,0xFF,0x94,0x0,0x0,0x0,0x0,0x6B,0xFF,0xFF,0xFF,0xFF,0xFF,0xFF,0xFF,0xFF,0xFF,0xFF,0xFF,0xFF,0xFF,0xFF,0xFF,0xFF,0xFF,0xFF,0xFF,0xB5,0x0,0x0,0x0,
        0x0,0x0,0x0,0x0,0x0,0x0,0x0,0xDE,0xFF,0xFF,0xFF,0xFF,0xDE,0x0,0x6B,0xFF,0xFF,0xFF,0xFF,0xFF,0xFF,0x6B,0x0,0xDE,0xFF,0xFF,0xDE,0x0,0x0,0x0,0x0,0x4A,0xFF,0xFF,0xFF,0xFF,0xFF,0xFF,0xFF,0xFF,0xFF,0xFF,0xFF,0xFF,0xFF,0xDE,0xFF,0xFF,0xFF,0xFF,0xFF,0xFF,0xDE,0x0,0x0,0x0,
        0x0,0x0,0x0,0x0,0x0,0x0,0x0,0xB5,0xFF,0xFF,0xFF,0xFF,0xDE,0x4A,0xFF,0x4A,0xFF,0xFF,0xFF,0xFF,0xFF,0xFF,0xDE,0xFF,0xFF,0xFF,0x21,0x0,0x0,0x0,0x0,0xDE,0xFF,0xFF,0xFF,0xFF,0xFF,0xFF,0xDE,0xDE,0xDE,0xFF,0xFF,0xFF,0xFF,0x4A,0xFF,0xFF,0xFF,0xFF,0xFF,0xFF,0x21,0x0,0x0,0x0,
        0x0,0x0,0x0,0x0,0x0,0x0,0x0,0xB5,0xFF,0xFF,0xFF,0xFF,0xFF,0x4A,0x21,0x6B,0xFF,0xFF,0xFF,0xFF,0xFF,0xFF,0xFF,0xFF,0xB5,0x6B,0x0,0x0,0x0,0x0,0x94,0xFF,0xFF,0xFF,0xFF,0x6B,0x4A,0x21,0x0,0x0,0x0,0xB5,0xFF,0xFF,0xFF,0x21,0xDE,0xFF,0xFF,0xFF,0xFF,0xFF,0x94,0x0,0x0,0x0,
        0x0,0x0,0x0,0x0,0x0,0x0,0x0,0x94,0xFF,0xFF,0xFF,0xFF,0x4A,0x0,0x0,0x94,0xFF,0xFF,0xFF,0xFF,0xFF,0xFF,0xB5,0x6B,0x0,0x0,0x0,0x0,0x0,0x6B,0xFF,0xFF,0xFF,0xFF,0x94,0x21,0x21,0x6B,0x0,0x0,0x0,0x0,0xFF,0xFF,0x6B,0x0,0xDE,0xFF,0xFF,0xFF,0xFF,0xDE,0x0,0x0,0x0,0x0,
        0x0,0x0,0x0,0x0,0x0,0x0,0x0,0x21,0xFF,0xFF,0xFF,0x94,0x0,0x0,0x0,0xB5,0xFF,0xFF,0xFF,0xFF,0xFF,0x6B,0x0,0x0,0x0,0x0,0x0,0x0,0x21,0xFF,0xFF,0xFF,0xFF,0xDE,0x0,0xDE,0xFF,0xFF,0x94,0x0,0x0,0x0,0xDE,0xFF,0x21,0x0,0xB5,0xFF,0xFF,0xFF,0xFF,0xFF,0x21,0x0,0x0,0x0,
        0x0,0x0,0x0,0x0,0x0,0x0,0x0,0x21,0xFF,0xFF,0xFF,0x6B,0x0,0x0,0x6B,0xDE,0x94,0xFF,0xFF,0xFF,0xB5,0x0,0x0,0x0,0x0,0x0,0x0,0x0,0x6B,0xFF,0xFF,0xDE,0x0,0x0,0x94,0xFF,0xFF,0xFF,0x94,0x0,0x0,0x4A,0xFF,0xFF,0x4A,0x94,0xFF,0xFF,0xFF,0xFF,0xFF,0xB5,0x0,0x0,0x0,0x0,
        0x0,0x0,0x0,0x0,0x0,0x0,0x0,0x21,0xFF,0xFF,0xFF,0x6B,0x0,0x21,0xFF,0x21,0xB5,0xFF,0xFF,0xFF,0x0,0x0,0x0,0x0,0x0,0x0,0x0,0x0,0x4A,0xFF,0xFF,0x21,0x0,0x6B,0xFF,0xFF,0xFF,0xFF,0x94,0x0,0x0,0xDE,0xFF,0x94,0x4A,0xFF,0xFF,0xFF,0xFF,0xFF,0xDE,0x0,0x0,0x0,0x0,0x0,
        0x0,0x0,0x0,0x0,0x0,0x0,0x0,0x0,0xDE,0xFF,0xDE,0x0,0x0,0xDE,0x6B,0x6B,0xFF,0xFF,0xFF,0xFF,0x6B,0x0,0x0,0x0,0x0,0x0,0x0,0x0,0xFF,0xFF,0xFF,0x4A,0x0,0xDE,0xFF,0xFF,0xFF,0xDE,0x0,0x0,0xB5,0x94,0x21,0x0,0xFF,0xFF,0xFF,0xFF,0xFF,0xFF,0x4A,0x0,0x0,0x0,0x0,0x0,
        0x0,0x0,0x0,0x21,0xFF,0x4A,0x0,0x0,0x94,0xFF,0xFF,0x21,0x94,0x94,0x0,0x6B,0x4A,0xFF,0xFF,0xFF,0x94,0x0,0x0,0x0,0x0,0x0,0x0,0x0,0x94,0xFF,0xFF,0xFF,0x94,0x0,0xB5,0xDE,0xDE,0x21,0x94,0xB5,0xDE,0x0,0x0,0xB5,0xFF,0xFF,0xFF,0xFF,0x4A,0x21,0x0,0x0,0x0,0x0,0x0,0x0,
        0x0,0x0,0x0,0x0,0xDE,0x6B,0x21,0x0,0x94,0xFF,0xFF,0x94,0xDE,0x0,0x0,0x0,0x0,0xFF,0xFF,0xFF,0xFF,0x6B,0x0,0x0,0x0,0x0,0x0,0x4A,0xFF,0xFF,0xFF,0xFF,0xFF,0xB5,0x21,0x94,0x0,0x6B,0xFF,0xFF,0x21,0x0,0x6B,0xFF,0xFF,0x6B,0x4A,0x4A,0x0,0x0,0x0,0x0,0x0,0x0,0x0,0x0,
        0x0,0x0,0x0,0x6B,0xB5,0x0,0xFF,0x21,0x6B,0xFF,0xDE,0x0,0x0,0x0,0x0,0x0,0x0,0xDE,0xDE,0xB5,0xB5,0x0,0x0,0x4A,0x0,0x0,0x0,0xFF,0xFF,0xFF,0xFF,0xFF,0xFF,0xFF,0xFF,0xFF,0xDE,0xFF,0x94,0x6B,0x0,0x21,0xFF,0xFF,0x4A,0x0,0x0,0x0,0x0,0x0,0x0,0x0,0x0,0x0,0x0,0x0,
        0x0,0x0,0x0,0x0,0x6B,0xB5,0x94,0x0,0x0,0xFF,0xFF,0x21,0x0,0x0,0x0,0x0,0x94,0x94,0x0,0x0,0x0,0x0,0x6B,0xFF,0xB5,0xDE,0xDE,0xFF,0xFF,0xFF,0xFF,0xFF,0xFF,0xFF,0xFF,0xFF,0x94,0x6B,0x0,0x21,0x21,0xDE,0xFF,0x94,0x0,0x0,0x0,0x0,0x0,0x0,0x0,0x0,0x0,0x0,0x0,0x0,
        0x0,0x0,0x0,0xB5,0xFF,0xB5,0x0,0x6B,0xB5,0xFF,0xB5,0x0,0x0,0x0,0x94,0x94,0xB5,0x0,0x0,0x0,0x0,0x0,0x6B,0xFF,0xFF,0xFF,0xFF,0xFF,0xFF,0xFF,0xFF,0xFF,0xFF,0xFF,0xFF,0x6B,0x0,0x0,0x0,0xDE,0xFF,0x94,0x0,0x0,0x0,0x0,0x0,0x0,0x0,0x0,0x0,0x0,0x0,0x0,0x0,0x0,
        0x0,0x0,0x0,0x94,0xFF,0x6B,0xB5,0xFF,0xFF,0xFF,0x0,0x0,0x0,0x0,0xB5,0x0,0x0,0x0,0x0,0x0,0x0,0x0,0x4A,0xFF,0xFF,0xFF,0xFF,0xFF,0xFF,0xFF,0xFF,0xFF,0x94,0xFF,0xB5,0x0,0x0,0x0,0x94,0xFF,0xDE,0x0,0x0,0x0,0x0,0x0,0x0,0x0,0x0,0x0,0x0,0x0,0x0,0x0,0x0,0x0,
        0x0,0x0,0x0,0xDE,0xFF,0xFF,0xFF,0xFF,0xFF,0x4A,0x0,0x0,0x0,0x0,0x0,0x0,0x0,0x0,0x0,0x0,0x0,0x0,0x21,0xFF,0xFF,0xB5,0xFF,0xDE,0x4A,0xFF,0xB5,0x94,0x4A,0xFF,0x0,0x0,0x0,0x4A,0xFF,0xDE,0x21,0x0,0x0,0x0,0x0,0x0,0x0,0x0,0x0,0x0,0x0,0x0,0x0,0x0,0x0,0x0,
        0x0,0x0,0x0,0xDE,0xFF,0xFF,0xFF,0xFF,0x94,0x0,0x0,0x0,0x0,0x0,0x0,0x0,0x0,0x0,0x0,0x0,0x0,0x0,0xDE,0x6B,0x0,0x21,0xFF,0x21,0xB5,0x94,0x0,0x0,0xB5,0x4A,0x0,0x4A,0xDE,0xFF,0x4A,0x0,0x0,0x0,0x0,0x0,0x0,0x0,0x0,0x0,0x0,0x0,0x0,0x0,0x0,0x0,0x0,0x0,
        0x0,0x0,0x0,0xFF,0xFF,0xFF,0xFF,0xDE,0x0,0x0,0x0,0x0,0x0,0x0,0x0,0x0,0x0,0x0,0x0,0x0,0x0,0x4A,0x94,0x0,0x0,0x0,0x21,0x6B,0xDE,0x0,0x0,0x0,0x6B,0x94,0xDE,0xFF,0xFF,0x6B,0x0,0x0,0x0,0x0,0x0,0x0,0x0,0x0,0x0,0x0,0x0,0x0,0x0,0x0,0x0,0x0,0x0,0x0,
        0x0,0x0,0x0,0x21,0xDE,0xFF,0xFF,0x21,0x0,0x0,0x0,0x0,0x0,0x0,0x0,0x0,0x0,0x0,0x0,0x0,0x0,0x21,0xB5,0x0,0x0,0x0,0x21,0xFF,0x21,0x0,0x0,0x21,0xFF,0xFF,0xFF,0xFF,0xDE,0x0,0x21,0x6B,0x94,0x6B,0x0,0x0,0x0,0x0,0x0,0x0,0x0,0x0,0x0,0x0,0x0,0x0,0x0,0x0,
        0x0,0x0,0x0,0x0,0x0,0x94,0x6B,0x0,0x0,0x0,0x0,0x0,0x0,0x0,0x0,0x0,0x0,0x0,0x0,0x0,0x0,0xB5,0x6B,0x0,0x0,0x0,0xDE,0x6B,0x0,0x0,0x0,0xDE,0xFF,0xFF,0xFF,0xFF,0xFF,0xFF,0xFF,0xB5,0x0,0xB5,0x21,0x0,0x0,0x0,0x0,0x0,0x0,0x0,0x0,0x0,0x0,0x0,0x0,0x0,
        0x0,0x0,0x0,0x0,0x0,0x0,0x0,0x0,0x0,0x0,0x0,0x0,0x0,0x0,0x0,0x0,0x0,0x0,0x0,0x0,0x0,0x0,0x0,0x0,0x0,0x4A,0x94,0x0,0x0,0xDE,0xDE,0xFF,0xFF,0xFF,0xFF,0xFF,0xFF,0xFF,0xFF,0x0,0x0,0x0,0x0,0x0,0x0,0x0,0x0,0x0,0x0,0x0,0x0,0x0,0x0,0x0,0x0,0x0,
        0x0,0x0,0x0,0x0,0x0,0x0,0x0,0x0,0x0,0x0,0x0,0x0,0x0,0x0,0x0,0x0,0x0,0x0,0x0,0x0,0x0,0x0,0x0,0x0,0x0,0x21,0xB5,0xDE,0xDE,0xFF,0xFF,0xFF,0xFF,0xFF,0xFF,0xFF,0xFF,0xDE,0x4A,0x0,0x0,0x0,0x0,0x0,0x0,0x0,0x0,0x0,0x0,0x0,0x0,0x0,0x0,0x0,0x0,0x0,
        0x0,0x0,0x0,0x0,0x0,0x0,0x0,0x0,0x0,0x0,0x0,0x0,0x0,0x0,0x0,0x0,0x0,0x0,0x0,0x0,0x0,0x0,0x0,0x0,0xB5,0xDE,0xFF,0xFF,0xFF,0xFF,0xFF,0xFF,0xFF,0xFF,0xFF,0xDE,0x4A,0x0,0x0,0x0,0x0,0x0,0x0,0x0,0x0,0x0,0x0,0x0,0x0,0x0,0x0,0x0,0x0,0x0,0x0,0x0,
        0x0,0x0,0x0,0x0,0x0,0x0,0x0,0x0,0x0,0x0,0x0,0x0,0x0,0x0,0x0,0x0,0x0,0x0,0x0,0x0,0x0,0x0,0x0,0xB5,0xFF,0xFF,0xFF,0xFF,0xDE,0xB5,0x94,0x6B,0x21,0x21,0x21,0x0,0x0,0x0,0x0,0x0,0x0,0x0,0x0,0x0,0x0,0x0,0x0,0x0,0x0,0x0,0x0,0x0,0x0,0x0,0x0,0x0,
        0x0,0x0,0x0,0x0,0x0,0x0,0x0,0x0,0x0,0x0,0x0,0x0,0x0,0x0,0x0,0x0,0x0,0x0,0x0,0x0,0x0,0x0,0x6B,0xFF,0xFF,0x4A,0x21,0x21,0x0,0x0,0x0,0x0,0x0,0x0,0x0,0x0,0x0,0x0,0x0,0x0,0x0,0x0,0x0,0x0,0x0,0x0,0x0,0x0,0x0,0x0,0x0,0x0,0x0,0x0,0x0,0x0,
        0x0,0x0,0x0,0x0,0x0,0x0,0x0,0x0,0x0,0x0,0x0,0x0,0x0,0x0,0x0,0x0,0x0,0x0,0x0,0x0,0x0,0x4A,0xFF,0xFF,0x6B,0x0,0x4A,0x4A,0x0,0x0,0x0,0x0,0x0,0x0,0x0,0x0,0x0,0x0,0x0,0x0,0x0,0x0,0x0,0x0,0x0,0x0,0x0,0x0,0x0,0x0,0x0,0x0,0x0,0x0,0x0,0x0,
        0x0,0x0,0x0,0x0,0x0,0x0,0x0,0x0,0x0,0x0,0x0,0x0,0x0,0x0,0x0,0x0,0x0,0x0,0x0,0x0,0x0,0xDE,0xFF,0xFF,0xB5,0x0,0xFF,0x4A,0x4A,0x0,0x0,0x0,0x0,0x0,0x0,0x0,0x0,0x0,0x0,0x0,0x0,0x0,0x0,0x0,0x0,0x0,0x0,0x0,0x0,0x0,0x0,0x0,0x0,0x0,0x0,0x0,
        0x0,0x0,0x0,0x0,0x0,0x0,0x0,0x0,0x0,0x0,0x0,0x0,0x0,0x0,0x0,0x0,0x0,0x0,0x0,0x0,0xB5,0xFF,0xFF,0xFF,0x21,0xB5,0x94,0x4A,0xFF,0xDE,0x0,0x0,0x0,0x0,0x0,0x0,0x0,0x0,0x0,0x0,0x0,0x0,0x0,0x0,0x0,0x0,0x0,0x0,0x0,0x0,0x0,0x0,0x0,0x0,0x0,0x0,
        0x0,0x0,0x0,0x0,0x0,0x0,0x0,0x0,0x0,0x0,0x0,0x0,0x0,0x0,0x0,0x0,0x0,0x0,0x0,0x6B,0xFF,0xFF,0xFF,0xFF,0xDE,0xFF,0x6B,0xFF,0x4A,0x21,0x0,0x0,0x0,0x0,0x0,0x0,0x0,0x0,0x0,0x0,0x0,0x0,0x0,0x0,0x0,0x0,0x0,0x0,0x0,0x0,0x0,0x0,0x0,0x0,0x0,0x0,
        0x0,0x0,0x0,0x0,0x0,0x0,0x0,0x0,0x0,0x0,0x0,0x0,0x0,0x0,0x0,0x0,0x0,0x0,0x0,0xB5,0xFF,0xFF,0xFF,0xFF,0xFF,0xFF,0x4A,0x21,0x0,0x0,0x0,0x0,0x0,0x0,0x0,0x0,0x0,0x0,0x0,0x0,0x0,0x0,0x0,0x0,0x0,0x0,0x0,0x0,0x0,0x0,0x0,0x0,0x0,0x0,0x0,0x0,
        0x0,0x0,0x0,0x0,0x0,0x0,0x0,0x0,0x0,0x0,0x0,0x0,0x0,0x0,0x0,0x0,0x0,0x0,0x0,0x0,0x6B,0xFF,0xFF,0xFF,0x4A,0x21,0x0,0x0,0x0,0x0,0x0,0x0,0x0,0x0,0x0,0x0,0x0,0x0,0x0,0x0,0x0,0x0,0x0,0x0,0x0,0x0,0x0,0x0,0x0,0x0,0x0,0x0,0x0,0x0,0x0,0x0
    }
};

const gfx_sprite_t sprite_gaster_blaster_3_19 = {
    .width = 56,
    .height = 56,
    .data = {
        0x0,0x0,0x0,0x0,0x0,0x0,0x0,0x0,0x0,0x0,0x0,0x0,0x0,0x0,0x0,0x0,0x0,0x0,0x0,0x0,0x0,0x0,0x0,0x0,0x0,0x0,0x0,0x0,0x0,0x0,0x0,0x0,0x0,0x0,0x0,0x0,0x0,0x0,0x0,0x0,0x0,0x0,0x0,0x0,0x0,0x0,0x0,0x0,0x0,0x0,0x0,0x0,0x0,0x0,0x0,0x0,
        0x0,0x0,0x0,0x0,0x0,0x0,0x0,0x0,0x0,0x0,0x0,0x0,0x0,0x0,0x0,0x0,0x0,0x0,0x0,0x0,0x0,0x0,0x21,0x0,0x0,0x0,0x0,0x0,0x0,0x0,0x0,0x0,0x0,0x0,0x4A,0xB5,0x0,0x0,0x0,0x0,0x0,0x0,0x0,0x0,0x0,0x0,0x0,0x0,0x0,0x0,0x0,0x0,0x0,0x0,0x0,0x0,
        0x0,0x0,0x0,0x0,0x0,0x0,0x0,0x0,0x0,0x0,0x0,0x0,0x0,0x0,0x0,0x0,0x0,0x0,0x0,0x0,0x4A,0x94,0xFF,0xB5,0x0,0x0,0x0,0x0,0x0,0x0,0x0,0x0,0x0,0x0,0xB5,0x6B,0x0,0x94,0x94,0x0,0x0,0x0,0x0,0x0,0x0,0x0,0x0,0x0,0x0,0x0,0x0,0x0,0x0,0x0,0x0,0x0,
        0x0,0x0,0x0,0x0,0x0,0x0,0x0,0x0,0x0,0x0,0x0,0x0,0x0,0x0,0x0,0x0,0x0,0x0,0x21,0xB5,0xFF,0xDE,0x6B,0x0,0x0,0x0,0x0,0x0,0x0,0x0,0x0,0x0,0x0,0xB5,0xFF,0x0,0x0,0xDE,0x21,0x0,0x0,0x0,0x0,0x0,0x0,0x0,0x0,0x0,0x0,0x0,0x0,0x0,0x0,0x0,0x0,0x0,
        0x0,0x0,0x0,0x0,0x0,0x0,0x0,0x0,0x0,0x0,0x0,0x0,0x0,0x0,0x0,0x0,0x21,0x94,0xFF,0xFF,0x4A,0x0,0x0,0x0,0x0,0x0,0x0,0x0,0x0,0x0,0x4A,0x94,0xFF,0xFF,0xB5,0x0,0x21,0xFF,0x0,0x0,0x0,0x0,0x0,0x0,0x0,0x0,0x0,0x0,0x0,0x0,0x0,0x0,0x0,0x0,0x0,0x0,
        0x0,0x0,0x0,0x0,0x0,0x0,0x0,0x0,0x0,0x0,0x0,0x0,0x0,0x0,0x0,0x0,0x6B,0xFF,0xFF,0xB5,0x0,0x0,0x0,0x0,0x0,0x0,0x0,0x6B,0x21,0xB5,0xFF,0xFF,0xFF,0xFF,0x6B,0x0,0x6B,0xFF,0x94,0x0,0x0,0x0,0x0,0x0,0x0,0x0,0x0,0x0,0x0,0x0,0x0,0x0,0x0,0x0,0x0,0x0,
        0x0,0x0,0x0,0x0,0x0,0x0,0x0,0x0,0x0,0x0,0x0,0x0,0x0,0x0,0x0,0x0,0xDE,0xFF,0x4A,0x0,0x0,0x21,0x6B,0x94,0x94,0xFF,0xDE,0xFF,0xFF,0xFF,0xFF,0xFF,0xFF,0xFF,0x0,0x0,0xDE,0xFF,0xFF,0x21,0x0,0x0,0x0,0x0,0x0,0x0,0x0,0x0,0x0,0x0,0x0,0x0,0x0,0x0,0x0,0x0,
        0x0,0x0,0x0,0x0,0x0,0x0,0x0,0x0,0x0,0x0,0x0,0x0,0x0,0x0,0x21,0xFF,0xFF,0xFF,0x0,0x0,0x6B,0xFF,0xFF,0xFF,0xFF,0xFF,0xFF,0xFF,0xFF,0xFF,0xFF,0xFF,0xFF,0xB5,0x0,0x21,0xFF,0xFF,0xFF,0xB5,0x0,0x0,0x0,0x0,0x0,0x0,0x0,0x0,0x0,0x0,0x0,0x0,0x0,0x0,0x0,0x0,
        0x0,0x0,0x0,0x0,0x0,0x0,0x0,0x0,0x0,0x0,0x0,0x0,0x0,0x4A,0xB5,0xFF,0xFF,0xFF,0xFF,0xDE,0xFF,0xFF,0xFF,0xFF,0xFF,0xFF,0xFF,0xFF,0xFF,0xFF,0xFF,0xFF,0xFF,0x6B,0x0,0x6B,0xFF,0xFF,0xFF,0xFF,0x21,0x0,0x0,0x0,0x0,0x0,0x0,0x0,0x0,0x0,0x0,0x0,0x0,0x0,0x0,0x0,
        0x0,0x0,0x0,0x0,0x0,0x0,0x0,0x0,0x0,0x0,0x0,0x0,0x0,0xDE,0xFF,0xFF,0xFF,0xFF,0xFF,0xFF,0xFF,0xFF,0xFF,0xFF,0xFF,0xFF,0xFF,0xFF,0xFF,0xFF,0xFF,0xFF,0xFF,0x0,0x0,0xDE,0xFF,0xFF,0xFF,0xFF,0x94,0x0,0x0,0x0,0x0,0x0,0x0,0x0,0x0,0x0,0x0,0x0,0x0,0x0,0x0,0x0,
        0x0,0x0,0x0,0x0,0x0,0x0,0x0,0x0,0x0,0x0,0x0,0x4A,0xDE,0xFF,0xFF,0xFF,0xFF,0xFF,0xFF,0xFF,0xFF,0xFF,0xFF,0xFF,0xFF,0xFF,0xFF,0xFF,0xFF,0xFF,0xFF,0xFF,0xDE,0x0,0x21,0xFF,0xFF,0xFF,0xFF,0xFF,0xFF,0xDE,0x21,0x0,0x0,0x0,0x6B,0xFF,0x4A,0x0,0x0,0x0,0x0,0x0,0x0,0x0,
        0x0,0x0,0x0,0x0,0x0,0x0,0x0,0x0,0x0,0x0,0x0,0x94,0xFF,0xFF,0xFF,0xFF,0xFF,0xFF,0xFF,0xFF,0xFF,0xFF,0xFF,0xFF,0xFF,0xFF,0xFF,0xFF,0xFF,0xFF,0xFF,0x6B,0x21,0x0,0x6B,0xFF,0xFF,0xFF,0xFF,0xFF,0xFF,0xFF,0x94,0x21,0x0,0x0,0x0,0xDE,0xB5,0x0,0x0,0x0,0x0,0x0,0x0,0x0,
        0x0,0x0,0x0,0x0,0x0,0x0,0x0,0x0,0x0,0x0,0x0,0xFF,0xFF,0xFF,0xFF,0xFF,0xFF,0xFF,0xFF,0xFF,0xFF,0xFF,0xFF,0xFF,0xFF,0xFF,0xFF,0xFF,0xFF,0xFF,0xFF,0x0,0x0,0x0,0x0,0xDE,0xFF,0xFF,0xFF,0xFF,0xFF,0xFF,0xFF,0xB5,0x0,0x0,0x0,0x21,0xFF,0x4A,0x0,0x0,0x0,0x0,0x0,0x0,
        0x0,0x0,0x0,0x0,0x0,0x0,0x0,0x0,0x0,0x0,0x21,0xFF,0xFF,0xFF,0xFF,0xFF,0xFF,0xFF,0x4A,0xFF,0xFF,0xFF,0xFF,0xFF,0xFF,0xFF,0xFF,0xFF,0xFF,0xFF,0xB5,0x0,0x0,0x0,0x0,0xFF,0xFF,0xFF,0xFF,0xFF,0xFF,0xFF,0xFF,0xFF,0xDE,0x21,0x0,0x0,0xB5,0xB5,0x0,0x0,0x0,0x0,0x0,0x0,
        0x0,0x0,0x0,0x0,0x0,0x0,0x0,0x0,0x0,0x0,0x6B,0xFF,0xFF,0xFF,0xFF,0xDE,0x6B,0x21,0xDE,0xFF,0xFF,0xFF,0xFF,0xFF,0xFF,0xFF,0xFF,0xFF,0xFF,0xFF,0x6B,0x0,0x0,0x0,0x6B,0xFF,0xFF,0xFF,0xFF,0xFF,0xFF,0xFF,0xFF,0xFF,0xFF,0x94,0x0,0x0,0xB5,0xFF,0x4A,0x0,0x0,0x0,0x0,0x0,
        0x0,0x0,0x0,0x0,0x0,0x0,0x0,0x0,0x0,0x0,0x0,0xDE,0xFF,0xFF,0xFF,0x6B,0x0,0x94,0xFF,0xFF,0xFF,0xFF,0xFF,0xFF,0xFF,0xFF,0xFF,0xFF,0xFF,0xFF,0x0,0x0,0x0,0x0,0xB5,0xFF,0xFF,0xFF,0xFF,0xFF,0xFF,0xFF,0xFF,0xFF,0xFF,0xFF,0x0,0x0,0x94,0xFF,0xDE,0x0,0x0,0x0,0x0,0x0,
        0x0,0x0,0x0,0x0,0x0,0x0,0x0,0x0,0x0,0x0,0x21,0xFF,0xFF,0xFF,0xFF,0x0,0x4A,0xDE,0xFF,0xFF,0xFF,0xFF,0xFF,0xFF,0xFF,0xFF,0xFF,0xFF,0xFF,0xDE,0x0,0x0,0x0,0x0,0xFF,0xFF,0xFF,0xFF,0xFF,0xFF,0xFF,0xFF,0xFF,0xFF,0xFF,0xFF,0x94,0x0,0x4A,0xFF,0xDE,0x0,0x0,0x0,0x0,0x0,
        0x0,0x0,0x0,0x0,0x0,0x0,0x0,0x0,0x0,0x0,0x0,0x94,0xFF,0xFF,0xB5,0x21,0xFF,0xFF,0xFF,0xB5,0xFF,0xFF,0xFF,0xFF,0xFF,0xFF,0xFF,0xFF,0xFF,0x6B,0x0,0x0,0x0,0x4A,0xFF,0xFF,0xFF,0xFF,0xFF,0xFF,0xFF,0xFF,0xFF,0xFF,0xFF,0xFF,0xFF,0xB5,0xDE,0xFF,0x6B,0x0,0x0,0x0,0x0,0x0,
        0x0,0x0,0x0,0x0,0x0,0x0,0x0,0x0,0x0,0x0,0x0,0x21,0xDE,0xFF,0x6B,0x94,0xFF,0x94,0x4A,0x0,0x0,0x94,0xFF,0xFF,0xFF,0xFF,0xFF,0xFF,0xFF,0x21,0x0,0x0,0x0,0xB5,0xFF,0xFF,0xFF,0xFF,0xFF,0xFF,0xFF,0xFF,0xFF,0xFF,0xFF,0xFF,0xFF,0xFF,0xFF,0xFF,0xB5,0x0,0x0,0x0,0x0,0x0,
        0x0,0x0,0x0,0x0,0x0,0x0,0x0,0x0,0x0,0x0,0x0,0x0,0xFF,0xFF,0x0,0x6B,0xFF,0x21,0x0,0x0,0x0,0x21,0xDE,0xFF,0xFF,0xFF,0xFF,0xFF,0xDE,0x0,0x0,0x0,0x0,0xFF,0xFF,0xFF,0xFF,0xFF,0xFF,0xFF,0xFF,0xFF,0xFF,0xFF,0xFF,0xFF,0xFF,0xFF,0xFF,0xFF,0xDE,0x0,0x0,0x0,0x0,0x0,
        0x0,0x0,0x0,0x0,0x0,0x0,0x0,0x0,0x0,0x0,0x0,0x4A,0xFF,0xB5,0x0,0x21,0xFF,0x0,0x0,0x0,0x0,0x0,0x94,0xFF,0xFF,0xFF,0xFF,0xFF,0x6B,0x0,0x0,0x0,0x4A,0xFF,0xFF,0xFF,0xFF,0xFF,0xFF,0xFF,0xFF,0xFF,0xFF,0xFF,0xFF,0xFF,0xFF,0xFF,0xFF,0xFF,0xDE,0x21,0x0,0x0,0x0,0x0,
        0x0,0x0,0x0,0x0,0x0,0x0,0x0,0x0,0x0,0x0,0x0,0xB5,0xFF,0x6B,0x0,0x6B,0x94,0x0,0x21,0x4A,0xDE,0x6B,0x0,0xFF,0xFF,0xFF,0xFF,0xFF,0x21,0x0,0x0,0x0,0xB5,0xFF,0xFF,0xFF,0xFF,0xFF,0xFF,0xFF,0xFF,0xFF,0xFF,0xFF,0x94,0xFF,0xFF,0xFF,0xFF,0xFF,0xFF,0x4A,0x0,0x0,0x0,0x0,
        0x0,0x0,0x0,0x0,0x0,0x0,0x0,0x0,0x0,0x0,0x0,0x6B,0xFF,0x0,0x0,0xDE,0x4A,0x0,0xB5,0xFF,0xFF,0xB5,0x0,0x6B,0xFF,0xFF,0xFF,0xDE,0x0,0x0,0x0,0x0,0xFF,0xFF,0xFF,0xFF,0xFF,0xFF,0xFF,0xFF,0xFF,0xFF,0xFF,0xDE,0x6B,0xFF,0xFF,0xFF,0xFF,0xFF,0xFF,0x21,0x0,0x0,0x0,0x0,
        0x0,0x0,0x0,0x0,0x0,0x0,0x0,0x0,0x0,0x0,0x0,0x4A,0xDE,0x0,0x21,0xFF,0xFF,0x0,0xFF,0xFF,0xFF,0xFF,0x4A,0xB5,0xFF,0xFF,0xFF,0x6B,0x0,0x0,0x0,0x4A,0xFF,0xFF,0xFF,0xFF,0xFF,0xFF,0xFF,0xFF,0xFF,0xFF,0xFF,0xFF,0x4A,0x94,0xFF,0xFF,0xFF,0xFF,0xFF,0xB5,0x0,0x0,0x0,0x0,
        0x0,0x0,0x0,0x0,0x0,0x0,0x0,0x0,0x0,0x0,0x0,0x94,0xFF,0x6B,0x21,0xDE,0xB5,0x4A,0xFF,0xFF,0xFF,0xFF,0x0,0xFF,0xFF,0xFF,0xFF,0x21,0x0,0x0,0x0,0x94,0xFF,0xFF,0xFF,0xFF,0xFF,0xDE,0xB5,0x21,0x94,0xDE,0xFF,0xFF,0x0,0x0,0xFF,0xFF,0xFF,0xFF,0xFF,0x4A,0x0,0x0,0x0,0x0,
        0x0,0x0,0x0,0x0,0x0,0x0,0x0,0x0,0x0,0x0,0x0,0xFF,0xFF,0x21,0x0,0xB5,0x4A,0x4A,0xFF,0xFF,0xFF,0x94,0x4A,0xFF,0xFF,0xFF,0xDE,0x0,0x0,0x0,0x0,0xFF,0xFF,0xFF,0xFF,0xFF,0x94,0x21,0x0,0x0,0x0,0x6B,0xFF,0xDE,0x21,0x21,0xFF,0xFF,0xFF,0xFF,0xFF,0x0,0x0,0x0,0x0,0x0,
        0x0,0x0,0x0,0x0,0x0,0x0,0x6B,0x94,0x21,0x0,0x0,0xB5,0xDE,0x0,0x0,0xFF,0xDE,0x6B,0xB5,0xFF,0xFF,0x4A,0x0,0xDE,0xFF,0xFF,0x94,0x0,0x0,0x0,0x4A,0xFF,0xFF,0xFF,0xFF,0x0,0x0,0x4A,0x0,0x0,0x0,0x0,0xDE,0xFF,0x6B,0x94,0xFF,0xFF,0xFF,0xFF,0xB5,0x0,0x0,0x0,0x0,0x0,
        0x0,0x0,0x0,0x0,0x0,0x0,0x0,0x6B,0x6B,0x0,0x0,0x94,0x94,0x0,0x0,0x4A,0xFF,0xDE,0x21,0x21,0x6B,0x0,0x0,0xFF,0xFF,0xFF,0x21,0x0,0x0,0x0,0x94,0xFF,0xFF,0xFF,0x94,0x4A,0xB5,0xFF,0xDE,0x0,0x0,0x0,0xFF,0xFF,0x0,0xDE,0xFF,0xFF,0xFF,0x94,0x4A,0x0,0x0,0x0,0x0,0x0,
        0x0,0x0,0x0,0x0,0x0,0x0,0x0,0x0,0xFF,0x0,0x0,0xDE,0x21,0x0,0x0,0xB5,0xFF,0xFF,0xFF,0xDE,0x6B,0x21,0x4A,0xFF,0xFF,0xDE,0x0,0x0,0x0,0x0,0xFF,0xFF,0xFF,0xFF,0x4A,0xB5,0xFF,0xFF,0xFF,0x4A,0x0,0x4A,0xDE,0x6B,0x21,0xFF,0xFF,0xFF,0xFF,0x0,0x0,0x0,0x0,0x0,0x0,0x0,
        0x0,0x0,0x0,0x0,0x0,0x0,0x0,0x4A,0xFF,0x94,0x21,0xFF,0xDE,0x0,0x0,0xFF,0xFF,0xFF,0xFF,0xFF,0xFF,0xFF,0xFF,0xFF,0xFF,0x94,0x0,0x0,0x0,0x4A,0xFF,0xFF,0xFF,0x94,0x0,0xFF,0xFF,0xFF,0xFF,0x21,0x0,0xB5,0x4A,0x0,0x94,0xFF,0xDE,0x94,0x21,0x0,0x0,0x0,0x0,0x0,0x0,0x0,
        0x0,0x0,0x0,0x0,0x0,0x0,0x0,0xB5,0xFF,0xDE,0xB5,0xFF,0x94,0x0,0x4A,0xFF,0xFF,0xFF,0xFF,0xFF,0xFF,0xFF,0xFF,0xFF,0x21,0x0,0x0,0x0,0x0,0x94,0xFF,0xFF,0x94,0x0,0x4A,0xFF,0xFF,0xFF,0xDE,0x0,0x21,0xFF,0x0,0x0,0xDE,0xFF,0x4A,0x0,0x0,0x0,0x0,0x0,0x0,0x0,0x0,0x0,
        0x0,0x0,0x0,0x0,0x0,0x0,0x0,0x94,0xFF,0xFF,0xFF,0xFF,0xDE,0x21,0x94,0x94,0xB5,0xFF,0xFF,0xFF,0xFF,0xFF,0xDE,0x6B,0x0,0x0,0x0,0x0,0x0,0x6B,0xFF,0xFF,0x4A,0x0,0xB5,0xFF,0xFF,0xFF,0x94,0x6B,0xFF,0xB5,0x0,0x21,0xFF,0xFF,0x0,0x0,0x0,0x0,0x0,0x0,0x0,0x0,0x0,0x0,
        0x0,0x0,0x0,0x0,0x0,0x0,0x0,0x4A,0xFF,0xFF,0xFF,0xFF,0xFF,0x6B,0xDE,0x21,0xDE,0xFF,0xFF,0xFF,0xFF,0xFF,0x6B,0x0,0x0,0x0,0x0,0x0,0x0,0x21,0xFF,0xFF,0x94,0x4A,0x0,0x4A,0xB5,0x21,0x0,0xB5,0xFF,0x6B,0x0,0x6B,0xFF,0x94,0x0,0x0,0x0,0x0,0x0,0x0,0x0,0x0,0x0,0x0,
        0x0,0x0,0x0,0x0,0x0,0x0,0x0,0x6B,0xFF,0xFF,0xFF,0xFF,0xFF,0xB5,0x0,0x0,0x94,0xFF,0xFF,0xFF,0xFF,0xFF,0x21,0x0,0x0,0x0,0x0,0x0,0x0,0x4A,0xFF,0xFF,0xFF,0xFF,0xFF,0x94,0x6B,0xFF,0xB5,0xFF,0x0,0x0,0x4A,0xDE,0x6B,0x21,0x0,0x0,0x0,0x0,0x0,0x0,0x0,0x0,0x0,0x0,
        0x0,0x0,0x0,0x0,0x0,0x0,0x0,0x0,0xDE,0xFF,0xFF,0xFF,0xFF,0x6B,0x0,0x0,0x6B,0xFF,0xFF,0xFF,0xFF,0xDE,0x0,0x0,0x0,0x0,0x0,0x0,0x0,0x0,0xDE,0xFF,0xFF,0xFF,0xFF,0xFF,0xFF,0xFF,0xDE,0x6B,0x0,0x21,0xFF,0xFF,0x0,0x0,0x0,0x0,0x0,0x0,0x0,0x0,0x0,0x0,0x0,0x0,
        0x0,0x0,0x0,0x0,0x0,0x0,0x0,0x0,0x4A,0xFF,0xFF,0xFF,0xFF,0x0,0x0,0x0,0xB5,0x4A,0xB5,0xFF,0xFF,0xFF,0x4A,0x0,0x0,0x0,0x0,0x0,0x0,0x0,0xFF,0xFF,0xFF,0xFF,0xFF,0xFF,0xFF,0xFF,0x4A,0x0,0x0,0x94,0xFF,0x94,0x0,0x0,0x0,0x0,0x0,0x0,0x0,0x0,0x0,0x0,0x0,0x0,
        0x0,0x0,0x0,0x0,0x0,0x0,0x0,0x0,0x0,0xB5,0xFF,0xFF,0xFF,0x21,0x0,0x0,0xFF,0x0,0xFF,0xFF,0xFF,0xFF,0x94,0x21,0x0,0x0,0x0,0x0,0x0,0x6B,0xFF,0xFF,0xFF,0xFF,0xFF,0xFF,0xFF,0xFF,0x0,0x0,0x0,0xDE,0xDE,0x4A,0x0,0x0,0x0,0x0,0x0,0x0,0x0,0x0,0x0,0x0,0x0,0x0,
        0x0,0x0,0x0,0x0,0x0,0x0,0x0,0x0,0x0,0x6B,0xFF,0xFF,0xFF,0x6B,0x0,0x6B,0xB5,0x4A,0xDE,0xB5,0xFF,0xFF,0xFF,0xFF,0x0,0x0,0x21,0x0,0x6B,0xDE,0xFF,0xFF,0xFF,0xFF,0xFF,0xDE,0xFF,0xB5,0x0,0x0,0x21,0xDE,0x0,0x0,0x0,0x0,0x0,0x0,0x0,0x0,0x0,0x0,0x0,0x0,0x0,0x0,
        0x0,0x0,0x0,0x0,0x0,0x0,0x0,0x0,0x0,0x0,0xFF,0xFF,0xFF,0x4A,0x0,0xB5,0x4A,0x0,0x21,0x4A,0xFF,0xFF,0xDE,0x94,0x0,0x21,0xFF,0xDE,0xFF,0xFF,0xFF,0xFF,0xFF,0xFF,0xFF,0x4A,0xB5,0x4A,0x0,0x94,0xFF,0x94,0x0,0x0,0x21,0x4A,0x0,0x0,0x0,0x0,0x0,0x0,0x0,0x0,0x0,0x0,
        0x0,0x0,0x0,0x0,0x0,0x0,0x0,0x0,0x0,0x0,0x4A,0xFF,0xFF,0xDE,0x0,0xFF,0x0,0x0,0x0,0x0,0xDE,0x94,0x21,0x0,0x0,0x4A,0xFF,0xFF,0xFF,0xFF,0xFF,0xDE,0xDE,0xDE,0x4A,0x0,0xFF,0x0,0x4A,0xDE,0xFF,0x21,0x0,0x94,0x6B,0xDE,0x6B,0x0,0x0,0x0,0x0,0x0,0x0,0x0,0x0,0x0,
        0x0,0x0,0x0,0x0,0x0,0x0,0x0,0x0,0x0,0x0,0x0,0xB5,0xFF,0xFF,0x94,0x4A,0x0,0x0,0x0,0x21,0xFF,0x0,0x0,0x0,0x0,0x0,0xDE,0xFF,0xFF,0xFF,0xFF,0x6B,0x94,0x94,0x0,0x0,0x4A,0xB5,0xFF,0xFF,0xFF,0x6B,0xFF,0xFF,0x0,0x0,0x0,0x0,0x0,0x0,0x0,0x0,0x0,0x0,0x0,0x0,
        0x0,0x0,0x0,0x0,0x0,0x0,0x0,0xDE,0x94,0x0,0x0,0x4A,0xFF,0xFF,0x4A,0x0,0x0,0x0,0x21,0x6B,0x94,0x0,0x0,0x0,0x0,0x0,0x21,0xFF,0x94,0x0,0xFF,0x21,0xDE,0x21,0x0,0x0,0x94,0xFF,0xFF,0xFF,0xFF,0xFF,0xFF,0xB5,0x0,0x0,0x0,0x0,0x0,0x0,0x0,0x0,0x0,0x0,0x0,0x0,
        0x0,0x0,0x0,0x0,0x0,0x0,0x0,0x6B,0xB5,0x4A,0xB5,0x0,0xDE,0xFF,0xB5,0x0,0x0,0x0,0xDE,0x21,0x0,0x0,0x0,0x0,0x0,0x0,0x6B,0x94,0x0,0x0,0x21,0x21,0xDE,0x0,0x0,0x0,0xFF,0xFF,0xFF,0xFF,0xFF,0xFF,0xFF,0x6B,0x0,0x0,0x0,0x0,0x0,0x0,0x0,0x0,0x0,0x0,0x0,0x0,
        0x0,0x0,0x0,0x0,0x0,0x0,0x0,0xB5,0x6B,0x94,0x6B,0x0,0x6B,0xFF,0xB5,0x0,0x0,0x0,0x94,0x0,0x0,0x0,0x0,0x0,0x0,0x0,0xB5,0x4A,0x0,0x0,0x0,0x6B,0x94,0x0,0x21,0x4A,0xFF,0xFF,0xFF,0xFF,0xFF,0xFF,0x0,0x0,0x0,0x0,0x0,0x0,0x0,0x0,0x0,0x0,0x0,0x0,0x0,0x0,
        0x0,0x0,0x0,0x0,0x0,0x0,0x0,0x4A,0x6B,0xFF,0x21,0x4A,0xDE,0xFF,0x4A,0x0,0x0,0x0,0x0,0x0,0x0,0x0,0x0,0x0,0x0,0x0,0x21,0x94,0x0,0x0,0x0,0xDE,0x4A,0x0,0xB5,0xFF,0xFF,0xFF,0xFF,0xFF,0xDE,0x94,0x0,0x0,0x0,0x0,0x0,0x0,0x0,0x0,0x0,0x0,0x0,0x0,0x0,0x0,
        0x0,0x0,0x0,0x0,0x0,0x0,0x0,0x4A,0xFF,0xDE,0x21,0xFF,0xFF,0xFF,0x0,0x0,0x0,0x0,0x0,0x0,0x0,0x0,0x0,0x0,0x0,0x0,0x4A,0xB5,0x0,0x0,0x0,0xB5,0x0,0x94,0xFF,0xFF,0xFF,0xFF,0xFF,0x6B,0x21,0x0,0x0,0x0,0x0,0x0,0x0,0x0,0x0,0x0,0x0,0x0,0x0,0x0,0x0,0x0,
        0x0,0x0,0x0,0x0,0x0,0x0,0x0,0x21,0xDE,0xFF,0xDE,0xFF,0xFF,0xB5,0x0,0x0,0x0,0x0,0x0,0x0,0x0,0x0,0x0,0x0,0x0,0x0,0x21,0x21,0x0,0x0,0x0,0x6B,0xFF,0xFF,0xFF,0xFF,0xFF,0x94,0x0,0x0,0x0,0x0,0x0,0x0,0x0,0x0,0x0,0x0,0x0,0x0,0x0,0x0,0x0,0x0,0x0,0x0,
        0x0,0x0,0x0,0x0,0x0,0x0,0x0,0x0,0xDE,0xFF,0xFF,0xFF,0xFF,0x6B,0x0,0x0,0x0,0x0,0x0,0x0,0x0,0x0,0x0,0x0,0x0,0x0,0x0,0x0,0x0,0x0,0x4A,0xDE,0xFF,0xFF,0xDE,0x94,0x21,0x0,0x0,0x0,0x0,0x0,0x0,0x0,0x0,0x0,0x0,0x0,0x0,0x0,0x0,0x0,0x0,0x0,0x0,0x0,
        0x0,0x0,0x0,0x0,0x0,0x0,0x0,0x0,0xDE,0xFF,0xFF,0xFF,0xFF,0x0,0x0,0x0,0x0,0x0,0x0,0x0,0x0,0x0,0x0,0x0,0x0,0x0,0x0,0x0,0x0,0x21,0xFF,0xFF,0xFF,0x94,0x0,0x0,0x0,0x0,0x0,0x0,0x0,0x0,0x0,0x0,0x0,0x0,0x0,0x0,0x0,0x0,0x0,0x0,0x0,0x0,0x0,0x0,
        0x0,0x0,0x0,0x0,0x0,0x0,0x0,0x0,0x6B,0xFF,0xFF,0xFF,0xB5,0x0,0x0,0x0,0x0,0x0,0x0,0x0,0x0,0x0,0x0,0x0,0x0,0x0,0x0,0x0,0x0,0x6B,0xFF,0xB5,0x21,0x0,0x0,0x0,0x0,0x0,0x0,0x0,0x0,0x0,0x0,0x0,0x0,0x0,0x0,0x0,0x0,0x0,0x0,0x0,0x0,0x0,0x0,0x0,
        0x0,0x0,0x0,0x0,0x0,0x0,0x0,0x0,0x0,0x21,0x94,0xDE,0x6B,0x0,0x0,0x0,0x0,0x0,0x0,0x0,0x0,0x0,0x0,0x0,0x0,0x0,0x0,0x0,0x0,0xB5,0xFF,0x4A,0x0,0x94,0x6B,0x4A,0x6B,0x0,0x0,0x0,0x0,0x0,0x0,0x0,0x0,0x0,0x0,0x0,0x0,0x0,0x0,0x0,0x0,0x0,0x0,0x0,
        0x0,0x0,0x0,0x0,0x0,0x0,0x0,0x0,0x0,0x0,0x0,0x0,0x0,0x0,0x0,0x0,0x0,0x0,0x0,0x0,0x0,0x0,0x0,0x0,0x0,0x0,0x0,0x0,0x0,0xFF,0xFF,0xFF,0x0,0xDE,0x21,0xDE,0xB5,0x4A,0x0,0x0,0x0,0x0,0x0,0x0,0x0,0x0,0x0,0x0,0x0,0x0,0x0,0x0,0x0,0x0,0x0,0x0,
        0x0,0x0,0x0,0x0,0x0,0x0,0x0,0x0,0x0,0x0,0x0,0x0,0x0,0x0,0x0,0x0,0x0,0x0,0x0,0x0,0x0,0x0,0x0,0x0,0x0,0x0,0x0,0x0,0x6B,0xFF,0xFF,0xB5,0x21,0xDE,0x0,0xFF,0x0,0x0,0x0,0x0,0x0,0x0,0x0,0x0,0x0,0x0,0x0,0x0,0x0,0x0,0x0,0x0,0x0,0x0,0x0,0x0,
        0x0,0x0,0x0,0x0,0x0,0x0,0x0,0x0,0x0,0x0,0x0,0x0,0x0,0x0,0x0,0x0,0x0,0x0,0x0,0x0,0x0,0x0,0x0,0x0,0x0,0x0,0x0,0x0,0xB5,0xFF,0xFF,0xFF,0xDE,0xFF,0x94,0x21,0x0,0x0,0x0,0x0,0x0,0x0,0x0,0x0,0x0,0x0,0x0,0x0,0x0,0x0,0x0,0x0,0x0,0x0,0x0,0x0,
        0x0,0x0,0x0,0x0,0x0,0x0,0x0,0x0,0x0,0x0,0x0,0x0,0x0,0x0,0x0,0x0,0x0,0x0,0x0,0x0,0x0,0x0,0x0,0x0,0x0,0x0,0x0,0x0,0xFF,0xFF,0xFF,0xFF,0xFF,0xDE,0x4A,0x0,0x0,0x0,0x0,0x0,0x0,0x0,0x0,0x0,0x0,0x0,0x0,0x0,0x0,0x0,0x0,0x0,0x0,0x0,0x0,0x0,
        0x0,0x0,0x0,0x0,0x0,0x0,0x0,0x0,0x0,0x0,0x0,0x0,0x0,0x0,0x0,0x0,0x0,0x0,0x0,0x0,0x0,0x0,0x0,0x0,0x0,0x0,0x0,0x6B,0xFF,0xFF,0xFF,0xFF,0xDE,0x0,0x0,0x0,0x0,0x0,0x0,0x0,0x0,0x0,0x0,0x0,0x0,0x0,0x0,0x0,0x0,0x0,0x0,0x0,0x0,0x0,0x0,0x0
    }
};
