#include <graphx.h>

const gfx_sprite_t sprite_gaster_blaster_0_0 = {
    .width = 56,
    .height = 56,
    .data = {
        0x0,0x0,0x0,0x0,0x0,0x0,0x0,0x0,0x0,0x0,0x0,0x0,0x0,0x0,0x0,0x0,0x0,0x0,0x0,0x0,0x0,0x0,0x0,0x0,0x0,0x0,0x0,0x0,0xFF,0xFF,0x0,0x0,0x0,0x0,0x0,0x0,0x0,0x0,0x0,0x0,0x0,0x0,0x0,0x0,0x0,0x0,0x0,0x0,0x0,0x0,0x0,0x0,0x0,0x0,0x0,0x0,
        0x0,0x0,0x0,0x0,0x0,0x0,0x0,0x0,0x0,0x0,0x0,0x0,0x0,0x0,0x0,0x0,0x0,0x0,0x0,0x0,0x0,0x0,0x0,0x0,0x0,0x0,0x0,0x0,0xFF,0xFF,0x0,0x0,0x0,0x0,0x0,0x0,0x0,0x0,0x0,0x0,0x0,0x0,0x0,0x0,0x0,0x0,0x0,0x0,0x0,0x0,0x0,0x0,0x0,0x0,0x0,0x0,
        0x0,0x0,0x0,0x0,0x0,0x0,0x0,0x0,0x0,0x0,0x0,0x0,0x0,0x0,0x0,0x0,0x0,0x0,0x0,0x0,0x0,0x0,0x0,0x0,0x0,0x0,0x0,0x0,0xFF,0xFF,0x0,0x0,0x0,0x0,0x0,0x0,0x0,0x0,0x0,0x0,0x0,0x0,0x0,0x0,0x0,0x0,0x0,0x0,0x0,0x0,0x0,0x0,0x0,0x0,0x0,0x0,
        0x0,0x0,0x0,0x0,0x0,0x0,0x0,0x0,0x0,0x0,0x0,0x0,0x0,0x0,0x0,0x0,0x0,0x0,0x0,0x0,0x0,0x0,0x0,0x0,0x0,0x0,0x0,0xFF,0xFF,0xFF,0xFF,0x0,0x0,0x0,0x0,0x0,0x0,0x0,0x0,0x0,0x0,0x0,0x0,0x0,0x0,0x0,0x0,0x0,0x0,0x0,0x0,0x0,0x0,0x0,0x0,0x0,
        0x0,0x0,0x0,0x0,0x0,0x0,0x0,0x0,0x0,0x0,0x0,0x0,0x0,0x0,0x0,0x0,0x0,0x0,0x0,0x0,0x0,0x0,0x0,0x0,0x0,0x0,0xFF,0xFF,0xFF,0xFF,0xFF,0xFF,0x0,0x0,0x0,0x0,0x0,0x0,0x0,0x0,0x0,0x0,0x0,0x0,0x0,0x0,0x0,0x0,0x0,0x0,0x0,0x0,0x0,0x0,0x0,0x0,
        0x0,0x0,0x0,0x0,0x0,0x0,0x0,0x0,0x0,0x0,0x0,0x0,0x0,0x0,0x0,0x0,0xFF,0xFF,0x0,0x0,0x0,0x0,0x0,0x0,0x0,0xFF,0xFF,0xFF,0xFF,0xFF,0xFF,0xFF,0xFF,0x0,0x0,0x0,0x0,0x0,0x0,0x0,0xFF,0xFF,0x0,0x0,0x0,0x0,0x0,0x0,0x0,0x0,0x0,0x0,0x0,0x0,0x0,0x0,
        0x0,0x0,0x0,0x0,0x0,0x0,0x0,0x0,0x0,0x0,0x0,0x0,0x0,0x0,0x0,0xFF,0xFF,0x0,0x0,0x0,0x0,0x0,0x0,0x0,0xFF,0xFF,0xFF,0xFF,0xFF,0xFF,0xFF,0xFF,0xFF,0xFF,0x0,0x0,0x0,0x0,0x0,0x0,0x0,0xFF,0xFF,0x0,0x0,0x0,0x0,0x0,0x0,0x0,0x0,0x0,0x0,0x0,0x0,0x0,
        0x0,0x0,0x0,0x0,0x0,0x0,0x0,0x0,0x0,0x0,0x0,0x0,0x0,0x0,0xFF,0xFF,0x0,0x0,0x0,0x0,0x0,0x0,0xFF,0xFF,0xFF,0xFF,0xFF,0xFF,0xFF,0xFF,0xFF,0xFF,0xFF,0xFF,0xFF,0xFF,0x0,0x0,0x0,0x0,0x0,0x0,0xFF,0xFF,0x0,0x0,0x0,0x0,0x0,0x0,0x0,0x0,0x0,0x0,0x0,0x0,
        0x0,0x0,0x0,0x0,0x0,0x0,0x0,0x0,0x0,0x0,0x0,0x0,0x0,0xFF,0xFF,0x0,0x0,0x0,0x0,0x0,0xFF,0xFF,0xFF,0xFF,0xFF,0xFF,0xFF,0xFF,0xFF,0xFF,0xFF,0xFF,0xFF,0xFF,0xFF,0xFF,0xFF,0xFF,0x0,0x0,0x0,0x0,0x0,0xFF,0xFF,0x0,0x0,0x0,0x0,0x0,0x0,0x0,0x0,0x0,0x0,0x0,
        0x0,0x0,0x0,0x0,0x0,0x0,0x0,0x0,0x0,0x0,0x0,0x0,0xFF,0xFF,0xFF,0x0,0x0,0x0,0xFF,0xFF,0xFF,0xFF,0xFF,0xFF,0xFF,0xFF,0xFF,0xFF,0xFF,0xFF,0xFF,0xFF,0xFF,0xFF,0xFF,0xFF,0xFF,0xFF,0xFF,0xFF,0x0,0x0,0x0,0xFF,0xFF,0xFF,0x0,0x0,0x0,0x0,0x0,0x0,0x0,0x0,0x0,0x0,
        0x0,0x0,0x0,0x0,0x0,0x0,0x0,0x0,0x0,0x0,0x0,0x0,0xFF,0xFF,0x0,0x0,0x0,0xFF,0xFF,0xFF,0xFF,0xFF,0xFF,0xFF,0xFF,0xFF,0xFF,0xFF,0xFF,0xFF,0xFF,0xFF,0xFF,0xFF,0xFF,0xFF,0xFF,0xFF,0xFF,0xFF,0xFF,0x0,0x0,0x0,0xFF,0xFF,0x0,0x0,0x0,0x0,0x0,0x0,0x0,0x0,0x0,0x0,
        0x0,0x0,0x0,0x0,0x0,0x0,0x0,0x0,0x0,0x0,0x0,0x0,0xFF,0xFF,0x0,0x0,0xFF,0xFF,0xFF,0xFF,0xFF,0xFF,0xFF,0xFF,0xFF,0xFF,0xFF,0xFF,0x0,0x0,0xFF,0xFF,0xFF,0xFF,0xFF,0xFF,0xFF,0xFF,0xFF,0xFF,0xFF,0xFF,0x0,0x0,0xFF,0xFF,0x0,0x0,0x0,0x0,0x0,0x0,0x0,0x0,0x0,0x0,
        0x0,0x0,0x0,0x0,0x0,0x0,0x0,0x0,0x0,0x0,0x0,0xFF,0xFF,0xFF,0xFF,0xFF,0xFF,0xFF,0xFF,0xFF,0xFF,0xFF,0xFF,0xFF,0xFF,0xFF,0xFF,0xFF,0x0,0x0,0xFF,0xFF,0xFF,0xFF,0xFF,0xFF,0xFF,0xFF,0xFF,0xFF,0xFF,0xFF,0xFF,0xFF,0xFF,0xFF,0xFF,0x0,0x0,0x0,0x0,0x0,0x0,0x0,0x0,0x0,
        0x0,0x0,0x0,0x0,0x0,0x0,0x0,0x0,0x0,0x0,0x0,0xFF,0xFF,0xFF,0xFF,0xFF,0xFF,0xFF,0xFF,0xFF,0xFF,0xFF,0xFF,0xFF,0xFF,0xFF,0xFF,0xFF,0x0,0x0,0xFF,0xFF,0xFF,0xFF,0xFF,0xFF,0xFF,0xFF,0xFF,0xFF,0xFF,0xFF,0xFF,0xFF,0xFF,0xFF,0xFF,0x0,0x0,0x0,0x0,0x0,0x0,0x0,0x0,0x0,
        0x0,0x0,0x0,0x0,0x0,0x0,0x0,0x0,0x0,0x0,0xFF,0xFF,0xFF,0xFF,0xFF,0xFF,0xFF,0xFF,0xFF,0xFF,0xFF,0xFF,0xFF,0xFF,0xFF,0xFF,0xFF,0xFF,0x0,0x0,0xFF,0xFF,0xFF,0xFF,0xFF,0xFF,0xFF,0xFF,0xFF,0xFF,0xFF,0xFF,0xFF,0xFF,0xFF,0xFF,0xFF,0xFF,0x0,0x0,0x0,0x0,0x0,0x0,0x0,0x0,
        0x0,0x0,0x0,0x0,0x0,0x0,0x0,0x0,0x0,0x0,0xFF,0xFF,0xFF,0xFF,0xFF,0xFF,0xFF,0xFF,0xFF,0xFF,0xFF,0xFF,0xFF,0xFF,0xFF,0xFF,0xFF,0xFF,0x0,0x0,0xFF,0xFF,0xFF,0xFF,0xFF,0xFF,0xFF,0xFF,0xFF,0xFF,0xFF,0xFF,0xFF,0xFF,0xFF,0xFF,0xFF,0xFF,0x0,0x0,0x0,0x0,0x0,0x0,0x0,0x0,
        0x0,0x0,0x0,0x0,0x0,0x0,0x0,0x0,0x0,0xFF,0xFF,0xFF,0xFF,0xFF,0xFF,0xFF,0xFF,0xFF,0xFF,0xFF,0xFF,0xFF,0xFF,0xFF,0xFF,0xFF,0xFF,0xFF,0x0,0x0,0xFF,0xFF,0xFF,0xFF,0xFF,0xFF,0xFF,0xFF,0xFF,0xFF,0xFF,0xFF,0xFF,0xFF,0xFF,0xFF,0xFF,0xFF,0xFF,0x0,0x0,0x0,0x0,0x0,0x0,0x0,
        0x0,0x0,0x0,0x0,0x0,0x0,0x0,0x0,0x0,0xFF,0xFF,0xFF,0xFF,0xFF,0xFF,0xFF,0x0,0xFF,0xFF,0xFF,0xFF,0xFF,0xFF,0xFF,0xFF,0xFF,0xFF,0xFF,0x0,0x0,0xFF,0xFF,0xFF,0xFF,0xFF,0xFF,0xFF,0xFF,0xFF,0xFF,0xFF,0x0,0xFF,0xFF,0xFF,0xFF,0xFF,0xFF,0xFF,0x0,0x0,0x0,0x0,0x0,0x0,0x0,
        0x0,0x0,0x0,0x0,0x0,0x0,0x0,0x0,0x0,0xFF,0xFF,0xFF,0xFF,0xFF,0xFF,0x0,0xFF,0xFF,0xFF,0xFF,0xFF,0xFF,0xFF,0xFF,0xFF,0xFF,0xFF,0xFF,0x0,0x0,0xFF,0xFF,0xFF,0xFF,0xFF,0xFF,0xFF,0xFF,0xFF,0xFF,0xFF,0xFF,0x0,0xFF,0xFF,0xFF,0xFF,0xFF,0xFF,0x0,0x0,0x0,0x0,0x0,0x0,0x0,
        0x0,0x0,0x0,0x0,0x0,0x0,0x0,0x0,0x0,0xFF,0xFF,0xFF,0xFF,0xFF,0x0,0x0,0xFF,0xFF,0xFF,0xFF,0xFF,0xFF,0xFF,0xFF,0xFF,0xFF,0xFF,0xFF,0x0,0x0,0xFF,0xFF,0xFF,0xFF,0xFF,0xFF,0xFF,0xFF,0xFF,0xFF,0xFF,0xFF,0x0,0x0,0xFF,0xFF,0xFF,0xFF,0xFF,0x0,0x0,0x0,0x0,0x0,0x0,0x0,
        0x0,0x0,0x0,0x0,0x0,0x0,0x0,0x0,0x0,0xFF,0xFF,0xFF,0xFF,0xFF,0x0,0x0,0xFF,0xFF,0xFF,0xFF,0xFF,0xFF,0xFF,0xFF,0xFF,0xFF,0xFF,0xFF,0x0,0x0,0xFF,0xFF,0xFF,0xFF,0xFF,0xFF,0xFF,0xFF,0xFF,0xFF,0xFF,0xFF,0x0,0x0,0xFF,0xFF,0xFF,0xFF,0xFF,0x0,0x0,0x0,0x0,0x0,0x0,0x0,
        0x0,0x0,0x0,0x0,0x0,0x0,0x0,0x0,0x0,0x0,0xFF,0xFF,0xFF,0xFF,0x0,0xFF,0xFF,0xFF,0x0,0x0,0x0,0xFF,0xFF,0xFF,0xFF,0xFF,0xFF,0xFF,0x0,0x0,0xFF,0xFF,0xFF,0xFF,0xFF,0xFF,0xFF,0x0,0x0,0x0,0xFF,0xFF,0xFF,0x0,0xFF,0xFF,0xFF,0xFF,0x0,0x0,0x0,0x0,0x0,0x0,0x0,0x0,
        0x0,0x0,0x0,0x0,0x0,0x0,0x0,0x0,0x0,0x0,0xFF,0xFF,0xFF,0xFF,0x0,0xFF,0xFF,0x0,0x0,0x0,0x0,0x0,0xFF,0xFF,0xFF,0xFF,0xFF,0xFF,0x0,0x0,0xFF,0xFF,0xFF,0xFF,0xFF,0xFF,0x0,0x0,0x0,0x0,0x0,0xFF,0xFF,0x0,0xFF,0xFF,0xFF,0xFF,0x0,0x0,0x0,0x0,0x0,0x0,0x0,0x0,
        0x0,0x0,0x0,0x0,0x0,0x0,0x0,0x0,0x0,0x0,0x0,0xFF,0xFF,0xFF,0x0,0xFF,0xFF,0x0,0x0,0x0,0x0,0x0,0x0,0xFF,0xFF,0xFF,0xFF,0xFF,0x0,0x0,0xFF,0xFF,0xFF,0xFF,0xFF,0x0,0x0,0x0,0x0,0x0,0x0,0xFF,0xFF,0x0,0xFF,0xFF,0xFF,0x0,0x0,0x0,0x0,0x0,0x0,0x0,0x0,0x0,
        0x0,0x0,0x0,0x0,0x0,0x0,0x0,0x0,0x0,0x0,0x0,0x0,0xFF,0xFF,0x0,0x0,0xFF,0x0,0x0,0x0,0xFF,0xFF,0x0,0x0,0xFF,0xFF,0xFF,0xFF,0x0,0x0,0xFF,0xFF,0xFF,0xFF,0x0,0x0,0xFF,0xFF,0x0,0x0,0x0,0xFF,0x0,0x0,0xFF,0xFF,0x0,0x0,0x0,0x0,0x0,0x0,0x0,0x0,0x0,0x0,
        0x0,0x0,0x0,0x0,0x0,0x0,0x0,0x0,0x0,0x0,0x0,0x0,0xFF,0xFF,0x0,0x0,0xFF,0x0,0x0,0xFF,0xFF,0xFF,0xFF,0x0,0xFF,0xFF,0xFF,0xFF,0x0,0x0,0xFF,0xFF,0xFF,0xFF,0x0,0xFF,0xFF,0xFF,0xFF,0x0,0x0,0xFF,0x0,0x0,0xFF,0xFF,0x0,0x0,0x0,0x0,0x0,0x0,0x0,0x0,0x0,0x0,
        0x0,0x0,0x0,0x0,0x0,0x0,0x0,0x0,0x0,0x0,0x0,0x0,0xFF,0xFF,0x0,0x0,0xFF,0x0,0x0,0xFF,0x0,0x0,0xFF,0x0,0xFF,0xFF,0xFF,0xFF,0x0,0x0,0xFF,0xFF,0xFF,0xFF,0x0,0xFF,0x0,0x0,0xFF,0x0,0x0,0xFF,0x0,0x0,0xFF,0xFF,0x0,0x0,0x0,0x0,0x0,0x0,0x0,0x0,0x0,0x0,
        0x0,0x0,0x0,0x0,0x0,0x0,0x0,0x0,0x0,0x0,0x0,0x0,0xFF,0xFF,0x0,0x0,0xFF,0xFF,0x0,0xFF,0x0,0x0,0xFF,0x0,0xFF,0xFF,0xFF,0xFF,0x0,0x0,0xFF,0xFF,0xFF,0xFF,0x0,0xFF,0x0,0x0,0xFF,0x0,0xFF,0xFF,0x0,0x0,0xFF,0xFF,0x0,0x0,0x0,0x0,0x0,0x0,0x0,0x0,0x0,0x0,
        0x0,0x0,0x0,0x0,0x0,0x0,0x0,0x0,0x0,0x0,0x0,0x0,0x0,0xFF,0x0,0x0,0xFF,0xFF,0x0,0xFF,0xFF,0x0,0xFF,0x0,0x0,0xFF,0xFF,0xFF,0x0,0x0,0xFF,0xFF,0xFF,0x0,0x0,0xFF,0x0,0xFF,0xFF,0x0,0xFF,0xFF,0x0,0x0,0xFF,0x0,0x0,0x0,0x0,0x0,0x0,0x0,0x0,0x0,0x0,0x0,
        0x0,0x0,0x0,0x0,0x0,0x0,0x0,0x0,0x0,0x0,0x0,0x0,0x0,0xFF,0xFF,0x0,0x0,0xFF,0x0,0x0,0xFF,0xFF,0xFF,0x0,0x0,0xFF,0xFF,0xFF,0x0,0x0,0xFF,0xFF,0xFF,0x0,0x0,0xFF,0xFF,0xFF,0x0,0x0,0xFF,0x0,0x0,0xFF,0xFF,0x0,0x0,0x0,0x0,0x0,0x0,0x0,0x0,0x0,0x0,0x0,
        0x0,0x0,0x0,0x0,0x0,0x0,0x0,0x0,0x0,0x0,0x0,0x0,0x0,0xFF,0xFF,0x0,0x0,0xFF,0xFF,0xFF,0x0,0x0,0x0,0x0,0x0,0xFF,0xFF,0xFF,0x0,0x0,0xFF,0xFF,0xFF,0x0,0x0,0x0,0x0,0x0,0xFF,0xFF,0xFF,0x0,0x0,0xFF,0xFF,0x0,0x0,0x0,0x0,0x0,0x0,0x0,0x0,0x0,0x0,0x0,
        0x0,0x0,0x0,0x0,0x0,0x0,0x0,0x0,0x0,0x0,0x0,0x0,0x0,0xFF,0xFF,0x0,0x0,0x0,0xFF,0xFF,0xFF,0xFF,0xFF,0xFF,0xFF,0xFF,0xFF,0x0,0x0,0x0,0x0,0xFF,0xFF,0xFF,0xFF,0xFF,0xFF,0xFF,0xFF,0xFF,0x0,0x0,0x0,0xFF,0xFF,0x0,0x0,0x0,0x0,0x0,0x0,0x0,0x0,0x0,0x0,0x0,
        0x0,0x0,0x0,0x0,0x0,0x0,0x0,0x0,0x0,0x0,0x0,0x0,0x0,0x0,0xFF,0x0,0x0,0x0,0xFF,0xFF,0xFF,0xFF,0xFF,0xFF,0xFF,0xFF,0xFF,0x0,0x0,0x0,0x0,0xFF,0xFF,0xFF,0xFF,0xFF,0xFF,0xFF,0xFF,0xFF,0x0,0x0,0x0,0xFF,0x0,0x0,0x0,0x0,0x0,0x0,0x0,0x0,0x0,0x0,0x0,0x0,
        0x0,0x0,0x0,0x0,0x0,0x0,0x0,0x0,0x0,0xFF,0xFF,0x0,0x0,0x0,0xFF,0x0,0x0,0x0,0xFF,0xFF,0xFF,0xFF,0xFF,0xFF,0xFF,0xFF,0x0,0x0,0x0,0x0,0x0,0x0,0xFF,0xFF,0xFF,0xFF,0xFF,0xFF,0xFF,0xFF,0x0,0x0,0x0,0xFF,0x0,0x0,0x0,0xFF,0xFF,0x0,0x0,0x0,0x0,0x0,0x0,0x0,
        0x0,0x0,0x0,0x0,0x0,0x0,0x0,0x0,0x0,0x0,0x0,0xFF,0x0,0x0,0xFF,0xFF,0x0,0x0,0xFF,0xFF,0xFF,0xFF,0xFF,0xFF,0xFF,0xFF,0x0,0x0,0x0,0x0,0x0,0x0,0xFF,0xFF,0xFF,0xFF,0xFF,0xFF,0xFF,0xFF,0x0,0x0,0xFF,0xFF,0x0,0x0,0xFF,0x0,0x0,0x0,0x0,0x0,0x0,0x0,0x0,0x0,
        0x0,0x0,0x0,0x0,0x0,0x0,0x0,0x0,0x0,0x0,0x0,0xFF,0xFF,0x0,0xFF,0xFF,0x0,0x0,0xFF,0x0,0xFF,0xFF,0xFF,0xFF,0xFF,0xFF,0x0,0x0,0x0,0x0,0x0,0x0,0xFF,0xFF,0xFF,0xFF,0xFF,0xFF,0x0,0xFF,0x0,0x0,0xFF,0xFF,0x0,0xFF,0xFF,0x0,0x0,0x0,0x0,0x0,0x0,0x0,0x0,0x0,
        0x0,0x0,0x0,0x0,0x0,0x0,0x0,0x0,0x0,0x0,0x0,0xFF,0xFF,0xFF,0xFF,0xFF,0xFF,0x0,0xFF,0x0,0xFF,0xFF,0xFF,0xFF,0xFF,0xFF,0x0,0x0,0x0,0x0,0x0,0x0,0xFF,0xFF,0xFF,0xFF,0xFF,0xFF,0x0,0xFF,0x0,0xFF,0xFF,0xFF,0xFF,0xFF,0xFF,0x0,0x0,0x0,0x0,0x0,0x0,0x0,0x0,0x0,
        0x0,0x0,0x0,0x0,0x0,0x0,0x0,0x0,0x0,0x0,0x0,0xFF,0xFF,0xFF,0xFF,0xFF,0xFF,0xFF,0x0,0x0,0x0,0xFF,0xFF,0xFF,0xFF,0xFF,0xFF,0x0,0x0,0x0,0x0,0xFF,0xFF,0xFF,0xFF,0xFF,0xFF,0x0,0x0,0x0,0xFF,0xFF,0xFF,0xFF,0xFF,0xFF,0xFF,0x0,0x0,0x0,0x0,0x0,0x0,0x0,0x0,0x0,
        0x0,0x0,0x0,0x0,0x0,0x0,0x0,0x0,0x0,0x0,0x0,0x0,0xFF,0xFF,0xFF,0xFF,0xFF,0xFF,0x0,0x0,0x0,0xFF,0x0,0xFF,0xFF,0xFF,0xFF,0xFF,0xFF,0xFF,0xFF,0xFF,0xFF,0xFF,0xFF,0x0,0xFF,0x0,0x0,0x0,0xFF,0xFF,0xFF,0xFF,0xFF,0xFF,0x0,0x0,0x0,0x0,0x0,0x0,0x0,0x0,0x0,0x0,
        0x0,0x0,0x0,0x0,0x0,0x0,0x0,0x0,0x0,0x0,0x0,0x0,0xFF,0xFF,0xFF,0xFF,0xFF,0xFF,0x0,0x0,0x0,0xFF,0x0,0xFF,0xFF,0xFF,0xFF,0xFF,0xFF,0xFF,0xFF,0xFF,0xFF,0xFF,0xFF,0x0,0xFF,0x0,0x0,0x0,0xFF,0xFF,0xFF,0xFF,0xFF,0xFF,0x0,0x0,0x0,0x0,0x0,0x0,0x0,0x0,0x0,0x0,
        0x0,0x0,0x0,0x0,0x0,0x0,0x0,0x0,0x0,0x0,0x0,0x0,0x0,0xFF,0xFF,0xFF,0xFF,0xFF,0x0,0x0,0x0,0xFF,0x0,0xFF,0x0,0xFF,0xFF,0xFF,0x0,0x0,0xFF,0xFF,0xFF,0x0,0xFF,0x0,0xFF,0x0,0x0,0x0,0xFF,0xFF,0xFF,0xFF,0xFF,0x0,0x0,0x0,0x0,0x0,0x0,0x0,0x0,0x0,0x0,0x0,
        0x0,0x0,0x0,0x0,0x0,0x0,0x0,0x0,0x0,0x0,0x0,0x0,0x0,0x0,0xFF,0xFF,0xFF,0xFF,0xFF,0x0,0x0,0xFF,0x0,0x0,0x0,0x0,0xFF,0x0,0x0,0x0,0x0,0xFF,0x0,0x0,0x0,0x0,0xFF,0x0,0x0,0xFF,0xFF,0xFF,0xFF,0xFF,0x0,0x0,0x0,0x0,0x0,0x0,0x0,0x0,0x0,0x0,0x0,0x0,
        0x0,0x0,0x0,0x0,0x0,0x0,0x0,0x0,0x0,0x0,0x0,0x0,0x0,0x0,0x0,0xFF,0xFF,0xFF,0xFF,0x0,0x0,0xFF,0x0,0x0,0x0,0x0,0xFF,0x0,0x0,0x0,0x0,0xFF,0x0,0x0,0x0,0x0,0xFF,0x0,0x0,0xFF,0xFF,0xFF,0xFF,0x0,0x0,0x0,0x0,0x0,0x0,0x0,0x0,0x0,0x0,0x0,0x0,0x0,
        0x0,0x0,0x0,0x0,0x0,0x0,0x0,0x0,0x0,0x0,0x0,0x0,0x0,0x0,0x0,0x0,0xFF,0xFF,0xFF,0xFF,0x0,0xFF,0x0,0x0,0x0,0x0,0xFF,0x0,0x0,0x0,0x0,0xFF,0x0,0x0,0x0,0x0,0xFF,0x0,0xFF,0xFF,0xFF,0xFF,0x0,0x0,0x0,0x0,0x0,0x0,0x0,0x0,0x0,0x0,0x0,0x0,0x0,0x0,
        0x0,0x0,0x0,0x0,0x0,0x0,0x0,0x0,0x0,0x0,0x0,0x0,0x0,0x0,0x0,0x0,0x0,0x0,0xFF,0xFF,0xFF,0xFF,0x0,0x0,0x0,0x0,0xFF,0x0,0x0,0x0,0x0,0xFF,0x0,0x0,0x0,0x0,0xFF,0xFF,0xFF,0xFF,0x0,0x0,0x0,0x0,0x0,0x0,0x0,0x0,0x0,0x0,0x0,0x0,0x0,0x0,0x0,0x0,
        0x0,0x0,0x0,0x0,0x0,0x0,0x0,0x0,0x0,0x0,0x0,0x0,0x0,0x0,0x0,0x0,0x0,0x0,0x0,0xFF,0xFF,0xFF,0x0,0x0,0x0,0x0,0xFF,0x0,0x0,0x0,0x0,0xFF,0x0,0x0,0x0,0x0,0xFF,0xFF,0xFF,0x0,0x0,0x0,0x0,0x0,0x0,0x0,0x0,0x0,0x0,0x0,0x0,0x0,0x0,0x0,0x0,0x0,
        0x0,0x0,0x0,0x0,0x0,0x0,0x0,0x0,0x0,0x0,0x0,0x0,0x0,0x0,0x0,0x0,0x0,0x0,0x0,0x0,0xFF,0xFF,0xFF,0x0,0x0,0x0,0x0,0x0,0x0,0x0,0x0,0x0,0x0,0x0,0x0,0xFF,0xFF,0xFF,0x0,0x0,0x0,0x0,0x0,0x0,0x0,0x0,0x0,0x0,0x0,0x0,0x0,0x0,0x0,0x0,0x0,0x0,
        0x0,0x0,0x0,0x0,0x0,0x0,0x0,0x0,0x0,0x0,0x0,0x0,0x0,0x0,0x0,0x0,0x0,0x0,0x0,0x0,0x0,0xFF,0xFF,0x0,0xFF,0x0,0x0,0xFF,0xFF,0xFF,0xFF,0x0,0x0,0xFF,0x0,0xFF,0xFF,0x0,0x0,0x0,0x0,0x0,0x0,0x0,0x0,0x0,0x0,0x0,0x0,0x0,0x0,0x0,0x0,0x0,0x0,0x0,
        0x0,0x0,0x0,0x0,0x0,0x0,0x0,0x0,0x0,0x0,0x0,0x0,0x0,0x0,0x0,0x0,0x0,0x0,0x0,0x0,0x0,0x0,0xFF,0x0,0xFF,0x0,0x0,0xFF,0xFF,0xFF,0xFF,0x0,0x0,0xFF,0x0,0xFF,0x0,0x0,0x0,0x0,0x0,0x0,0x0,0x0,0x0,0x0,0x0,0x0,0x0,0x0,0x0,0x0,0x0,0x0,0x0,0x0,
        0x0,0x0,0x0,0x0,0x0,0x0,0x0,0x0,0x0,0x0,0x0,0x0,0x0,0x0,0x0,0x0,0x0,0x0,0x0,0x0,0x0,0x0,0xFF,0x0,0xFF,0x0,0xFF,0xFF,0xFF,0xFF,0xFF,0xFF,0x0,0xFF,0x0,0xFF,0x0,0x0,0x0,0x0,0x0,0x0,0x0,0x0,0x0,0x0,0x0,0x0,0x0,0x0,0x0,0x0,0x0,0x0,0x0,0x0,
        0x0,0x0,0x0,0x0,0x0,0x0,0x0,0x0,0x0,0x0,0x0,0x0,0x0,0x0,0x0,0x0,0x0,0x0,0x0,0x0,0x0,0x0,0x0,0xFF,0xFF,0x0,0xFF,0xFF,0xFF,0xFF,0xFF,0xFF,0x0,0xFF,0xFF,0x0,0x0,0x0,0x0,0x0,0x0,0x0,0x0,0x0,0x0,0x0,0x0,0x0,0x0,0x0,0x0,0x0,0x0,0x0,0x0,0x0,
        0x0,0x0,0x0,0x0,0x0,0x0,0x0,0x0,0x0,0x0,0x0,0x0,0x0,0x0,0x0,0x0,0x0,0x0,0x0,0x0,0x0,0x0,0x0,0xFF,0xFF,0xFF,0xFF,0xFF,0xFF,0xFF,0xFF,0xFF,0xFF,0xFF,0xFF,0x0,0x0,0x0,0x0,0x0,0x0,0x0,0x0,0x0,0x0,0x0,0x0,0x0,0x0,0x0,0x0,0x0,0x0,0x0,0x0,0x0,
        0x0,0x0,0x0,0x0,0x0,0x0,0x0,0x0,0x0,0x0,0x0,0x0,0x0,0x0,0x0,0x0,0x0,0x0,0x0,0x0,0x0,0x0,0x0,0x0,0xFF,0xFF,0xFF,0xFF,0xFF,0xFF,0xFF,0xFF,0xFF,0xFF,0x0,0x0,0x0,0x0,0x0,0x0,0x0,0x0,0x0,0x0,0x0,0x0,0x0,0x0,0x0,0x0,0x0,0x0,0x0,0x0,0x0,0x0,
        0x0,0x0,0x0,0x0,0x0,0x0,0x0,0x0,0x0,0x0,0x0,0x0,0x0,0x0,0x0,0x0,0x0,0x0,0x0,0x0,0x0,0x0,0x0,0x0,0xFF,0xFF,0xFF,0xFF,0xFF,0xFF,0xFF,0xFF,0xFF,0xFF,0x0,0x0,0x0,0x0,0x0,0x0,0x0,0x0,0x0,0x0,0x0,0x0,0x0,0x0,0x0,0x0,0x0,0x0,0x0,0x0,0x0,0x0,
        0x0,0x0,0x0,0x0,0x0,0x0,0x0,0x0,0x0,0x0,0x0,0x0,0x0,0x0,0x0,0x0,0x0,0x0,0x0,0x0,0x0,0x0,0x0,0x0,0x0,0xFF,0xFF,0xFF,0xFF,0xFF,0xFF,0xFF,0xFF,0x0,0x0,0x0,0x0,0x0,0x0,0x0,0x0,0x0,0x0,0x0,0x0,0x0,0x0,0x0,0x0,0x0,0x0,0x0,0x0,0x0,0x0,0x0,
        0x0,0x0,0x0,0x0,0x0,0x0,0x0,0x0,0x0,0x0,0x0,0x0,0x0,0x0,0x0,0x0,0x0,0x0,0x0,0x0,0x0,0x0,0x0,0x0,0x0,0x0,0x0,0x0,0x0,0x0,0x0,0x0,0x0,0x0,0x0,0x0,0x0,0x0,0x0,0x0,0x0,0x0,0x0,0x0,0x0,0x0,0x0,0x0,0x0,0x0,0x0,0x0,0x0,0x0,0x0,0x0
    }
};

const gfx_sprite_t sprite_gaster_blaster_0_1 = {
    .width = 56,
    .height = 56,
    .data = {
        0x0,0x0,0x0,0x0,0x0,0x0,0x0,0x0,0x0,0x0,0x0,0x0,0x0,0x0,0x0,0x0,0x0,0x0,0x0,0x0,0x0,0x0,0x0,0x0,0x0,0x0,0x0,0x0,0x0,0x0,0x0,0x0,0x0,0x0,0x0,0x0,0x0,0x0,0x0,0x0,0x0,0x0,0x0,0x0,0x0,0x0,0x0,0x0,0x0,0x0,0x0,0x0,0x0,0x0,0x0,0x0,
        0x0,0x0,0x0,0x0,0x0,0x0,0x0,0x0,0x0,0x0,0x0,0x0,0x0,0x0,0x0,0x0,0x0,0x0,0x0,0x0,0x0,0x4A,0x0,0x0,0x0,0x0,0x0,0x0,0x0,0x0,0x0,0x0,0x0,0x0,0x0,0x0,0x0,0x0,0x0,0x0,0x0,0x0,0x0,0x0,0x0,0x0,0x0,0x0,0x0,0x0,0x0,0x0,0x0,0x0,0x0,0x0,
        0x0,0x0,0x0,0x0,0x0,0x0,0x0,0x0,0x0,0x0,0x0,0x0,0x0,0x0,0x0,0x0,0x0,0x0,0x0,0x6B,0xFF,0x94,0x0,0x0,0x0,0x0,0x0,0x0,0x0,0x0,0x0,0x0,0x6B,0xDE,0x4A,0x21,0x0,0x0,0x0,0x0,0x0,0x0,0x0,0x0,0x0,0x0,0x0,0x0,0x0,0x0,0x0,0x0,0x0,0x0,0x0,0x0,
        0x0,0x0,0x0,0x0,0x0,0x0,0x0,0x0,0x0,0x0,0x0,0x0,0x0,0x0,0x0,0x0,0x0,0x0,0x0,0x21,0xFF,0xFF,0x4A,0x0,0x0,0x0,0x0,0x0,0x0,0x0,0x0,0x0,0x4A,0x94,0xFF,0xDE,0x6B,0x0,0x0,0x0,0x0,0x0,0x0,0x0,0x0,0x0,0x0,0x0,0x0,0x0,0x0,0x0,0x0,0x0,0x0,0x0,
        0x0,0x0,0x0,0x0,0x0,0x0,0x0,0x0,0x0,0x0,0x0,0x0,0x0,0x0,0x0,0x0,0x0,0x0,0x0,0x4A,0xFF,0xFF,0xFF,0xDE,0x4A,0x0,0x0,0x0,0x0,0x0,0x0,0x0,0x0,0x0,0x0,0xB5,0xFF,0xFF,0x4A,0x0,0x0,0x0,0x0,0x0,0x0,0x0,0x0,0x0,0x0,0x0,0x0,0x0,0x0,0x0,0x0,0x0,
        0x0,0x0,0x0,0x0,0x0,0x0,0x0,0x0,0x0,0x0,0x0,0x0,0x0,0x0,0x0,0x0,0x0,0x0,0x0,0xB5,0xFF,0xFF,0xFF,0xFF,0xFF,0xDE,0x6B,0x0,0x0,0x0,0x0,0x0,0x0,0x0,0x0,0x0,0xB5,0xFF,0xFF,0x6B,0x0,0x0,0x0,0x0,0x0,0x0,0x0,0x0,0x0,0x0,0x0,0x0,0x0,0x0,0x0,0x0,
        0x0,0x0,0x0,0x0,0x0,0x0,0x0,0x0,0x0,0x0,0x0,0x0,0x0,0x0,0x0,0x0,0x0,0x0,0x4A,0xFF,0xFF,0xFF,0xFF,0xFF,0xFF,0xFF,0xFF,0xDE,0xFF,0x94,0xB5,0x4A,0x4A,0x4A,0x0,0x0,0x21,0x6B,0xFF,0xB5,0x0,0x0,0x0,0x0,0x0,0x0,0x0,0x0,0x0,0x0,0x0,0x0,0x0,0x0,0x0,0x0,
        0x0,0x0,0x0,0x0,0x0,0x0,0x0,0x0,0x0,0x0,0x0,0x0,0x0,0x0,0x0,0x0,0x0,0x0,0xFF,0xFF,0xFF,0xFF,0xFF,0xFF,0xFF,0xFF,0xFF,0xFF,0xFF,0xFF,0xFF,0xFF,0xFF,0xFF,0xB5,0x21,0x0,0x0,0xFF,0xFF,0xDE,0x21,0x0,0x0,0x0,0x0,0x0,0x0,0x0,0x0,0x0,0x0,0x0,0x0,0x0,0x0,
        0x0,0x0,0x0,0x0,0x0,0x0,0x0,0x0,0x0,0x0,0x0,0x0,0x0,0x0,0x0,0x0,0x0,0x6B,0xFF,0xFF,0xFF,0xFF,0xFF,0xFF,0xFF,0xFF,0xFF,0xFF,0xFF,0xFF,0xFF,0xFF,0xFF,0xFF,0xFF,0xFF,0x94,0xDE,0xFF,0xFF,0xFF,0x6B,0x21,0x0,0x0,0x0,0x0,0x0,0x0,0x0,0x0,0x0,0x0,0x0,0x0,0x0,
        0x0,0x0,0x0,0x0,0x0,0x0,0x0,0x0,0x0,0x0,0x4A,0x21,0x0,0x0,0x0,0x0,0x21,0xB5,0xFF,0xFF,0xFF,0xFF,0xFF,0xFF,0xFF,0xFF,0xFF,0xFF,0xFF,0xFF,0xFF,0xFF,0xFF,0xFF,0xFF,0xFF,0xFF,0xFF,0xFF,0xFF,0xFF,0xFF,0xDE,0x0,0x0,0x0,0x0,0x0,0x0,0x0,0x0,0x0,0x0,0x0,0x0,0x0,
        0x0,0x0,0x0,0x0,0x0,0x0,0x0,0x0,0x0,0x6B,0xDE,0x21,0x0,0x0,0x0,0x21,0xFF,0xFF,0xFF,0xFF,0xFF,0xFF,0xFF,0xFF,0xFF,0xFF,0xFF,0xFF,0xFF,0xFF,0xFF,0xFF,0xFF,0xFF,0xFF,0xFF,0xFF,0xFF,0xFF,0xFF,0xFF,0xFF,0xFF,0x94,0x21,0x0,0x0,0x0,0x0,0x0,0x0,0x0,0x0,0x0,0x0,0x0,
        0x0,0x0,0x0,0x0,0x0,0x0,0x0,0x0,0x21,0xFF,0xB5,0x0,0x0,0x0,0x6B,0xDE,0xFF,0xFF,0xFF,0xFF,0xFF,0xFF,0xFF,0xB5,0xB5,0xFF,0xFF,0xFF,0xFF,0xFF,0xFF,0xFF,0xFF,0xFF,0xFF,0xFF,0xFF,0xFF,0xFF,0xFF,0xFF,0xFF,0xFF,0xFF,0x94,0x0,0x0,0x0,0x0,0x0,0x0,0x0,0x0,0x0,0x0,0x0,
        0x0,0x0,0x0,0x0,0x0,0x0,0x0,0x0,0x94,0xFF,0x21,0x0,0x0,0x21,0xDE,0xFF,0xFF,0xFF,0xFF,0xFF,0xFF,0xFF,0xDE,0x0,0x21,0xFF,0xFF,0xFF,0xFF,0xFF,0xFF,0xFF,0xFF,0xFF,0xFF,0xFF,0xFF,0xFF,0xFF,0xFF,0xFF,0xFF,0xFF,0xFF,0xDE,0x0,0x0,0x0,0x0,0x0,0x0,0x0,0x0,0x0,0x0,0x0,
        0x0,0x0,0x0,0x0,0x0,0x0,0x0,0x21,0xDE,0x94,0x0,0x0,0x4A,0xFF,0xFF,0xFF,0xFF,0xFF,0xFF,0xFF,0xFF,0xFF,0xFF,0x0,0x0,0xDE,0xFF,0xFF,0xFF,0xFF,0xFF,0xFF,0xFF,0xFF,0xFF,0xFF,0xFF,0x94,0xFF,0xFF,0xFF,0xFF,0xFF,0xFF,0xFF,0x21,0x0,0x0,0x0,0x0,0x0,0x0,0x0,0x0,0x0,0x0,
        0x0,0x0,0x0,0x0,0x0,0x0,0x0,0x6B,0xFF,0xB5,0x0,0x0,0xDE,0xFF,0xFF,0xFF,0xFF,0xFF,0xFF,0xFF,0xFF,0xFF,0xFF,0x6B,0x0,0x6B,0xFF,0xFF,0xFF,0xFF,0xFF,0xFF,0xFF,0xFF,0xFF,0xFF,0xFF,0x94,0x4A,0xB5,0xFF,0xFF,0xFF,0xFF,0xFF,0x94,0x0,0x0,0x0,0x0,0x0,0x0,0x0,0x0,0x0,0x0,
        0x0,0x0,0x0,0x0,0x0,0x0,0x0,0xFF,0xFF,0x4A,0x0,0x4A,0xFF,0xFF,0xFF,0xFF,0xFF,0xFF,0xFF,0xFF,0xFF,0xFF,0xFF,0xB5,0x0,0x21,0xFF,0xFF,0xFF,0xFF,0xFF,0xFF,0xFF,0xFF,0xFF,0xFF,0xFF,0xFF,0x6B,0x0,0x6B,0xFF,0xFF,0xFF,0xDE,0x0,0x0,0x0,0x0,0x0,0x0,0x0,0x0,0x0,0x0,0x0,
        0x0,0x0,0x0,0x0,0x0,0x0,0x0,0xB5,0xFF,0x4A,0x0,0xB5,0xFF,0xFF,0xFF,0xFF,0xFF,0xFF,0xFF,0xFF,0xFF,0xFF,0xFF,0xFF,0x0,0x0,0xDE,0xFF,0xFF,0xFF,0xFF,0xFF,0xFF,0xFF,0xFF,0xFF,0xFF,0xFF,0xDE,0x0,0x0,0xFF,0xFF,0xFF,0xFF,0x0,0x0,0x0,0x0,0x0,0x0,0x0,0x0,0x0,0x0,0x0,
        0x0,0x0,0x0,0x0,0x0,0x0,0x0,0x6B,0xFF,0xFF,0xFF,0xFF,0xFF,0xFF,0xFF,0xFF,0xFF,0xFF,0xFF,0xFF,0xFF,0xFF,0xFF,0xFF,0x6B,0x0,0x6B,0xFF,0xFF,0xFF,0xFF,0xFF,0xFF,0xFF,0xFF,0xFF,0xFF,0xFF,0xFF,0xFF,0x21,0xDE,0xFF,0xFF,0xB5,0x0,0x0,0x0,0x0,0x0,0x0,0x0,0x0,0x0,0x0,0x0,
        0x0,0x0,0x0,0x0,0x0,0x0,0x0,0xFF,0xFF,0xFF,0xFF,0xFF,0xFF,0xFF,0xFF,0xFF,0xFF,0xFF,0xFF,0xFF,0xFF,0xFF,0xFF,0xFF,0xB5,0x0,0x21,0xFF,0xFF,0xFF,0xFF,0xFF,0xFF,0xFF,0xB5,0x4A,0x0,0x6B,0xDE,0xFF,0x6B,0x6B,0xFF,0xFF,0x6B,0x0,0x0,0x0,0x0,0x0,0x0,0x0,0x0,0x0,0x0,0x0,
        0x0,0x0,0x0,0x0,0x0,0x0,0x0,0xDE,0xFF,0xFF,0xFF,0xFF,0xFF,0xFF,0xFF,0xFF,0xFF,0xFF,0xFF,0xFF,0xFF,0xFF,0xFF,0xFF,0xFF,0x0,0x0,0xDE,0xFF,0xFF,0xFF,0xFF,0xFF,0xFF,0x4A,0x0,0x0,0x0,0x4A,0xFF,0xB5,0x21,0xFF,0xFF,0x0,0x0,0x0,0x0,0x0,0x0,0x0,0x0,0x0,0x0,0x0,0x0,
        0x0,0x0,0x0,0x0,0x0,0x0,0x4A,0xFF,0xFF,0xFF,0xFF,0xFF,0xFF,0xFF,0xFF,0xFF,0xFF,0xFF,0xFF,0xFF,0xFF,0xFF,0xFF,0xFF,0xFF,0x6B,0x0,0x94,0xFF,0xFF,0xFF,0xFF,0xFF,0xDE,0x0,0x0,0x0,0x0,0x0,0xFF,0x0,0x0,0xDE,0xFF,0x4A,0x0,0x0,0x0,0x0,0x0,0x0,0x0,0x0,0x0,0x0,0x0,
        0x0,0x0,0x0,0x0,0x0,0x0,0x21,0xFF,0xFF,0xFF,0xFF,0xFF,0xFF,0x4A,0xDE,0xFF,0xFF,0xFF,0xFF,0xFF,0xFF,0xFF,0xFF,0xFF,0xFF,0xB5,0x0,0x21,0xFF,0xFF,0xFF,0xFF,0xFF,0x21,0x21,0x94,0x21,0x0,0x0,0x94,0x6B,0x0,0x6B,0xFF,0x94,0x0,0x0,0x0,0x0,0x0,0x0,0x0,0x0,0x0,0x0,0x0,
        0x0,0x0,0x0,0x0,0x0,0x0,0x6B,0xFF,0xFF,0xFF,0xFF,0xFF,0xDE,0x94,0xFF,0xFF,0xFF,0xFF,0xFF,0xFF,0xFF,0xFF,0xFF,0xFF,0xFF,0xFF,0x0,0x0,0xDE,0xFF,0xFF,0xFF,0xB5,0x0,0x94,0xFF,0xFF,0x94,0x0,0x4A,0xB5,0x0,0x21,0xFF,0xB5,0x0,0x0,0x0,0x0,0x0,0x0,0x0,0x0,0x0,0x0,0x0,
        0x0,0x0,0x0,0x0,0x0,0x0,0x94,0xFF,0xFF,0xFF,0xFF,0xFF,0x6B,0x4A,0xFF,0xFF,0xFF,0xFF,0xDE,0xFF,0xFF,0xFF,0xFF,0xFF,0xFF,0xFF,0x4A,0x0,0x94,0xFF,0xFF,0xFF,0xB5,0x21,0xFF,0x94,0x6B,0xFF,0x0,0xB5,0xFF,0x0,0x0,0xDE,0x21,0x0,0x0,0x0,0x0,0x0,0x0,0x0,0x0,0x0,0x0,0x0,
        0x0,0x0,0x0,0x0,0x0,0x0,0x4A,0xFF,0xFF,0xFF,0xFF,0xFF,0x0,0x0,0xFF,0xFF,0x94,0x21,0x0,0x6B,0xB5,0xFF,0xFF,0xFF,0xFF,0xFF,0xB5,0x0,0x21,0xFF,0xFF,0xFF,0xFF,0x0,0xFF,0x0,0x0,0xDE,0x4A,0xB5,0xFF,0x4A,0x4A,0xFF,0x94,0x0,0x0,0x0,0x0,0x0,0x0,0x0,0x0,0x0,0x0,0x0,
        0x0,0x0,0x0,0x0,0x0,0x0,0x0,0xFF,0xFF,0xFF,0xFF,0xFF,0x4A,0x4A,0xFF,0xFF,0x4A,0x0,0x0,0x0,0x0,0x4A,0xDE,0xFF,0xFF,0xFF,0xFF,0x0,0x0,0xDE,0xFF,0xFF,0xFF,0x4A,0xB5,0x6B,0x4A,0xFF,0x6B,0x6B,0xB5,0x0,0x21,0xFF,0xDE,0x0,0x0,0x0,0x0,0x0,0x0,0x0,0x0,0x0,0x0,0x0,
        0x0,0x0,0x0,0x0,0x0,0x0,0x0,0xB5,0xFF,0xFF,0xFF,0xFF,0x94,0x4A,0xFF,0xB5,0x0,0x0,0x0,0x4A,0x94,0x0,0x0,0xDE,0xFF,0xFF,0xFF,0x4A,0x0,0x94,0xFF,0xFF,0xDE,0x21,0x4A,0xDE,0xB5,0xDE,0x21,0x94,0xFF,0x0,0x0,0xFF,0xFF,0x21,0x0,0x0,0x4A,0x21,0x0,0x0,0x0,0x0,0x0,0x0,
        0x0,0x0,0x0,0x0,0x0,0x0,0x0,0x21,0x6B,0xFF,0xFF,0xFF,0xFF,0x0,0xFF,0xFF,0x0,0x0,0x0,0xDE,0xFF,0xFF,0x6B,0x94,0xFF,0xFF,0xFF,0xB5,0x0,0x4A,0xFF,0xFF,0xFF,0x0,0x0,0xDE,0x6B,0x21,0xDE,0xFF,0x6B,0x0,0x0,0x94,0x6B,0x0,0x0,0x4A,0xDE,0x4A,0x0,0x0,0x0,0x0,0x0,0x0,
        0x0,0x0,0x0,0x0,0x0,0x0,0x0,0x0,0x0,0xDE,0xFF,0xFF,0xFF,0x4A,0x21,0xB5,0x6B,0x0,0x6B,0xFF,0x6B,0x6B,0xB5,0x21,0xFF,0xFF,0xFF,0xFF,0x0,0x0,0xFF,0xFF,0xFF,0x21,0x0,0x21,0x6B,0xDE,0xFF,0xFF,0x94,0x0,0x0,0x4A,0xDE,0x0,0x0,0xDE,0x0,0x0,0x0,0x0,0x0,0x0,0x0,0x0,
        0x0,0x0,0x0,0x0,0x0,0x0,0x0,0x0,0x0,0x0,0x4A,0xB5,0xFF,0x94,0x0,0x4A,0xB5,0x0,0x21,0xDE,0x0,0x0,0xFF,0x0,0x4A,0xDE,0xFF,0xFF,0x4A,0x0,0x94,0xFF,0xFF,0xDE,0xDE,0xFF,0xFF,0xFF,0xFF,0xFF,0xFF,0x0,0x0,0x94,0xFF,0x21,0x6B,0xFF,0x4A,0x0,0x0,0x0,0x0,0x0,0x0,0x0,
        0x0,0x0,0x0,0x0,0x0,0x0,0x0,0x0,0x0,0x0,0x0,0x21,0xFF,0xFF,0x0,0x0,0xFF,0x94,0x0,0xDE,0x94,0x21,0xB5,0x4A,0x0,0x94,0xFF,0xFF,0x94,0x0,0x21,0x4A,0xFF,0xFF,0xFF,0xFF,0xFF,0xFF,0xFF,0xFF,0xFF,0x4A,0x0,0xB5,0xFF,0x94,0xB5,0xFF,0x94,0x0,0x0,0x0,0x0,0x0,0x0,0x0,
        0x0,0x0,0x0,0x0,0x0,0x0,0x0,0x0,0x0,0x0,0x0,0x0,0xDE,0xFF,0x21,0x0,0xB5,0xFF,0x6B,0x6B,0xDE,0xDE,0xFF,0x6B,0x0,0x21,0xFF,0xFF,0x21,0x0,0x0,0x0,0xDE,0xFF,0xFF,0xFF,0xFF,0xFF,0xFF,0xDE,0xB5,0x94,0x0,0xB5,0xFF,0xFF,0xFF,0xFF,0xDE,0x0,0x0,0x0,0x0,0x0,0x0,0x0,
        0x0,0x0,0x0,0x0,0x0,0x0,0x0,0x0,0x0,0x0,0x0,0x0,0x94,0xFF,0x94,0x0,0x4A,0xB5,0xB5,0x0,0x6B,0x4A,0x0,0x4A,0x94,0xDE,0xFF,0xFF,0x21,0x0,0x0,0x0,0x0,0x94,0xFF,0xFF,0xFF,0xFF,0xFF,0xDE,0x21,0xDE,0x21,0xFF,0xFF,0xFF,0xFF,0xFF,0x21,0x0,0x0,0x0,0x0,0x0,0x0,0x0,
        0x0,0x0,0x0,0x0,0x0,0x0,0x0,0x0,0x0,0x0,0x0,0x0,0x0,0x21,0xFF,0xB5,0x0,0x0,0xFF,0xFF,0xFF,0xB5,0xFF,0xFF,0xFF,0xFF,0xFF,0xDE,0x21,0x0,0x0,0x0,0x0,0x21,0xFF,0xFF,0xFF,0xFF,0xFF,0xDE,0x0,0x21,0xDE,0xFF,0xFF,0xFF,0xFF,0xFF,0x94,0x0,0x0,0x0,0x0,0x0,0x0,0x0,
        0x0,0x0,0x0,0x0,0x0,0x0,0x0,0x0,0x0,0x0,0x0,0x0,0x0,0x0,0xDE,0xFF,0x4A,0x0,0x21,0x94,0xFF,0xFF,0xFF,0xFF,0xFF,0xFF,0xFF,0xDE,0x0,0x0,0x0,0x0,0x0,0x0,0xDE,0xFF,0xFF,0xFF,0xFF,0x6B,0x0,0x0,0x6B,0xFF,0xFF,0xFF,0xFF,0xDE,0x0,0x0,0x0,0x0,0x0,0x0,0x0,0x0,
        0x0,0x0,0x0,0x0,0x0,0x0,0x0,0x0,0x0,0x0,0x0,0x0,0x0,0x0,0x94,0xFF,0x94,0x0,0x0,0x4A,0xFF,0xFF,0xFF,0xFF,0xFF,0xFF,0xFF,0xFF,0x21,0x0,0x0,0x0,0x0,0x0,0xDE,0xFF,0xFF,0xDE,0x94,0xB5,0x0,0x0,0x21,0xFF,0xFF,0xFF,0xFF,0x94,0x0,0x0,0x0,0x0,0x0,0x0,0x0,0x0,
        0x0,0x0,0x0,0x0,0x0,0x0,0x0,0x0,0x0,0x0,0x0,0x0,0x0,0x0,0x21,0x94,0xFF,0x0,0x0,0x0,0xFF,0xFF,0xFF,0xFF,0xFF,0xFF,0xFF,0xFF,0x6B,0x0,0x0,0x0,0x0,0x6B,0xFF,0xFF,0xFF,0xFF,0x0,0xFF,0x0,0x0,0x0,0xDE,0xFF,0xFF,0xFF,0x21,0x0,0x0,0x0,0x0,0x0,0x0,0x0,0x0,
        0x0,0x0,0x0,0x0,0x0,0x0,0x0,0x0,0x0,0x0,0x0,0x0,0x0,0x0,0x0,0x0,0xDE,0x4A,0x21,0x0,0x94,0xDE,0xB5,0xFF,0xFF,0xFF,0xFF,0xFF,0xFF,0xB5,0x21,0x6B,0xDE,0xFF,0xFF,0xFF,0xFF,0xFF,0x4A,0xB5,0x4A,0x0,0x6B,0xFF,0xFF,0xFF,0x94,0x0,0x0,0x0,0x0,0x0,0x0,0x0,0x0,0x0,
        0x0,0x0,0x0,0x0,0x0,0x0,0x0,0x0,0x0,0x0,0x0,0x21,0x94,0x4A,0x0,0x0,0x6B,0xFF,0x94,0x0,0x4A,0xB5,0x21,0xFF,0xFF,0xFF,0xFF,0xFF,0xFF,0xFF,0xFF,0xFF,0xFF,0xFF,0xFF,0xFF,0x6B,0x4A,0x21,0x4A,0xB5,0x0,0x21,0xFF,0xFF,0xFF,0x0,0x0,0x0,0x0,0x0,0x0,0x0,0x0,0x0,0x0,
        0x0,0x0,0x0,0x0,0x0,0x0,0x0,0x0,0x0,0x0,0x0,0x4A,0x6B,0x6B,0xB5,0x4A,0x21,0xFF,0xFF,0xB5,0x0,0xB5,0x0,0x0,0xDE,0x94,0xB5,0xFF,0xFF,0xFF,0xFF,0xDE,0x4A,0x4A,0xDE,0xDE,0x0,0x0,0x0,0x0,0xFF,0x0,0xB5,0xFF,0xB5,0x4A,0x0,0x0,0x0,0x0,0x0,0x0,0x0,0x0,0x0,0x0,
        0x0,0x0,0x0,0x0,0x0,0x0,0x0,0x0,0x0,0x0,0x0,0x0,0x0,0x0,0xFF,0xFF,0xB5,0xFF,0xFF,0xFF,0xFF,0x4A,0x0,0x0,0x6B,0x94,0x6B,0xFF,0xB5,0xFF,0xFF,0x94,0x0,0x0,0x0,0xFF,0x0,0x0,0x0,0x0,0xB5,0x94,0xFF,0xFF,0x4A,0x0,0x0,0x0,0x0,0x0,0x0,0x0,0x0,0x0,0x0,0x0,
        0x0,0x0,0x0,0x0,0x0,0x0,0x0,0x0,0x0,0x0,0x0,0x0,0x0,0x0,0xB5,0xFF,0xFF,0xFF,0xFF,0xFF,0xFF,0xB5,0x0,0x0,0x21,0xDE,0x0,0xFF,0x0,0x4A,0xFF,0x21,0x0,0x0,0x0,0xB5,0x6B,0x0,0x0,0x0,0x6B,0xFF,0xFF,0xB5,0x0,0x0,0x0,0x0,0x0,0x0,0x0,0x0,0x0,0x0,0x0,0x0,
        0x0,0x0,0x0,0x0,0x0,0x0,0x0,0x0,0x0,0x0,0x0,0x0,0x0,0x0,0x4A,0xDE,0xFF,0xFF,0xFF,0xFF,0xFF,0xFF,0x0,0x0,0x0,0xDE,0x21,0x0,0x0,0x0,0x94,0x6B,0x0,0x0,0x0,0x4A,0xB5,0x0,0x0,0x0,0x0,0xFF,0xFF,0x0,0x0,0x0,0x0,0x0,0x0,0x0,0x0,0x0,0x0,0x0,0x0,0x0,
        0x0,0x0,0x0,0x0,0x0,0x0,0x0,0x0,0x0,0x0,0x0,0x0,0x0,0x0,0x0,0x0,0xFF,0xFF,0xFF,0xFF,0xFF,0xFF,0x94,0x4A,0x0,0x94,0x94,0x0,0x0,0x0,0x4A,0xDE,0x0,0x0,0x0,0x0,0xFF,0x0,0x0,0x0,0xDE,0xFF,0x94,0x0,0x0,0x0,0x0,0x0,0x0,0x0,0x0,0x0,0x0,0x0,0x0,0x0,
        0x0,0x0,0x0,0x0,0x0,0x0,0x0,0x0,0x0,0x0,0x0,0x0,0x0,0x0,0x0,0x0,0x4A,0xB5,0xFF,0xFF,0xFF,0xFF,0xFF,0xB5,0x0,0x21,0xDE,0x0,0x0,0x0,0x0,0xFF,0x21,0x0,0x0,0x0,0x21,0x0,0x21,0x4A,0x6B,0xFF,0x4A,0x0,0x0,0x0,0x0,0x0,0x0,0x0,0x0,0x0,0x0,0x0,0x0,0x0,
        0x0,0x0,0x0,0x0,0x0,0x0,0x0,0x0,0x0,0x0,0x0,0x0,0x0,0x0,0x0,0x0,0x0,0x0,0x21,0xB5,0xFF,0xFF,0xFF,0xFF,0xFF,0x4A,0xFF,0x21,0x0,0x0,0x0,0x94,0x4A,0x0,0x0,0x4A,0x6B,0x0,0x4A,0xDE,0x21,0xFF,0x0,0x0,0x0,0x0,0x0,0x0,0x0,0x0,0x0,0x0,0x0,0x0,0x0,0x0,
        0x0,0x0,0x0,0x0,0x0,0x0,0x0,0x0,0x0,0x0,0x0,0x0,0x0,0x0,0x0,0x0,0x0,0x0,0x0,0x0,0x4A,0xDE,0xB5,0xDE,0xFF,0xFF,0xFF,0x94,0x0,0x0,0x0,0x0,0x0,0xB5,0xFF,0xFF,0xFF,0x0,0x0,0xFF,0x21,0xB5,0x21,0x0,0x0,0x0,0x0,0x0,0x0,0x0,0x0,0x0,0x0,0x0,0x0,0x0,
        0x0,0x0,0x0,0x0,0x0,0x0,0x0,0x0,0x0,0x0,0x0,0x0,0x0,0x0,0x0,0x0,0x0,0x0,0x0,0x0,0x0,0x0,0x0,0x21,0x6B,0xFF,0xFF,0xFF,0xDE,0x0,0xB5,0x0,0x0,0xFF,0xFF,0xFF,0xFF,0xFF,0x4A,0x94,0xFF,0x94,0x0,0x0,0x0,0x0,0x0,0x0,0x0,0x0,0x0,0x0,0x0,0x0,0x0,0x0,
        0x0,0x0,0x0,0x0,0x0,0x0,0x0,0x0,0x0,0x0,0x0,0x0,0x0,0x0,0x0,0x0,0x0,0x0,0x0,0x0,0x0,0x0,0x0,0x0,0x0,0x0,0x94,0xFF,0xFF,0x21,0xB5,0x4A,0x21,0xDE,0xFF,0xFF,0xFF,0xFF,0xB5,0x94,0xFF,0xDE,0x0,0x0,0x0,0x0,0x0,0x0,0x0,0x0,0x0,0x0,0x0,0x0,0x0,0x0,
        0x0,0x0,0x0,0x0,0x0,0x0,0x0,0x0,0x0,0x0,0x0,0x0,0x0,0x0,0x0,0x0,0x0,0x0,0x0,0x0,0x0,0x0,0x0,0x0,0x0,0x0,0x0,0x21,0x94,0x94,0x6B,0xB5,0x4A,0xFF,0xFF,0xFF,0xFF,0xFF,0xFF,0xFF,0xFF,0x21,0x0,0x0,0x0,0x0,0x0,0x0,0x0,0x0,0x0,0x0,0x0,0x0,0x0,0x0,
        0x0,0x0,0x0,0x0,0x0,0x0,0x0,0x0,0x0,0x0,0x0,0x0,0x0,0x0,0x0,0x0,0x0,0x0,0x0,0x0,0x0,0x0,0x0,0x0,0x0,0x0,0x0,0x0,0x21,0xB5,0x94,0xFF,0x21,0xFF,0xFF,0xFF,0xFF,0xFF,0xFF,0xFF,0xFF,0x6B,0x0,0x0,0x0,0x0,0x0,0x0,0x0,0x0,0x0,0x0,0x0,0x0,0x0,0x0,
        0x0,0x0,0x0,0x0,0x0,0x0,0x0,0x0,0x0,0x0,0x0,0x0,0x0,0x0,0x0,0x0,0x0,0x0,0x0,0x0,0x0,0x0,0x0,0x0,0x0,0x0,0x0,0x0,0x0,0x0,0xDE,0xFF,0xFF,0xFF,0xFF,0xFF,0xFF,0xFF,0xFF,0xFF,0xDE,0x0,0x0,0x0,0x0,0x0,0x0,0x0,0x0,0x0,0x0,0x0,0x0,0x0,0x0,0x0,
        0x0,0x0,0x0,0x0,0x0,0x0,0x0,0x0,0x0,0x0,0x0,0x0,0x0,0x0,0x0,0x0,0x0,0x0,0x0,0x0,0x0,0x0,0x0,0x0,0x0,0x0,0x0,0x0,0x0,0x0,0x4A,0x94,0xFF,0xFF,0xFF,0xFF,0xFF,0xFF,0xFF,0xDE,0x6B,0x0,0x0,0x0,0x0,0x0,0x0,0x0,0x0,0x0,0x0,0x0,0x0,0x0,0x0,0x0,
        0x0,0x0,0x0,0x0,0x0,0x0,0x0,0x0,0x0,0x0,0x0,0x0,0x0,0x0,0x0,0x0,0x0,0x0,0x0,0x0,0x0,0x0,0x0,0x0,0x0,0x0,0x0,0x0,0x0,0x0,0x0,0x21,0xFF,0xFF,0xFF,0xFF,0xB5,0x6B,0x21,0x0,0x0,0x0,0x0,0x0,0x0,0x0,0x0,0x0,0x0,0x0,0x0,0x0,0x0,0x0,0x0,0x0,
        0x0,0x0,0x0,0x0,0x0,0x0,0x0,0x0,0x0,0x0,0x0,0x0,0x0,0x0,0x0,0x0,0x0,0x0,0x0,0x0,0x0,0x0,0x0,0x0,0x0,0x0,0x0,0x0,0x0,0x0,0x0,0x0,0x0,0x94,0x6B,0x0,0x0,0x0,0x0,0x0,0x0,0x0,0x0,0x0,0x0,0x0,0x0,0x0,0x0,0x0,0x0,0x0,0x0,0x0,0x0,0x0,
        0x0,0x0,0x0,0x0,0x0,0x0,0x0,0x0,0x0,0x0,0x0,0x0,0x0,0x0,0x0,0x0,0x0,0x0,0x0,0x0,0x0,0x0,0x0,0x0,0x0,0x0,0x0,0x0,0x0,0x0,0x0,0x0,0x0,0x0,0x0,0x0,0x0,0x0,0x0,0x0,0x0,0x0,0x0,0x0,0x0,0x0,0x0,0x0,0x0,0x0,0x0,0x0,0x0,0x0,0x0,0x0
    }
};

const gfx_sprite_t sprite_gaster_blaster_0_2 = {
    .width = 56,
    .height = 56,
    .data = {
        0x0,0x0,0x0,0x0,0x0,0x0,0x0,0x0,0x0,0x0,0x0,0x0,0x0,0x0,0x0,0x0,0x0,0x0,0x0,0x0,0x0,0x0,0x0,0x0,0x0,0x0,0x0,0x0,0x0,0x0,0x0,0x0,0x0,0x0,0x0,0x0,0x0,0x0,0x0,0x0,0x0,0x0,0x0,0x0,0x0,0x0,0x0,0x0,0x0,0x0,0x0,0x0,0x0,0x0,0x0,0x0,
        0x0,0x0,0x0,0x0,0x0,0x0,0x0,0x0,0x0,0x0,0x0,0x0,0x0,0x0,0x0,0x0,0x0,0x0,0x0,0x0,0x0,0x0,0x0,0x0,0x0,0x21,0x0,0x0,0x0,0x0,0x0,0x0,0x0,0x0,0x0,0x0,0x0,0x0,0x0,0x0,0x0,0x0,0x0,0x0,0x0,0x0,0x0,0x0,0x0,0x0,0x0,0x0,0x0,0x0,0x0,0x0,
        0x0,0x0,0x0,0x0,0x0,0x0,0x0,0x0,0x0,0x0,0x0,0x0,0x0,0x0,0x0,0x0,0x0,0x0,0x0,0x0,0x0,0x0,0x0,0x0,0x94,0xFF,0xDE,0xB5,0xB5,0x6B,0x21,0x21,0x0,0x0,0x0,0x0,0x0,0x0,0x0,0x0,0x0,0x0,0x0,0x0,0x0,0x0,0x0,0x0,0x0,0x0,0x0,0x0,0x0,0x0,0x0,0x0,
        0x0,0x0,0x0,0x0,0x0,0x0,0x0,0x0,0x0,0x0,0x0,0x0,0x0,0x0,0x0,0x0,0x0,0x0,0x0,0x0,0x0,0x0,0x0,0x0,0x4A,0x4A,0x6B,0xB5,0xDE,0xFF,0xFF,0xDE,0x0,0x0,0x0,0x0,0x0,0x0,0x0,0x0,0x0,0x0,0x0,0x0,0x0,0x0,0x0,0x0,0x0,0x0,0x0,0x0,0x0,0x0,0x0,0x0,
        0x0,0x0,0x0,0x0,0x0,0x0,0x0,0x0,0x0,0x0,0x0,0x0,0x0,0x0,0x0,0x0,0x0,0x0,0x0,0x0,0x0,0x0,0x0,0x0,0x0,0x0,0x0,0x0,0x0,0xDE,0xDE,0xFF,0xB5,0x6B,0x0,0x0,0x0,0x0,0x0,0x0,0x0,0x0,0x0,0x0,0x0,0x0,0x0,0x0,0x0,0x0,0x0,0x0,0x0,0x0,0x0,0x0,
        0x0,0x0,0x0,0x0,0x0,0x0,0x0,0x0,0x0,0x0,0x0,0x0,0x0,0x94,0x0,0x0,0x0,0x0,0x0,0x0,0x0,0x0,0x0,0x0,0x0,0x0,0x0,0x0,0x0,0x0,0x21,0xFF,0xFF,0xFF,0x94,0x6B,0x0,0x0,0x0,0x0,0x0,0x0,0x0,0x0,0x0,0x0,0x0,0x0,0x0,0x0,0x0,0x0,0x0,0x0,0x0,0x0,
        0x0,0x0,0x0,0x0,0x0,0x0,0x0,0x0,0x0,0x0,0x0,0x21,0xFF,0xFF,0x6B,0x4A,0x0,0x0,0x0,0x0,0x0,0x0,0x0,0x4A,0x4A,0x6B,0xB5,0x94,0x4A,0x21,0x6B,0xFF,0xFF,0xFF,0xFF,0xFF,0x94,0x6B,0x0,0x0,0x0,0x0,0x0,0x0,0x0,0x0,0x0,0x0,0x0,0x0,0x0,0x0,0x0,0x0,0x0,0x0,
        0x0,0x0,0x0,0x0,0x0,0x0,0x0,0x0,0x0,0x0,0x0,0x0,0x6B,0xFF,0xFF,0xFF,0xFF,0xDE,0xDE,0xB5,0x6B,0xFF,0xB5,0xFF,0xFF,0xFF,0xFF,0xFF,0xFF,0xFF,0xFF,0xFF,0xFF,0xFF,0xFF,0xFF,0xFF,0xFF,0x94,0x0,0x0,0x0,0x0,0x0,0x0,0x0,0x0,0x0,0x0,0x0,0x0,0x0,0x0,0x0,0x0,0x0,
        0x0,0x0,0x0,0x0,0x0,0x0,0x0,0x0,0x0,0x0,0x0,0x0,0x4A,0xFF,0xFF,0xFF,0xFF,0xFF,0xFF,0xFF,0xFF,0xFF,0xFF,0xFF,0xFF,0xFF,0xFF,0xFF,0xFF,0xFF,0xFF,0xFF,0xFF,0xFF,0xFF,0xFF,0xFF,0xFF,0xFF,0x4A,0x0,0x0,0x0,0x0,0x0,0x0,0x0,0x0,0x0,0x0,0x0,0x0,0x0,0x0,0x0,0x0,
        0x0,0x0,0x0,0x0,0x0,0x0,0x0,0x0,0x0,0x0,0x0,0x0,0x6B,0xFF,0xFF,0xFF,0xFF,0xFF,0xFF,0xFF,0xFF,0xFF,0xFF,0xFF,0xFF,0xFF,0xFF,0xFF,0xFF,0xFF,0xFF,0xFF,0xFF,0xFF,0xFF,0xFF,0xFF,0xFF,0xFF,0xFF,0x0,0x0,0x0,0x0,0x0,0x0,0x0,0x0,0x0,0x0,0x0,0x0,0x0,0x0,0x0,0x0,
        0x0,0x0,0x0,0x0,0x0,0x0,0x0,0x0,0x0,0x0,0x0,0x0,0xB5,0xFF,0xFF,0xFF,0xFF,0xFF,0xFF,0xFF,0xFF,0xFF,0xFF,0xFF,0xFF,0xFF,0xFF,0xFF,0xFF,0xFF,0xFF,0xFF,0xFF,0xFF,0xFF,0xFF,0xFF,0xFF,0xFF,0xFF,0x4A,0x0,0x0,0x0,0x0,0x0,0x0,0x0,0x0,0x0,0x0,0x0,0x0,0x0,0x0,0x0,
        0x0,0x0,0x0,0x0,0x0,0x0,0x0,0x0,0x0,0x0,0x0,0x0,0xDE,0xFF,0xFF,0xFF,0xFF,0xFF,0xFF,0xFF,0xFF,0xFF,0xFF,0xFF,0xFF,0xFF,0xFF,0xFF,0xFF,0xFF,0xFF,0xFF,0x94,0xDE,0xFF,0xDE,0xFF,0xFF,0xFF,0xFF,0x4A,0x0,0x0,0x0,0x0,0x0,0x0,0x0,0x0,0x0,0x0,0x0,0x0,0x0,0x0,0x0,
        0x0,0x0,0x0,0x0,0x0,0x0,0x0,0x0,0x0,0x0,0x0,0x0,0xDE,0xFF,0xFF,0xFF,0xFF,0xFF,0xFF,0xFF,0xFF,0xFF,0xFF,0xFF,0xFF,0xFF,0xFF,0xFF,0xFF,0xFF,0xFF,0xFF,0x94,0x94,0x0,0x0,0xDE,0xFF,0xFF,0xFF,0xDE,0x0,0x0,0x0,0x0,0x0,0x0,0x0,0x0,0x0,0x0,0x0,0x0,0x0,0x0,0x0,
        0x0,0x0,0x0,0x0,0x0,0x0,0x0,0x0,0x0,0x0,0x0,0x0,0xFF,0xFF,0xFF,0xFF,0xFF,0xFF,0xFF,0xB5,0xFF,0xFF,0xFF,0xFF,0xFF,0xFF,0xFF,0xFF,0xFF,0xFF,0xFF,0xFF,0xFF,0xFF,0x4A,0x0,0x4A,0xFF,0xFF,0xFF,0x94,0x0,0x0,0x0,0x0,0x0,0x0,0x0,0x0,0x0,0x0,0x0,0x0,0x0,0x0,0x0,
        0x0,0x0,0x0,0x0,0x0,0x0,0x0,0x0,0x0,0x0,0x0,0xB5,0xFF,0xFF,0xFF,0xFF,0xFF,0xFF,0x21,0x0,0xDE,0xFF,0xFF,0xFF,0xFF,0xFF,0xFF,0xFF,0xFF,0xFF,0xFF,0xFF,0xFF,0xFF,0xFF,0xDE,0x4A,0x94,0xFF,0xFF,0x4A,0x0,0x0,0x0,0x0,0x0,0x0,0x0,0x0,0x0,0x0,0x0,0x0,0x0,0x0,0x0,
        0x0,0x0,0x0,0x0,0x0,0x0,0x0,0x0,0x0,0x0,0x0,0xFF,0xFF,0xFF,0xFF,0xFF,0xFF,0xFF,0x6B,0x0,0x21,0xFF,0xFF,0xFF,0xFF,0xFF,0xFF,0xFF,0xFF,0xFF,0xFF,0xFF,0xFF,0xDE,0xFF,0xFF,0xFF,0x0,0xB5,0xFF,0xB5,0x0,0x0,0x0,0x0,0x0,0x0,0x0,0x0,0x0,0x0,0x0,0x0,0x0,0x0,0x0,
        0x0,0x0,0x0,0x0,0x0,0xDE,0x6B,0x0,0x0,0x0,0xB5,0xFF,0xFF,0xFF,0xFF,0xFF,0xFF,0xFF,0xFF,0x21,0x0,0x6B,0xFF,0xFF,0xFF,0xFF,0xFF,0xFF,0xFF,0xFF,0xFF,0xFF,0x4A,0x0,0x21,0xB5,0xFF,0x4A,0x21,0xFF,0xFF,0x6B,0x0,0x0,0x0,0x0,0x0,0x0,0x0,0x0,0x0,0x0,0x0,0x0,0x0,0x0,
        0x0,0x0,0x0,0x0,0x0,0xFF,0x4A,0x0,0x0,0x0,0xFF,0xFF,0xFF,0xFF,0xFF,0xFF,0xFF,0xFF,0xFF,0xDE,0x0,0x0,0x94,0xFF,0xFF,0xFF,0xFF,0xFF,0xFF,0xFF,0xFF,0x21,0x0,0x0,0x0,0x21,0xFF,0x4A,0x0,0x4A,0xFF,0xFF,0x21,0x0,0x0,0x0,0x0,0x0,0x0,0x0,0x0,0x0,0x0,0x0,0x0,0x0,
        0x0,0x0,0x0,0x0,0x4A,0xFF,0x0,0x0,0x0,0xB5,0xFF,0xFF,0xFF,0xFF,0xFF,0xFF,0xFF,0xFF,0xFF,0xFF,0x94,0x0,0x0,0xDE,0xFF,0xFF,0xFF,0xFF,0xFF,0xFF,0xFF,0x21,0x0,0x0,0x0,0x0,0x4A,0xDE,0x0,0x0,0x94,0xDE,0x0,0x0,0x0,0x0,0x0,0x0,0x0,0x0,0x0,0x0,0x0,0x0,0x0,0x0,
        0x0,0x0,0x0,0x0,0x94,0xDE,0x0,0x0,0x0,0xFF,0xFF,0xFF,0xFF,0xFF,0xFF,0xFF,0xFF,0xFF,0xFF,0xFF,0xFF,0x4A,0x0,0x21,0xFF,0xFF,0xFF,0xFF,0xFF,0xFF,0xFF,0x21,0x0,0x6B,0x21,0x0,0x0,0x94,0x94,0x0,0x0,0xDE,0x6B,0x0,0x0,0x0,0x0,0x0,0x0,0x0,0x0,0x0,0x0,0x0,0x0,0x0,
        0x0,0x0,0x0,0x0,0x94,0xFF,0x0,0x0,0x6B,0xFF,0xFF,0xFF,0xFF,0xFF,0xFF,0xFF,0xFF,0xFF,0xFF,0xFF,0xFF,0xFF,0x21,0x0,0x6B,0xFF,0xFF,0xFF,0xFF,0xFF,0xDE,0x0,0xDE,0xFF,0xFF,0xB5,0x0,0xDE,0xFF,0x6B,0x21,0xFF,0xFF,0x21,0x0,0x0,0x0,0xB5,0x0,0x0,0x0,0x0,0x0,0x0,0x0,0x0,
        0x0,0x0,0x0,0x0,0xDE,0xFF,0x6B,0x0,0x94,0xFF,0xFF,0xFF,0xFF,0xFF,0xFF,0xFF,0xFF,0xFF,0xFF,0xFF,0xFF,0xFF,0xB5,0x0,0x0,0xB5,0xFF,0xFF,0xFF,0xFF,0x94,0x0,0xDE,0xB5,0x21,0xDE,0x6B,0x6B,0xFF,0x21,0x0,0xB5,0xFF,0xB5,0x0,0x0,0x94,0x6B,0x0,0x0,0x0,0x0,0x0,0x0,0x0,0x0,
        0x0,0x0,0x0,0x21,0xFF,0xFF,0x4A,0x0,0x94,0xFF,0xFF,0xFF,0xFF,0xFF,0xFF,0xFF,0xFF,0xFF,0xFF,0xFF,0xFF,0xFF,0xFF,0x94,0x0,0x0,0xFF,0xFF,0xFF,0xFF,0xDE,0x0,0xDE,0x6B,0x0,0x6B,0xFF,0x0,0x94,0x94,0x0,0x0,0xDE,0x4A,0x0,0x0,0xB5,0x0,0x0,0x0,0x0,0x0,0x0,0x0,0x0,0x0,
        0x0,0x0,0x0,0x0,0x94,0xFF,0xDE,0xB5,0xFF,0xFF,0xFF,0xFF,0xFF,0xFF,0xFF,0xFF,0xFF,0xFF,0xFF,0xFF,0xFF,0xFF,0xFF,0xFF,0x4A,0x0,0x4A,0xFF,0xFF,0xFF,0xFF,0xB5,0x21,0xFF,0x21,0xB5,0xB5,0x21,0xDE,0xB5,0x0,0x0,0x4A,0xFF,0x0,0x0,0xDE,0xB5,0x0,0x0,0x0,0x0,0x0,0x0,0x0,0x0,
        0x0,0x0,0x0,0x0,0x0,0xDE,0xFF,0xFF,0xFF,0xFF,0xFF,0xFF,0xFF,0xFF,0xFF,0xFF,0xFF,0xFF,0xFF,0xFF,0xFF,0xFF,0xFF,0xFF,0xFF,0x0,0x0,0x94,0xFF,0xFF,0xFF,0xFF,0x4A,0x6B,0xDE,0xFF,0x94,0xB5,0xFF,0xB5,0x0,0x0,0x0,0xDE,0xB5,0x0,0xFF,0xFF,0x6B,0x0,0x0,0x0,0x0,0x0,0x0,0x0,
        0x0,0x0,0x0,0x0,0x21,0xFF,0xFF,0xFF,0xFF,0xFF,0xFF,0xFF,0xFF,0xFF,0xFF,0xFF,0xFF,0xFF,0xFF,0xFF,0xFF,0xFF,0xFF,0xFF,0xFF,0xB5,0x0,0x0,0xDE,0xFF,0xFF,0xFF,0x0,0x0,0x94,0x4A,0x4A,0xDE,0xFF,0xFF,0x94,0x0,0x0,0xFF,0xFF,0xDE,0xFF,0xFF,0xB5,0x0,0x0,0x0,0x0,0x0,0x0,0x0,
        0x0,0x0,0x0,0x0,0x0,0x94,0xFF,0xFF,0xFF,0xFF,0xFF,0xDE,0x21,0xFF,0xFF,0xFF,0xFF,0xFF,0xFF,0xFF,0xFF,0xFF,0xFF,0xFF,0xFF,0xFF,0x6B,0x0,0x21,0xFF,0xFF,0xFF,0x94,0x0,0x0,0x6B,0xFF,0xFF,0xFF,0xFF,0xFF,0x4A,0x0,0x6B,0xFF,0xFF,0xFF,0xFF,0xB5,0x0,0x0,0x0,0x0,0x0,0x0,0x0,
        0x0,0x0,0x0,0x0,0x0,0xB5,0xFF,0xFF,0xFF,0xFF,0xFF,0xDE,0x94,0xFF,0xFF,0xFF,0xDE,0x4A,0x4A,0x4A,0x94,0xDE,0xDE,0xFF,0xFF,0xFF,0xFF,0x21,0x0,0x6B,0xFF,0xFF,0xFF,0x6B,0xB5,0xFF,0xFF,0xFF,0xFF,0xFF,0xDE,0xFF,0x0,0xB5,0xFF,0xFF,0xFF,0xFF,0xFF,0x21,0x0,0x0,0x0,0x0,0x0,0x0,
        0x0,0x0,0x0,0x0,0x0,0x6B,0xFF,0xFF,0xFF,0xFF,0xFF,0xB5,0x0,0xDE,0xFF,0xDE,0x0,0x0,0x0,0x0,0x21,0x0,0x21,0xFF,0xFF,0xFF,0xFF,0xDE,0x0,0x0,0x94,0xFF,0xFF,0xFF,0xFF,0xFF,0xFF,0xFF,0xFF,0xFF,0x4A,0x94,0x94,0xDE,0xFF,0xFF,0xFF,0xFF,0xDE,0x0,0x0,0x0,0x0,0x0,0x0,0x0,
        0x0,0x0,0x0,0x0,0x0,0x21,0xFF,0xFF,0xFF,0xFF,0xFF,0x6B,0x0,0x4A,0xFF,0xDE,0x0,0x0,0x0,0x94,0xFF,0xDE,0x6B,0x4A,0xFF,0xFF,0xFF,0xFF,0x94,0x0,0x0,0x4A,0xB5,0xFF,0xFF,0xFF,0xFF,0xFF,0xFF,0xFF,0xFF,0x0,0x0,0x94,0xFF,0xFF,0xFF,0xFF,0xB5,0x0,0x0,0x0,0x0,0x0,0x0,0x0,
        0x0,0x0,0x0,0x0,0x0,0x21,0xFF,0xFF,0xFF,0xFF,0xFF,0xFF,0x0,0x94,0xFF,0xB5,0x0,0x0,0x0,0xB5,0xFF,0x94,0xFF,0x21,0x6B,0x6B,0xFF,0xFF,0xFF,0x4A,0x0,0x0,0x0,0x6B,0xB5,0xFF,0xFF,0xFF,0xFF,0xFF,0xB5,0x0,0x0,0x0,0xDE,0xFF,0xFF,0xFF,0x94,0x0,0x0,0x0,0x0,0x0,0x0,0x0,
        0x0,0x0,0x0,0x0,0x0,0x0,0x6B,0xFF,0xFF,0xFF,0xFF,0xFF,0xB5,0x0,0xFF,0xFF,0x6B,0x0,0x0,0xFF,0x6B,0x0,0x6B,0xDE,0x0,0x0,0x94,0xFF,0xFF,0x0,0x0,0x0,0x0,0x0,0x0,0xFF,0xFF,0xFF,0xFF,0xFF,0xFF,0x21,0x0,0x0,0x21,0xFF,0xFF,0xFF,0x6B,0x0,0x0,0x0,0x0,0x0,0x0,0x0,
        0x0,0x0,0x0,0x0,0x0,0x0,0x0,0xB5,0xFF,0xFF,0xFF,0xFF,0xFF,0x6B,0x4A,0x6B,0xFF,0x21,0x0,0x4A,0xDE,0x21,0x21,0xB5,0x94,0x0,0x0,0xFF,0xFF,0x94,0x0,0x0,0x0,0x0,0x0,0x4A,0xFF,0xFF,0xFF,0x94,0x4A,0xDE,0x0,0x0,0x6B,0xFF,0xFF,0xFF,0x21,0x0,0x0,0x0,0x0,0x0,0x0,0x0,
        0x0,0x0,0x0,0x0,0x0,0x0,0x0,0x0,0x94,0xB5,0xFF,0xFF,0xFF,0xFF,0x4A,0x0,0x4A,0xDE,0x21,0x21,0x94,0xFF,0xFF,0xFF,0x4A,0x4A,0xDE,0xFF,0xFF,0x6B,0x0,0x0,0x0,0x0,0x0,0x0,0xFF,0xFF,0xFF,0xFF,0x21,0x94,0x94,0x0,0x0,0xDE,0xFF,0xDE,0x21,0x0,0x0,0x0,0x0,0x0,0x0,0x0,
        0x0,0x0,0x0,0x0,0x0,0x0,0x0,0x0,0x0,0x0,0xB5,0xDE,0xDE,0xFF,0xDE,0x0,0x0,0x94,0xFF,0xDE,0x0,0x21,0x94,0x0,0x94,0xFF,0xFF,0xFF,0xFF,0xB5,0x0,0x0,0x0,0x0,0x0,0x21,0xFF,0xFF,0xFF,0xDE,0xDE,0x0,0xDE,0x6B,0x0,0xFF,0xFF,0x21,0x0,0x0,0x0,0x0,0x0,0x0,0x0,0x0,
        0x0,0x0,0x0,0x0,0x0,0x0,0x0,0x0,0x0,0x0,0x0,0x0,0x0,0xB5,0xFF,0xB5,0x0,0x0,0xDE,0xDE,0x94,0x94,0xFF,0xDE,0xFF,0xFF,0xFF,0xFF,0xFF,0xFF,0x6B,0x0,0x0,0x0,0x21,0xDE,0xFF,0xFF,0xFF,0x21,0x21,0x0,0x21,0xFF,0x21,0xDE,0xFF,0x0,0x0,0x0,0x0,0x0,0x0,0x0,0x0,0x0,
        0x0,0x0,0x0,0x0,0x0,0x0,0x0,0x0,0x0,0x0,0x0,0x0,0x0,0x21,0xFF,0xFF,0x6B,0x0,0x0,0x0,0xDE,0xDE,0xFF,0xFF,0xFF,0xFF,0xFF,0xFF,0xFF,0xFF,0xFF,0x6B,0x6B,0x6B,0xFF,0xFF,0xFF,0xFF,0xDE,0x0,0x0,0x0,0x0,0x6B,0xFF,0xFF,0xFF,0x0,0x0,0x0,0x0,0x0,0x0,0x0,0x0,0x0,
        0x0,0x0,0x0,0x0,0x0,0x0,0x0,0x0,0x0,0x0,0x0,0x0,0x0,0x0,0x4A,0x6B,0xFF,0xDE,0x6B,0x0,0x0,0x0,0xDE,0xFF,0xFF,0xFF,0xFF,0xFF,0xFF,0xFF,0xFF,0xFF,0xFF,0xFF,0xFF,0x94,0x21,0x6B,0xDE,0x6B,0x0,0x0,0x0,0x0,0xB5,0xFF,0xDE,0x0,0x0,0x0,0x0,0x0,0x0,0x0,0x0,0x0,
        0x0,0x0,0x0,0x0,0x0,0x0,0x0,0x0,0x0,0x0,0x0,0x0,0x0,0x0,0x0,0x0,0x6B,0xFF,0xFF,0x21,0x0,0x0,0x4A,0xFF,0xFF,0xFF,0xFF,0xFF,0xFF,0xFF,0xFF,0xFF,0xFF,0xFF,0xFF,0x21,0x0,0x0,0x21,0xFF,0x21,0x0,0x0,0x0,0x94,0xFF,0x94,0x0,0x0,0x0,0x0,0x0,0x0,0x0,0x0,0x0,
        0x0,0x0,0x0,0x0,0x0,0x0,0x0,0x0,0x0,0x0,0x0,0x0,0x0,0x0,0x0,0x0,0x0,0xB5,0xFF,0xB5,0x0,0x0,0x0,0x6B,0xDE,0x0,0xFF,0xFF,0xFF,0xB5,0xFF,0xFF,0xFF,0xFF,0xDE,0x0,0x0,0x0,0x0,0x6B,0xDE,0x0,0x0,0x0,0x6B,0xFF,0x6B,0x0,0x0,0x0,0x0,0x0,0x0,0x0,0x0,0x0,
        0x0,0x0,0x0,0x0,0x0,0x0,0x0,0x0,0x0,0x0,0x0,0x0,0x0,0x0,0x0,0x0,0x0,0x0,0x21,0xB5,0x94,0x6B,0x0,0x0,0xB5,0x6B,0x21,0x21,0xFF,0x21,0x94,0xDE,0x21,0x4A,0xDE,0x6B,0x0,0x0,0x0,0x0,0xB5,0x4A,0x0,0x6B,0x0,0xB5,0x6B,0x0,0x0,0x0,0x0,0x0,0x0,0x0,0x0,0x0,
        0x0,0x0,0x0,0x0,0x0,0x0,0x0,0x0,0x0,0x0,0x0,0x0,0x0,0x0,0x0,0x0,0x0,0x0,0x0,0x0,0xFF,0xFF,0x6B,0x6B,0x21,0x4A,0x0,0x0,0x4A,0xDE,0x0,0x94,0x0,0x0,0x21,0xFF,0x21,0x0,0x0,0x0,0x0,0x0,0x0,0x6B,0xB5,0x0,0xDE,0x0,0x0,0x0,0x0,0x0,0x0,0x0,0x0,0x0,
        0x0,0x0,0x0,0x0,0x0,0x0,0x0,0x0,0x0,0x0,0x0,0x0,0x0,0x0,0x0,0x0,0x4A,0x0,0x21,0x0,0x4A,0xFF,0xFF,0xFF,0xFF,0xB5,0x0,0x0,0x0,0x94,0x94,0x0,0x0,0x0,0x0,0x6B,0xDE,0x0,0x0,0x0,0x6B,0xB5,0x0,0x0,0xB5,0xB5,0xB5,0x0,0x0,0x0,0x0,0x0,0x0,0x0,0x0,0x0,
        0x0,0x0,0x0,0x0,0x0,0x0,0x0,0x0,0x0,0x0,0x0,0x0,0x0,0x0,0x0,0x4A,0xFF,0x6B,0xFF,0xDE,0x94,0xFF,0xFF,0xFF,0xFF,0xFF,0x6B,0x0,0x0,0x0,0xDE,0x6B,0x0,0x0,0x0,0x0,0xB5,0x4A,0x0,0x94,0xFF,0xFF,0xB5,0xB5,0x21,0xFF,0xFF,0x4A,0x0,0x0,0x0,0x0,0x0,0x0,0x0,0x0,
        0x0,0x0,0x0,0x0,0x0,0x0,0x0,0x0,0x0,0x0,0x0,0x0,0x0,0x0,0x0,0x0,0x0,0x0,0x94,0xFF,0xFF,0xFF,0xFF,0xFF,0xFF,0xFF,0xFF,0x6B,0x6B,0x0,0x21,0xFF,0x21,0x0,0x0,0x0,0x0,0x0,0x94,0xFF,0xFF,0xFF,0xFF,0xFF,0xB5,0xFF,0xFF,0x0,0x0,0x0,0x0,0x0,0x0,0x0,0x0,0x0,
        0x0,0x0,0x0,0x0,0x0,0x0,0x0,0x0,0x0,0x0,0x0,0x0,0x0,0x0,0x0,0x0,0x0,0x0,0x0,0xB5,0xFF,0xFF,0xFF,0xFF,0xFF,0xFF,0xFF,0xFF,0xFF,0x6B,0x4A,0xB5,0xDE,0x0,0x0,0x0,0x21,0x0,0x0,0xFF,0xFF,0xFF,0xFF,0xFF,0xFF,0xFF,0xFF,0x94,0x0,0x0,0x0,0x0,0x0,0x0,0x0,0x0,
        0x0,0x0,0x0,0x0,0x0,0x0,0x0,0x0,0x0,0x0,0x0,0x0,0x0,0x0,0x0,0x0,0x0,0x0,0x0,0x0,0x21,0xDE,0xFF,0xFF,0xFF,0xFF,0xFF,0xFF,0xFF,0xFF,0xFF,0xFF,0xFF,0xDE,0xB5,0x0,0xFF,0x4A,0x21,0xFF,0xFF,0xFF,0xFF,0xFF,0xFF,0xFF,0xFF,0x6B,0x0,0x0,0x0,0x0,0x0,0x0,0x0,0x0,
        0x0,0x0,0x0,0x0,0x0,0x0,0x0,0x0,0x0,0x0,0x0,0x0,0x0,0x0,0x0,0x0,0x0,0x0,0x0,0x0,0x0,0x0,0x21,0x6B,0x94,0xB5,0xDE,0xFF,0xB5,0xB5,0xB5,0xFF,0xFF,0xFF,0xFF,0x94,0x4A,0xFF,0x0,0xB5,0xFF,0xFF,0xFF,0xFF,0xFF,0xFF,0xFF,0x4A,0x0,0x0,0x0,0x0,0x0,0x0,0x0,0x0,
        0x0,0x0,0x0,0x0,0x0,0x0,0x0,0x0,0x0,0x0,0x0,0x0,0x0,0x0,0x0,0x0,0x0,0x0,0x0,0x0,0x0,0x0,0x0,0x0,0x0,0x0,0x0,0x21,0x0,0x0,0x0,0x0,0x21,0x4A,0x4A,0xFF,0x4A,0xB5,0xB5,0xB5,0xFF,0xFF,0xFF,0xFF,0xFF,0xDE,0x21,0x0,0x0,0x0,0x0,0x0,0x0,0x0,0x0,0x0,
        0x0,0x0,0x0,0x0,0x0,0x0,0x0,0x0,0x0,0x0,0x0,0x0,0x0,0x0,0x0,0x0,0x0,0x0,0x0,0x0,0x0,0x0,0x0,0x0,0x0,0x0,0x0,0x0,0x0,0x0,0x0,0x0,0x0,0x0,0x0,0x4A,0x4A,0xFF,0xFF,0xFF,0xFF,0xFF,0xFF,0xFF,0x94,0x0,0x0,0x0,0x0,0x0,0x0,0x0,0x0,0x0,0x0,0x0,
        0x0,0x0,0x0,0x0,0x0,0x0,0x0,0x0,0x0,0x0,0x0,0x0,0x0,0x0,0x0,0x0,0x0,0x0,0x0,0x0,0x0,0x0,0x0,0x0,0x0,0x0,0x0,0x0,0x0,0x0,0x0,0x0,0x0,0x0,0x0,0x0,0x0,0x4A,0x6B,0xFF,0xFF,0xFF,0xFF,0x6B,0x0,0x0,0x0,0x0,0x0,0x0,0x0,0x0,0x0,0x0,0x0,0x0,
        0x0,0x0,0x0,0x0,0x0,0x0,0x0,0x0,0x0,0x0,0x0,0x0,0x0,0x0,0x0,0x0,0x0,0x0,0x0,0x0,0x0,0x0,0x0,0x0,0x0,0x0,0x0,0x0,0x0,0x0,0x0,0x0,0x0,0x0,0x0,0x0,0x0,0x0,0x0,0x4A,0x6B,0xB5,0x21,0x0,0x0,0x0,0x0,0x0,0x0,0x0,0x0,0x0,0x0,0x0,0x0,0x0,
        0x0,0x0,0x0,0x0,0x0,0x0,0x0,0x0,0x0,0x0,0x0,0x0,0x0,0x0,0x0,0x0,0x0,0x0,0x0,0x0,0x0,0x0,0x0,0x0,0x0,0x0,0x0,0x0,0x0,0x0,0x0,0x0,0x0,0x0,0x0,0x0,0x0,0x0,0x0,0x0,0x0,0x0,0x0,0x0,0x0,0x0,0x0,0x0,0x0,0x0,0x0,0x0,0x0,0x0,0x0,0x0,
        0x0,0x0,0x0,0x0,0x0,0x0,0x0,0x0,0x0,0x0,0x0,0x0,0x0,0x0,0x0,0x0,0x0,0x0,0x0,0x0,0x0,0x0,0x0,0x0,0x0,0x0,0x0,0x0,0x0,0x0,0x0,0x0,0x0,0x0,0x0,0x0,0x0,0x0,0x0,0x0,0x0,0x0,0x0,0x0,0x0,0x0,0x0,0x0,0x0,0x0,0x0,0x0,0x0,0x0,0x0,0x0,
        0x0,0x0,0x0,0x0,0x0,0x0,0x0,0x0,0x0,0x0,0x0,0x0,0x0,0x0,0x0,0x0,0x0,0x0,0x0,0x0,0x0,0x0,0x0,0x0,0x0,0x0,0x0,0x0,0x0,0x0,0x0,0x0,0x0,0x0,0x0,0x0,0x0,0x0,0x0,0x0,0x0,0x0,0x0,0x0,0x0,0x0,0x0,0x0,0x0,0x0,0x0,0x0,0x0,0x0,0x0,0x0,
        0x0,0x0,0x0,0x0,0x0,0x0,0x0,0x0,0x0,0x0,0x0,0x0,0x0,0x0,0x0,0x0,0x0,0x0,0x0,0x0,0x0,0x0,0x0,0x0,0x0,0x0,0x0,0x0,0x0,0x0,0x0,0x0,0x0,0x0,0x0,0x0,0x0,0x0,0x0,0x0,0x0,0x0,0x0,0x0,0x0,0x0,0x0,0x0,0x0,0x0,0x0,0x0,0x0,0x0,0x0,0x0
    }
};

const gfx_sprite_t sprite_gaster_blaster_0_3 = {
    .width = 56,
    .height = 56,
    .data = {
        0x0,0x0,0x0,0x0,0x0,0x0,0x0,0x0,0x0,0x0,0x0,0x0,0x0,0x0,0x0,0x0,0x0,0x0,0x0,0x0,0x0,0x0,0x0,0x0,0x0,0x0,0x0,0x0,0x0,0x0,0x0,0x0,0x0,0x0,0x0,0x0,0x0,0x0,0x0,0x0,0x0,0x0,0x0,0x0,0x0,0x0,0x0,0x0,0x0,0x0,0x0,0x0,0x0,0x0,0x0,0x0,
        0x0,0x0,0x0,0x0,0x0,0x0,0x0,0x0,0x0,0x0,0x0,0x0,0x0,0x0,0x0,0x0,0x0,0x0,0x0,0x0,0x0,0x0,0x0,0x0,0x0,0x0,0x0,0x0,0x0,0x0,0x0,0x0,0x0,0x0,0x0,0x0,0x0,0x0,0x0,0x0,0x0,0x0,0x0,0x0,0x0,0x0,0x0,0x0,0x0,0x0,0x0,0x0,0x0,0x0,0x0,0x0,
        0x0,0x0,0x0,0x0,0x0,0x0,0x0,0x0,0x0,0x0,0x0,0x0,0x0,0x0,0x0,0x0,0x0,0x0,0x0,0x0,0x0,0x0,0x0,0x0,0x0,0x0,0x0,0x0,0x0,0x0,0x0,0x0,0x0,0x0,0x0,0x0,0x0,0x0,0x0,0x0,0x0,0x0,0x0,0x0,0x0,0x0,0x0,0x0,0x0,0x0,0x0,0x0,0x0,0x0,0x0,0x0,
        0x0,0x0,0x0,0x0,0x0,0x0,0x0,0x0,0x0,0x0,0x0,0x0,0x0,0x0,0x0,0x0,0x0,0x0,0x21,0x0,0x6B,0x94,0x94,0xB5,0x21,0x0,0x0,0x0,0x0,0x0,0x0,0x0,0x0,0x0,0x0,0x0,0x0,0x0,0x0,0x0,0x0,0x0,0x0,0x0,0x0,0x0,0x0,0x0,0x0,0x0,0x0,0x0,0x0,0x0,0x0,0x0,
        0x0,0x0,0x0,0x0,0x0,0x0,0x0,0x0,0x0,0x0,0x0,0x0,0x0,0x0,0x0,0x0,0x21,0xFF,0xFF,0xFF,0xFF,0xFF,0xFF,0xFF,0xFF,0xB5,0xDE,0x21,0x94,0x0,0x21,0x0,0x0,0x0,0x0,0x0,0x0,0x0,0x0,0x0,0x0,0x0,0x0,0x0,0x0,0x0,0x0,0x0,0x0,0x0,0x0,0x0,0x0,0x0,0x0,0x0,
        0x0,0x0,0x0,0x0,0x0,0x0,0x0,0x0,0x0,0x0,0x0,0x0,0x0,0x0,0x0,0x0,0x6B,0x6B,0x6B,0x4A,0x0,0x6B,0x6B,0xB5,0xFF,0xFF,0xFF,0xFF,0xFF,0xDE,0xFF,0xB5,0x0,0x0,0x0,0x0,0x0,0x0,0x0,0x0,0x0,0x0,0x0,0x0,0x0,0x0,0x0,0x0,0x0,0x0,0x0,0x0,0x0,0x0,0x0,0x0,
        0x0,0x0,0x0,0x0,0x0,0x0,0x0,0x0,0x0,0x0,0x0,0x0,0x0,0x0,0x0,0x0,0x0,0x0,0x0,0x0,0x0,0x0,0x0,0x0,0xFF,0xFF,0xFF,0xFF,0xFF,0xFF,0xFF,0xFF,0xDE,0x4A,0x0,0x0,0x0,0x0,0x0,0x0,0x0,0x0,0x0,0x0,0x0,0x0,0x0,0x0,0x0,0x0,0x0,0x0,0x0,0x0,0x0,0x0,
        0x0,0x0,0x0,0x0,0x0,0x0,0x0,0x0,0x0,0x0,0x0,0x0,0x0,0x0,0x0,0x0,0x0,0x0,0x0,0x0,0x21,0x0,0x6B,0x94,0xFF,0xFF,0xFF,0xFF,0xFF,0xFF,0xFF,0xFF,0xFF,0xFF,0x21,0x0,0x0,0x0,0x0,0x0,0x0,0x0,0x0,0x0,0x0,0x0,0x0,0x0,0x0,0x0,0x0,0x0,0x0,0x0,0x0,0x0,
        0x0,0x0,0x0,0x0,0x0,0x0,0x0,0x0,0x0,0x0,0x0,0x0,0x0,0x0,0x0,0x0,0x0,0x0,0x21,0xFF,0xFF,0xFF,0xFF,0xFF,0xFF,0xFF,0xFF,0xFF,0xFF,0xFF,0xFF,0xFF,0xFF,0xFF,0x4A,0x0,0x0,0x0,0x0,0x0,0x0,0x0,0x0,0x0,0x0,0x0,0x0,0x0,0x0,0x0,0x0,0x0,0x0,0x0,0x0,0x0,
        0x0,0x0,0x0,0x0,0x0,0x0,0x0,0x0,0x0,0x0,0x0,0x0,0x0,0x0,0x0,0x0,0x0,0xFF,0xDE,0xFF,0xFF,0xFF,0xFF,0xFF,0xFF,0xFF,0xFF,0xFF,0xFF,0xFF,0xFF,0xFF,0xFF,0xFF,0xFF,0x4A,0x0,0x0,0x0,0x0,0x0,0x0,0x0,0x0,0x0,0x0,0x0,0x0,0x0,0x0,0x0,0x0,0x0,0x0,0x0,0x0,
        0x0,0x0,0x0,0x0,0x0,0x0,0x0,0x0,0x0,0x0,0x0,0x0,0x0,0x0,0x0,0xFF,0xDE,0xFF,0xFF,0xFF,0xFF,0xFF,0xFF,0xFF,0xFF,0xFF,0xFF,0xFF,0xDE,0xDE,0xB5,0xFF,0xFF,0xFF,0xFF,0x4A,0x0,0x0,0x0,0x0,0x0,0x0,0x0,0x0,0x0,0x0,0x0,0x0,0x0,0x0,0x0,0x0,0x0,0x0,0x0,0x0,
        0x0,0x0,0x0,0x0,0x0,0x0,0xFF,0x94,0x0,0x4A,0x4A,0x6B,0xB5,0xFF,0xDE,0xFF,0xFF,0xFF,0xFF,0xFF,0xFF,0xFF,0xFF,0xFF,0xFF,0xFF,0xDE,0x4A,0x21,0x0,0x0,0x94,0xFF,0xFF,0xFF,0x6B,0x0,0x0,0x0,0x0,0x0,0x0,0x0,0x0,0x0,0x0,0x0,0x0,0x0,0x0,0x0,0x0,0x0,0x0,0x0,0x0,
        0x0,0x0,0x0,0x0,0x0,0x0,0xFF,0xFF,0xFF,0xFF,0xFF,0xFF,0xFF,0xFF,0xFF,0xFF,0xFF,0xFF,0xFF,0xFF,0xFF,0xFF,0xFF,0xFF,0xFF,0xFF,0xFF,0xFF,0xFF,0x6B,0x21,0x4A,0x4A,0xFF,0xFF,0xFF,0x4A,0x0,0x0,0x0,0x0,0x0,0x0,0x0,0x0,0x0,0x0,0x0,0x0,0x0,0x0,0x0,0x0,0x0,0x0,0x0,
        0x0,0x0,0x0,0x0,0x0,0x0,0x21,0xDE,0xFF,0xFF,0xFF,0xFF,0xFF,0xFF,0xFF,0xFF,0xFF,0xFF,0xFF,0xFF,0xFF,0xFF,0xFF,0xFF,0xFF,0xFF,0xFF,0xFF,0xFF,0xFF,0xFF,0xFF,0x94,0x0,0xB5,0xFF,0xFF,0x94,0x0,0x0,0x0,0x0,0x0,0x0,0x0,0x0,0x0,0x0,0x0,0x0,0x0,0x0,0x0,0x0,0x0,0x0,
        0x0,0x0,0x0,0x0,0x0,0x0,0x0,0xDE,0xFF,0xFF,0xFF,0xFF,0xFF,0xFF,0xFF,0xFF,0xFF,0xFF,0xFF,0xFF,0xFF,0xFF,0xFF,0xFF,0xFF,0xFF,0xFF,0xFF,0xFF,0xFF,0xDE,0xFF,0xFF,0x21,0x0,0x6B,0xFF,0xFF,0x0,0x0,0x0,0x0,0x0,0x0,0x21,0x0,0x0,0x0,0x0,0x0,0x0,0x0,0x0,0x0,0x0,0x0,
        0x0,0x0,0x0,0x0,0x0,0x0,0x0,0x6B,0xFF,0xFF,0xFF,0xFF,0xFF,0xFF,0xFF,0xFF,0xFF,0xFF,0xFF,0xFF,0xFF,0xFF,0xFF,0xFF,0xFF,0xFF,0xFF,0xFF,0xB5,0x0,0x0,0x4A,0xDE,0x94,0x0,0x0,0x21,0xDE,0x94,0x0,0x0,0x0,0x0,0x6B,0xB5,0x0,0x0,0x0,0x0,0x0,0x0,0x0,0x0,0x0,0x0,0x0,
        0x0,0x0,0x0,0x0,0x0,0x0,0x0,0x4A,0xFF,0xFF,0xFF,0xFF,0xFF,0xFF,0xFF,0xFF,0xFF,0xFF,0xFF,0xFF,0xFF,0xFF,0xFF,0xFF,0xFF,0xFF,0xFF,0xDE,0x0,0x0,0x0,0x0,0x0,0xB5,0xDE,0x21,0x0,0x21,0xFF,0xDE,0x21,0x0,0x0,0x94,0x0,0x0,0x0,0x0,0x0,0x0,0x0,0x0,0x0,0x0,0x0,0x0,
        0x0,0x0,0x0,0x0,0x0,0x0,0x0,0x4A,0xFF,0xFF,0xFF,0xFF,0xFF,0xFF,0xDE,0x4A,0xDE,0xFF,0xFF,0xFF,0xFF,0xFF,0xFF,0xFF,0xFF,0xFF,0xFF,0xDE,0x0,0x0,0x0,0x0,0x0,0x0,0xB5,0xFF,0x6B,0x21,0xDE,0xFF,0xDE,0x0,0x0,0x6B,0xB5,0x0,0x0,0x0,0x0,0x0,0x0,0x0,0x0,0x0,0x0,0x0,
        0x0,0x0,0x0,0x0,0x0,0x0,0x0,0x0,0xFF,0xFF,0xFF,0xFF,0xFF,0xFF,0x4A,0x0,0x0,0x94,0xFF,0xFF,0xFF,0xFF,0xFF,0xFF,0xFF,0xFF,0xFF,0xDE,0x0,0x0,0x94,0x94,0x94,0x0,0x94,0xFF,0x94,0x0,0x0,0x94,0xFF,0x4A,0x0,0x21,0xFF,0xFF,0x4A,0x0,0x0,0x0,0x0,0x0,0x0,0x0,0x0,0x0,
        0x0,0x0,0x0,0x0,0x0,0x0,0x0,0x0,0xDE,0xFF,0xFF,0xFF,0xFF,0xFF,0xFF,0x4A,0x0,0x0,0x6B,0xFF,0xFF,0xFF,0xFF,0xFF,0xFF,0xFF,0xFF,0xFF,0x21,0x6B,0xFF,0xDE,0xB5,0xDE,0x21,0x6B,0xFF,0x6B,0x0,0x0,0x4A,0xFF,0x6B,0x0,0xFF,0xFF,0xDE,0x0,0x0,0x0,0x0,0x0,0x0,0x0,0x0,0x0,
        0x0,0x0,0x0,0x0,0x0,0x0,0x0,0x4A,0xFF,0xFF,0xFF,0xFF,0xFF,0xFF,0xFF,0xFF,0x94,0x0,0x0,0x21,0xDE,0xFF,0xFF,0xFF,0xFF,0xFF,0xFF,0xFF,0x4A,0x21,0xFF,0x4A,0x0,0x94,0xDE,0x0,0xDE,0x94,0x0,0x0,0x0,0xDE,0xFF,0xDE,0xFF,0xFF,0xFF,0x4A,0x0,0x0,0x0,0x0,0x0,0x0,0x0,0x0,
        0x0,0x0,0x0,0x0,0x0,0x0,0x0,0x4A,0xFF,0xFF,0xFF,0xFF,0xFF,0xFF,0xFF,0xFF,0xFF,0xDE,0x21,0x0,0x0,0x94,0xFF,0xFF,0xFF,0xFF,0xFF,0xFF,0x6B,0x21,0xDE,0x94,0x0,0x94,0xDE,0x94,0xFF,0xFF,0x6B,0x0,0x0,0x4A,0xFF,0xFF,0xFF,0xFF,0xFF,0xDE,0x0,0x0,0x0,0x0,0x0,0x0,0x0,0x0,
        0x0,0x0,0x0,0x0,0x0,0x0,0x0,0x6B,0xFF,0xFF,0xFF,0xFF,0xFF,0xFF,0xFF,0xFF,0xFF,0xFF,0xFF,0x6B,0x0,0x0,0x4A,0xFF,0xFF,0xFF,0xFF,0xFF,0xFF,0x94,0x0,0x94,0xDE,0x94,0xB5,0x21,0xFF,0xFF,0xFF,0xB5,0x0,0x0,0xDE,0xFF,0xFF,0xFF,0xFF,0xFF,0x21,0x0,0x0,0x0,0x0,0x0,0x0,0x0,
        0x0,0x0,0x0,0x94,0x0,0x0,0x0,0xB5,0xFF,0xFF,0xFF,0xFF,0xFF,0xFF,0xFF,0xFF,0xFF,0xFF,0xFF,0xFF,0xB5,0x0,0x0,0x0,0xB5,0xFF,0xFF,0xFF,0xFF,0xFF,0xDE,0x0,0x6B,0xDE,0x0,0xB5,0xFF,0xFF,0xFF,0xFF,0xFF,0x4A,0x94,0xFF,0xFF,0xFF,0xFF,0xFF,0x21,0x0,0x0,0x0,0x0,0x0,0x0,0x0,
        0x0,0x0,0x94,0xDE,0x0,0x0,0x0,0xB5,0xFF,0xFF,0xFF,0xFF,0xFF,0xFF,0xFF,0xFF,0xFF,0xFF,0xFF,0xFF,0xFF,0xDE,0x4A,0x0,0x0,0x6B,0xFF,0xFF,0xFF,0xFF,0xFF,0x0,0x0,0x0,0x94,0xFF,0xFF,0xFF,0xFF,0x94,0x4A,0xB5,0x6B,0xFF,0xFF,0xFF,0xFF,0xFF,0x21,0x0,0x0,0x0,0x0,0x0,0x0,0x0,
        0x0,0x0,0x4A,0xFF,0x0,0x0,0x21,0xFF,0xFF,0xFF,0xFF,0xFF,0xFF,0xFF,0xFF,0xFF,0xFF,0xFF,0xFF,0xFF,0xFF,0xFF,0xFF,0x94,0x0,0x0,0x4A,0xDE,0xFF,0xFF,0xFF,0xDE,0x21,0x4A,0xFF,0xFF,0xFF,0xFF,0xFF,0xFF,0x94,0x0,0x0,0x21,0xDE,0xFF,0xFF,0xFF,0x6B,0x0,0x0,0x0,0x0,0x0,0x0,0x0,
        0x0,0x0,0x4A,0xFF,0x4A,0x0,0x0,0xFF,0xFF,0xFF,0xFF,0xFF,0xFF,0xFF,0xFF,0xFF,0xFF,0xFF,0xFF,0xFF,0xFF,0xFF,0xFF,0xFF,0xB5,0x21,0x0,0x0,0x94,0xFF,0xFF,0xFF,0xFF,0xFF,0xFF,0xFF,0xFF,0xFF,0xFF,0xFF,0xB5,0x0,0x0,0x0,0x0,0xDE,0xFF,0xFF,0x94,0x0,0x0,0x0,0x0,0x0,0x0,0x0,
        0x0,0x0,0x21,0xFF,0x4A,0x0,0x0,0xB5,0xFF,0xFF,0xFF,0xFF,0xFF,0xFF,0xFF,0xFF,0xFF,0xFF,0xFF,0xFF,0xFF,0xFF,0xFF,0xFF,0xFF,0xFF,0x4A,0x0,0x0,0x6B,0xFF,0xFF,0xFF,0xFF,0xFF,0xFF,0xFF,0xFF,0xFF,0xFF,0xFF,0x94,0x0,0x0,0x0,0xDE,0xFF,0xFF,0x6B,0x0,0x0,0x0,0x0,0x0,0x0,0x0,
        0x0,0x0,0x0,0xDE,0xFF,0x4A,0x0,0xB5,0xFF,0xFF,0xFF,0xFF,0xFF,0xFF,0xFF,0xFF,0xFF,0xFF,0xFF,0xFF,0xFF,0xFF,0xFF,0xFF,0xFF,0xFF,0xFF,0x94,0x0,0x0,0x21,0x6B,0x4A,0xFF,0x94,0xFF,0xFF,0xFF,0xFF,0xFF,0x4A,0xB5,0xDE,0x21,0x0,0x0,0xDE,0xFF,0x21,0x0,0x0,0x0,0x0,0x0,0x0,0x0,
        0x0,0x0,0x0,0xB5,0xFF,0x4A,0x0,0x94,0xFF,0xFF,0xFF,0xFF,0xFF,0xFF,0xFF,0xFF,0xFF,0xFF,0xFF,0xFF,0xFF,0xFF,0xB5,0xFF,0xFF,0xFF,0xFF,0xFF,0xDE,0x21,0x0,0x0,0x0,0x0,0x0,0x4A,0xFF,0xFF,0xFF,0xFF,0xDE,0x21,0x6B,0xFF,0x6B,0x0,0xDE,0xFF,0x4A,0x0,0x0,0x0,0x0,0x0,0x0,0x0,
        0x0,0x0,0x0,0xB5,0xFF,0xFF,0xB5,0xFF,0xFF,0xFF,0xFF,0xFF,0xFF,0xFF,0xFF,0xFF,0xFF,0xB5,0x6B,0x21,0x21,0x21,0x0,0x6B,0xFF,0xFF,0xFF,0xFF,0xFF,0xFF,0x0,0x0,0x0,0x0,0x0,0x0,0x0,0xDE,0xFF,0xFF,0xFF,0xFF,0x21,0x21,0xDE,0x94,0xB5,0xFF,0x94,0x0,0x0,0x0,0x0,0x0,0x0,0x0,
        0x0,0x0,0x0,0x0,0x6B,0xFF,0xFF,0xFF,0xFF,0xFF,0xFF,0xFF,0x4A,0xFF,0xFF,0xFF,0xFF,0x21,0x0,0x0,0x4A,0x94,0xDE,0x4A,0x21,0x94,0x6B,0xFF,0xFF,0xFF,0x4A,0x0,0x0,0x0,0x0,0x0,0x0,0xDE,0xFF,0xFF,0xB5,0x21,0x0,0x0,0x0,0x94,0xFF,0xFF,0xB5,0x0,0x0,0x0,0x0,0x0,0x0,0x0,
        0x0,0x0,0x0,0x0,0x0,0xDE,0xFF,0xFF,0xFF,0xFF,0xFF,0xFF,0x94,0xFF,0xFF,0xFF,0x94,0x0,0x0,0x0,0xFF,0xFF,0x94,0xDE,0x94,0x0,0x0,0x21,0xDE,0xFF,0xFF,0x0,0x0,0x0,0x0,0x0,0x0,0xB5,0xFF,0xFF,0xFF,0x0,0x0,0x0,0x0,0x0,0x4A,0xFF,0xB5,0x0,0x0,0x0,0x0,0x0,0x0,0x0,
        0x0,0x0,0x0,0x0,0x0,0x6B,0xFF,0xFF,0xFF,0xFF,0xFF,0xFF,0x6B,0x21,0xB5,0xFF,0xDE,0x0,0x0,0x0,0x94,0xDE,0x0,0x0,0x94,0xDE,0x21,0x21,0xFF,0xFF,0xFF,0x4A,0x0,0x0,0x0,0x0,0x6B,0xFF,0xFF,0xFF,0xFF,0x6B,0x0,0x0,0x0,0x0,0x4A,0xFF,0xFF,0x0,0x0,0x0,0x0,0x0,0x0,0x0,
        0x0,0x0,0x0,0x0,0x0,0x0,0xDE,0xFF,0xFF,0xFF,0xFF,0xFF,0x94,0x0,0x21,0xFF,0xFF,0x4A,0x0,0x0,0x6B,0xFF,0x6B,0x6B,0x6B,0xFF,0x0,0xB5,0xFF,0xFF,0xFF,0xFF,0x94,0x0,0x0,0x21,0xFF,0xFF,0x6B,0x4A,0x21,0xDE,0x94,0x0,0x0,0x0,0x0,0x4A,0xFF,0x94,0x0,0x0,0x0,0x0,0x0,0x0,
        0x0,0x0,0x0,0x0,0x0,0x0,0x6B,0xFF,0xFF,0xFF,0xFF,0xFF,0xFF,0x6B,0x0,0xB5,0xFF,0xFF,0x94,0x0,0x0,0x21,0xDE,0xFF,0xFF,0x4A,0x6B,0xFF,0xFF,0xFF,0xFF,0xFF,0xFF,0xDE,0xFF,0xFF,0xFF,0xB5,0x0,0x0,0x0,0x0,0x94,0xDE,0x21,0x0,0x94,0x6B,0x0,0xB5,0x0,0x0,0x0,0x0,0x0,0x0,
        0x0,0x0,0x0,0x0,0x0,0x0,0x0,0xDE,0xFF,0xFF,0xFF,0xFF,0xFF,0xFF,0xB5,0x0,0x6B,0x21,0xB5,0xDE,0x4A,0x94,0x0,0x21,0x6B,0x6B,0xFF,0xFF,0xFF,0xFF,0xFF,0xFF,0xFF,0xFF,0xFF,0xFF,0xFF,0xFF,0x0,0x0,0x0,0x0,0x0,0x4A,0x4A,0x0,0x0,0xB5,0xB5,0xB5,0x94,0x0,0x0,0x0,0x0,0x0,
        0x0,0x0,0x0,0x0,0x0,0x0,0x0,0x4A,0xFF,0xFF,0xFF,0xFF,0xFF,0xFF,0xFF,0xFF,0x4A,0x0,0x0,0x6B,0xFF,0xFF,0xDE,0x6B,0xFF,0xFF,0xFF,0xFF,0xFF,0xFF,0xFF,0xFF,0xFF,0xFF,0xFF,0xFF,0xFF,0xFF,0x6B,0x0,0x0,0x0,0x0,0x0,0x21,0x4A,0x0,0x0,0x6B,0xFF,0xFF,0x0,0x0,0x0,0x0,0x0,
        0x0,0x0,0x0,0x0,0x0,0x0,0x0,0x0,0x21,0xB5,0xFF,0xFF,0xFF,0xFF,0xFF,0xFF,0xFF,0x94,0x0,0x0,0x21,0x94,0x6B,0xFF,0xB5,0xFF,0xFF,0xFF,0xFF,0xFF,0xFF,0xFF,0xFF,0xDE,0xFF,0x6B,0x6B,0x21,0xDE,0x94,0x0,0x0,0x0,0x0,0xDE,0xFF,0xB5,0xFF,0x4A,0xFF,0xFF,0x94,0x0,0x0,0x0,0x0,
        0x0,0x0,0x0,0x0,0x0,0x0,0x0,0x0,0x0,0x0,0x94,0x4A,0xB5,0xDE,0xB5,0x6B,0xFF,0xFF,0xDE,0x21,0x0,0x0,0x0,0x0,0x0,0x4A,0xFF,0xFF,0x94,0xB5,0xFF,0xDE,0xB5,0x0,0xB5,0xB5,0x0,0x0,0x0,0x94,0xDE,0x4A,0x0,0x94,0xFF,0xFF,0xFF,0xFF,0xFF,0xFF,0xFF,0xFF,0x0,0x0,0x0,0x0,
        0x0,0x0,0x0,0x0,0x0,0x0,0x0,0x0,0x0,0x0,0x0,0x0,0x0,0x0,0x0,0x0,0x21,0xDE,0xFF,0xFF,0xB5,0xDE,0x21,0x0,0x0,0x0,0x0,0xB5,0xB5,0x0,0x21,0x0,0xB5,0xDE,0x21,0x0,0x0,0x0,0x0,0x0,0x4A,0x6B,0x21,0xFF,0xFF,0xFF,0xFF,0xFF,0xFF,0xFF,0xFF,0xFF,0x4A,0x0,0x0,0x0,
        0x0,0x0,0x0,0x0,0x0,0x0,0x0,0x0,0x0,0x0,0x0,0x0,0x0,0x0,0x0,0x0,0x0,0x0,0x4A,0x21,0xDE,0xFF,0xFF,0x6B,0x0,0x0,0x0,0x0,0x6B,0x94,0x0,0x0,0x0,0x6B,0xFF,0x6B,0x0,0x0,0x0,0x0,0x0,0x0,0x0,0x4A,0xFF,0xFF,0xFF,0xFF,0xFF,0xFF,0xFF,0xB5,0x0,0x0,0x0,0x0,
        0x0,0x0,0x0,0x0,0x0,0x0,0x0,0x0,0x0,0x0,0x0,0x0,0x0,0x0,0x0,0x0,0x0,0x0,0x0,0x0,0x0,0x94,0xB5,0xB5,0xB5,0xDE,0x6B,0x6B,0x6B,0xB5,0x21,0x0,0x0,0x0,0x21,0xDE,0x94,0x0,0x0,0x0,0x0,0x94,0x0,0x21,0xFF,0xFF,0xFF,0xFF,0xFF,0xFF,0xFF,0x21,0x0,0x0,0x0,0x0,
        0x0,0x0,0x0,0x0,0x0,0x0,0x0,0x0,0x0,0x0,0x0,0x0,0x0,0x0,0x0,0x0,0x0,0x0,0x0,0x0,0x0,0x0,0x0,0x0,0x94,0xFF,0xFF,0xFF,0xFF,0xFF,0xFF,0x4A,0x0,0x21,0x0,0x0,0xB5,0xDE,0x4A,0x6B,0x0,0x94,0xFF,0x4A,0x4A,0xFF,0xFF,0xFF,0xFF,0xFF,0x6B,0x0,0x0,0x0,0x0,0x0,
        0x0,0x0,0x0,0x0,0x0,0x0,0x0,0x0,0x0,0x0,0x0,0x0,0x0,0x0,0x0,0x0,0x0,0x0,0x0,0x0,0x0,0x0,0x0,0x0,0x0,0x4A,0xFF,0xFF,0xFF,0xFF,0xFF,0xFF,0xDE,0xFF,0x94,0xDE,0xFF,0xFF,0xFF,0xFF,0xFF,0x4A,0x4A,0xFF,0xB5,0xFF,0xFF,0xFF,0xFF,0x94,0x0,0x0,0x0,0x0,0x0,0x0,
        0x0,0x0,0x0,0x0,0x0,0x0,0x0,0x0,0x0,0x0,0x0,0x0,0x0,0x0,0x0,0x0,0x0,0x0,0x0,0x0,0x0,0x4A,0x4A,0xB5,0xDE,0xDE,0xFF,0xFF,0xFF,0xFF,0xFF,0xFF,0xFF,0xFF,0xFF,0xFF,0xFF,0xDE,0xFF,0xB5,0x94,0xFF,0x94,0xFF,0xFF,0xFF,0xFF,0xFF,0xDE,0x0,0x0,0x0,0x0,0x0,0x0,0x0,
        0x0,0x0,0x0,0x0,0x0,0x0,0x0,0x0,0x0,0x0,0x0,0x0,0x0,0x0,0x0,0x0,0x0,0x0,0x0,0x0,0x0,0xFF,0x4A,0x6B,0xFF,0xFF,0xFF,0xFF,0xFF,0xFF,0xFF,0xFF,0xFF,0xFF,0x94,0x6B,0x21,0x0,0x0,0x0,0x0,0x0,0x0,0x4A,0x6B,0x6B,0xDE,0x94,0x21,0x0,0x0,0x0,0x0,0x0,0x0,0x0,
        0x0,0x0,0x0,0x0,0x0,0x0,0x0,0x0,0x0,0x0,0x0,0x0,0x0,0x0,0x0,0x0,0x0,0x0,0x0,0x0,0x0,0x4A,0x0,0x0,0x4A,0xDE,0xB5,0xFF,0xFF,0xFF,0xDE,0xB5,0x94,0x6B,0x0,0x0,0x0,0x0,0x0,0x0,0x0,0x0,0x0,0x0,0x0,0x0,0x0,0x0,0x0,0x0,0x0,0x0,0x0,0x0,0x0,0x0,
        0x0,0x0,0x0,0x0,0x0,0x0,0x0,0x0,0x0,0x0,0x0,0x0,0x0,0x0,0x0,0x0,0x0,0x0,0x0,0x0,0x0,0x0,0x0,0x0,0x0,0x0,0x0,0x21,0x21,0x21,0x0,0x0,0x0,0x0,0x0,0x0,0x0,0x0,0x0,0x0,0x0,0x0,0x0,0x0,0x0,0x0,0x0,0x0,0x0,0x0,0x0,0x0,0x0,0x0,0x0,0x0,
        0x0,0x0,0x0,0x0,0x0,0x0,0x0,0x0,0x0,0x0,0x0,0x0,0x0,0x0,0x0,0x0,0x0,0x0,0x0,0x0,0x0,0x0,0x0,0x0,0x0,0x0,0x0,0x0,0x0,0x0,0x0,0x0,0x0,0x0,0x0,0x0,0x0,0x0,0x0,0x0,0x0,0x0,0x0,0x0,0x0,0x0,0x0,0x0,0x0,0x0,0x0,0x0,0x0,0x0,0x0,0x0,
        0x0,0x0,0x0,0x0,0x0,0x0,0x0,0x0,0x0,0x0,0x0,0x0,0x0,0x0,0x0,0x0,0x0,0x0,0x0,0x0,0x0,0x0,0x0,0x0,0x0,0x0,0x0,0x0,0x0,0x0,0x0,0x0,0x0,0x0,0x0,0x0,0x0,0x0,0x0,0x0,0x0,0x0,0x0,0x0,0x0,0x0,0x0,0x0,0x0,0x0,0x0,0x0,0x0,0x0,0x0,0x0,
        0x0,0x0,0x0,0x0,0x0,0x0,0x0,0x0,0x0,0x0,0x0,0x0,0x0,0x0,0x0,0x0,0x0,0x0,0x0,0x0,0x0,0x0,0x0,0x0,0x0,0x0,0x0,0x0,0x0,0x0,0x0,0x0,0x0,0x0,0x0,0x0,0x0,0x0,0x0,0x0,0x0,0x0,0x0,0x0,0x0,0x0,0x0,0x0,0x0,0x0,0x0,0x0,0x0,0x0,0x0,0x0,
        0x0,0x0,0x0,0x0,0x0,0x0,0x0,0x0,0x0,0x0,0x0,0x0,0x0,0x0,0x0,0x0,0x0,0x0,0x0,0x0,0x0,0x0,0x0,0x0,0x0,0x0,0x0,0x0,0x0,0x0,0x0,0x0,0x0,0x0,0x0,0x0,0x0,0x0,0x0,0x0,0x0,0x0,0x0,0x0,0x0,0x0,0x0,0x0,0x0,0x0,0x0,0x0,0x0,0x0,0x0,0x0,
        0x0,0x0,0x0,0x0,0x0,0x0,0x0,0x0,0x0,0x0,0x0,0x0,0x0,0x0,0x0,0x0,0x0,0x0,0x0,0x0,0x0,0x0,0x0,0x0,0x0,0x0,0x0,0x0,0x0,0x0,0x0,0x0,0x0,0x0,0x0,0x0,0x0,0x0,0x0,0x0,0x0,0x0,0x0,0x0,0x0,0x0,0x0,0x0,0x0,0x0,0x0,0x0,0x0,0x0,0x0,0x0,
        0x0,0x0,0x0,0x0,0x0,0x0,0x0,0x0,0x0,0x0,0x0,0x0,0x0,0x0,0x0,0x0,0x0,0x0,0x0,0x0,0x0,0x0,0x0,0x0,0x0,0x0,0x0,0x0,0x0,0x0,0x0,0x0,0x0,0x0,0x0,0x0,0x0,0x0,0x0,0x0,0x0,0x0,0x0,0x0,0x0,0x0,0x0,0x0,0x0,0x0,0x0,0x0,0x0,0x0,0x0,0x0,
        0x0,0x0,0x0,0x0,0x0,0x0,0x0,0x0,0x0,0x0,0x0,0x0,0x0,0x0,0x0,0x0,0x0,0x0,0x0,0x0,0x0,0x0,0x0,0x0,0x0,0x0,0x0,0x0,0x0,0x0,0x0,0x0,0x0,0x0,0x0,0x0,0x0,0x0,0x0,0x0,0x0,0x0,0x0,0x0,0x0,0x0,0x0,0x0,0x0,0x0,0x0,0x0,0x0,0x0,0x0,0x0
    }
};

const gfx_sprite_t sprite_gaster_blaster_0_4 = {
    .width = 56,
    .height = 56,
    .data = {
        0x0,0x0,0x0,0x0,0x0,0x0,0x0,0x0,0x0,0x0,0x0,0x0,0x0,0x0,0x0,0x0,0x0,0x0,0x0,0x0,0x0,0x0,0x0,0x0,0x0,0x0,0x0,0x0,0x0,0x0,0x0,0x0,0x0,0x0,0x0,0x0,0x0,0x0,0x0,0x0,0x0,0x0,0x0,0x0,0x0,0x0,0x0,0x0,0x0,0x0,0x0,0x0,0x0,0x0,0x0,0x0,
        0x0,0x0,0x0,0x0,0x0,0x0,0x0,0x0,0x0,0x0,0x0,0x0,0x0,0x0,0x0,0x0,0x0,0x0,0x0,0x0,0x0,0x0,0x0,0x0,0x0,0x0,0x0,0x0,0x0,0x0,0x0,0x0,0x0,0x0,0x0,0x0,0x0,0x0,0x0,0x0,0x0,0x0,0x0,0x0,0x0,0x0,0x0,0x0,0x0,0x0,0x0,0x0,0x0,0x0,0x0,0x0,
        0x0,0x0,0x0,0x0,0x0,0x0,0x0,0x0,0x0,0x0,0x0,0x0,0x0,0x0,0x0,0x0,0x0,0x0,0x0,0x0,0x0,0x0,0x0,0x0,0x0,0x0,0x0,0x0,0x0,0x0,0x0,0x0,0x0,0x0,0x0,0x0,0x0,0x0,0x0,0x0,0x0,0x0,0x0,0x0,0x0,0x0,0x0,0x0,0x0,0x0,0x0,0x0,0x0,0x0,0x0,0x0,
        0x0,0x0,0x0,0x0,0x0,0x0,0x0,0x0,0x0,0x0,0x0,0x0,0x0,0x0,0x0,0x0,0x0,0x0,0x0,0x0,0x0,0x0,0x0,0x0,0x0,0x0,0x0,0x0,0x0,0x0,0x0,0x0,0x0,0x0,0x0,0x0,0x0,0x0,0x0,0x0,0x0,0x0,0x0,0x0,0x0,0x0,0x0,0x0,0x0,0x0,0x0,0x0,0x0,0x0,0x0,0x0,
        0x0,0x0,0x0,0x0,0x0,0x0,0x0,0x0,0x0,0x0,0x0,0x0,0x0,0x0,0x0,0x0,0x0,0x0,0x0,0x0,0x0,0x0,0x0,0x0,0x0,0x0,0x0,0x0,0x0,0x0,0x0,0x0,0x0,0x0,0x0,0x0,0x0,0x0,0x0,0x0,0x0,0x0,0x0,0x0,0x0,0x0,0x0,0x0,0x0,0x0,0x0,0x0,0x0,0x0,0x0,0x0,
        0x0,0x0,0x0,0x0,0x0,0x0,0x0,0x0,0x0,0x0,0x0,0x0,0x0,0x0,0x0,0x0,0x0,0x0,0x0,0x0,0x21,0x4A,0x21,0xB5,0x4A,0x0,0x0,0x0,0x0,0x0,0x0,0x0,0x0,0x0,0x0,0x0,0x0,0x0,0x0,0x0,0x0,0x0,0x0,0x0,0x0,0x0,0x0,0x0,0x0,0x0,0x0,0x0,0x0,0x0,0x0,0x0,
        0x0,0x0,0x0,0x0,0x0,0x0,0x0,0x0,0x0,0x0,0x0,0x0,0x0,0x0,0x4A,0xDE,0xDE,0x6B,0xB5,0xDE,0xDE,0xFF,0xFF,0xFF,0xFF,0xFF,0xB5,0x4A,0x0,0x0,0x0,0x0,0x0,0x0,0x0,0x0,0x0,0x0,0x0,0x0,0x0,0x0,0x0,0x0,0x0,0x0,0x0,0x0,0x0,0x0,0x0,0x0,0x0,0x0,0x0,0x0,
        0x0,0x0,0x0,0x0,0x0,0x0,0x0,0x0,0x0,0x0,0x0,0x0,0x4A,0xB5,0xFF,0xFF,0xFF,0xFF,0xFF,0xFF,0xFF,0xFF,0xFF,0xFF,0xFF,0xFF,0xFF,0x94,0x0,0x0,0x0,0x0,0x0,0x0,0x0,0x0,0x0,0x0,0x0,0x0,0x0,0x0,0x0,0x0,0x0,0x0,0x0,0x0,0x0,0x0,0x0,0x0,0x0,0x0,0x0,0x0,
        0x0,0x0,0x0,0x0,0x0,0x0,0x0,0x0,0x0,0x0,0x4A,0xB5,0xFF,0xB5,0xB5,0x94,0x4A,0xDE,0xFF,0xFF,0xFF,0xFF,0xFF,0xFF,0xFF,0xFF,0xFF,0xFF,0xFF,0x21,0x0,0x0,0x0,0x0,0x0,0x0,0x0,0x0,0x0,0x0,0x0,0x0,0x0,0x0,0x0,0x0,0x0,0x0,0x0,0x0,0x0,0x0,0x0,0x0,0x0,0x0,
        0x0,0x0,0x0,0x0,0x0,0x0,0x0,0x0,0x0,0x0,0xFF,0xDE,0x21,0x0,0x0,0x0,0x0,0xB5,0xFF,0xFF,0xFF,0xFF,0xFF,0xFF,0xFF,0xFF,0xFF,0xFF,0xFF,0x94,0x0,0x0,0x0,0x0,0x0,0x0,0x0,0x0,0x0,0x0,0x0,0x0,0x0,0x0,0x0,0x0,0x0,0x0,0x0,0x0,0x0,0x0,0x0,0x0,0x0,0x0,
        0x0,0x0,0x0,0x0,0x0,0x0,0x0,0x0,0x0,0x0,0x6B,0x0,0x0,0x0,0x0,0x0,0x94,0xFF,0xFF,0xFF,0xFF,0xFF,0xFF,0xFF,0xFF,0xFF,0xFF,0xFF,0xFF,0xDE,0x4A,0x0,0x0,0x0,0x0,0x0,0x0,0x0,0x0,0x6B,0x0,0x0,0x0,0x0,0x0,0x0,0x0,0x0,0x0,0x0,0x0,0x0,0x0,0x0,0x0,0x0,
        0x0,0x0,0x0,0x0,0x0,0x0,0x0,0x0,0x0,0x0,0x0,0x0,0x0,0x21,0x94,0xFF,0xFF,0xFF,0xFF,0xFF,0xFF,0xFF,0xFF,0x94,0x0,0x21,0x94,0xDE,0xFF,0xFF,0xFF,0xFF,0x94,0x21,0x0,0x0,0x0,0x0,0x4A,0xDE,0x0,0x0,0x0,0x0,0x0,0x0,0x0,0x0,0x0,0x0,0x0,0x0,0x0,0x0,0x0,0x0,
        0x0,0x0,0x0,0x0,0x0,0x0,0x0,0x0,0x0,0x0,0x0,0x0,0x0,0xDE,0xFF,0xFF,0xFF,0xFF,0xFF,0xFF,0xFF,0x94,0x6B,0x4A,0x0,0x21,0x6B,0x0,0x21,0x94,0xDE,0xFF,0xFF,0x6B,0x0,0x0,0x0,0x0,0x21,0x6B,0x0,0x0,0x0,0x0,0x0,0x0,0x0,0x0,0x0,0x0,0x0,0x0,0x0,0x0,0x0,0x0,
        0x0,0x0,0x0,0x0,0x0,0x0,0x0,0x0,0x0,0x0,0x0,0x21,0xB5,0xFF,0xFF,0xFF,0xFF,0xFF,0xFF,0xFF,0xFF,0xFF,0xDE,0xFF,0xFF,0xDE,0xFF,0xFF,0x6B,0x0,0x0,0x21,0x6B,0xDE,0xFF,0x94,0x4A,0x0,0x0,0x94,0xFF,0xB5,0x6B,0x0,0x0,0x0,0x0,0x0,0x0,0x0,0x0,0x0,0x0,0x0,0x0,0x0,
        0x0,0x0,0x0,0x0,0x0,0x0,0x0,0x0,0x0,0x0,0x21,0x94,0xFF,0xFF,0xFF,0xFF,0xFF,0xFF,0xFF,0xFF,0xFF,0xFF,0xFF,0xFF,0xFF,0xFF,0xDE,0xFF,0xDE,0x4A,0x0,0x0,0x0,0x4A,0xFF,0xFF,0xDE,0x0,0x0,0x0,0xFF,0xFF,0xFF,0x0,0x0,0x0,0x0,0x0,0x0,0x0,0x0,0x0,0x0,0x0,0x0,0x0,
        0x0,0x0,0x0,0x0,0x0,0x0,0x0,0x0,0x0,0x0,0xDE,0xFF,0xFF,0xFF,0xFF,0xFF,0xFF,0xFF,0xFF,0xFF,0xFF,0xFF,0xFF,0xFF,0xDE,0x6B,0x0,0x0,0x4A,0xB5,0xFF,0xB5,0x6B,0x0,0x21,0x94,0xDE,0xDE,0x94,0x21,0x6B,0xFF,0xFF,0xFF,0x94,0x0,0x0,0x0,0x0,0x0,0x0,0x0,0x0,0x0,0x0,0x0,
        0x0,0x0,0x0,0x0,0x0,0x0,0x0,0x0,0x21,0x94,0xFF,0xFF,0xFF,0xFF,0xFF,0xFF,0xFF,0xFF,0xFF,0xFF,0xFF,0xFF,0xFF,0xFF,0x94,0x0,0x0,0x0,0x0,0x0,0x21,0xFF,0xFF,0x0,0x0,0x0,0x0,0x21,0xFF,0xFF,0xFF,0xFF,0xFF,0xFF,0xDE,0x21,0x0,0x0,0x0,0x0,0x0,0x0,0x0,0x0,0x0,0x0,
        0x0,0x0,0x0,0x0,0x0,0x0,0x21,0xB5,0xFF,0xFF,0xFF,0xFF,0xFF,0xFF,0xFF,0xFF,0xFF,0xFF,0xFF,0xFF,0xFF,0xFF,0xFF,0xFF,0x21,0x0,0x0,0x0,0x4A,0x21,0x0,0x6B,0xB5,0xFF,0x6B,0x0,0x0,0x0,0x94,0xDE,0xFF,0xFF,0xFF,0xFF,0xFF,0x6B,0x0,0x0,0x0,0x0,0x0,0x0,0x0,0x0,0x0,0x0,
        0x0,0x0,0x94,0x21,0x0,0x94,0xFF,0xFF,0xFF,0xFF,0xFF,0xFF,0xFF,0xFF,0xFF,0xFF,0xFF,0xFF,0xFF,0xFF,0xFF,0xFF,0xFF,0xFF,0xB5,0x0,0x0,0xDE,0xFF,0xDE,0xDE,0x94,0x0,0xB5,0xDE,0x4A,0x0,0x0,0x0,0x4A,0xFF,0xFF,0xFF,0xFF,0xFF,0xFF,0x0,0x0,0x0,0x0,0x0,0x0,0x0,0x0,0x0,0x0,
        0x0,0x0,0xFF,0xFF,0xFF,0xFF,0xFF,0xFF,0xFF,0xFF,0xFF,0xFF,0xFF,0xFF,0xFF,0xFF,0xFF,0xFF,0xFF,0xFF,0xFF,0xFF,0xFF,0xFF,0xDE,0x21,0x4A,0xFF,0xDE,0x0,0x4A,0xFF,0x21,0xFF,0xFF,0xFF,0xFF,0xB5,0x4A,0x0,0xB5,0xFF,0xFF,0xFF,0xFF,0xFF,0x94,0x0,0x0,0x0,0x0,0x0,0x0,0x0,0x0,0x0,
        0x0,0x0,0x94,0xFF,0xFF,0xFF,0xFF,0xFF,0xFF,0xFF,0xFF,0xFF,0xFF,0xFF,0xFF,0xFF,0xFF,0xFF,0xFF,0xFF,0xFF,0xFF,0xFF,0xFF,0xFF,0x94,0x0,0xB5,0xB5,0x0,0x0,0xB5,0xB5,0x6B,0xFF,0xFF,0xFF,0xFF,0xB5,0xFF,0x4A,0x94,0xFF,0xFF,0xFF,0xFF,0xFF,0x21,0x0,0x0,0x0,0x0,0x0,0x0,0x0,0x0,
        0x0,0x0,0x0,0x0,0xFF,0xFF,0xFF,0xFF,0xFF,0xFF,0xFF,0xFF,0xDE,0xFF,0xFF,0xFF,0xFF,0xFF,0xFF,0xFF,0xFF,0xFF,0xFF,0xFF,0xFF,0xFF,0x0,0x4A,0xB5,0xFF,0xB5,0xDE,0x4A,0x94,0xFF,0xFF,0xFF,0xDE,0x4A,0x0,0x0,0x0,0x0,0x4A,0xFF,0xFF,0xFF,0x0,0x0,0x0,0x0,0x0,0x0,0x0,0x0,0x0,
        0x0,0x0,0x0,0x0,0x94,0xFF,0xFF,0xFF,0xFF,0xFF,0xFF,0xFF,0x0,0x0,0x6B,0xB5,0xFF,0xFF,0xFF,0xFF,0xFF,0xFF,0xFF,0xFF,0xFF,0xFF,0xFF,0x94,0x4A,0x0,0x4A,0xB5,0x0,0xFF,0xFF,0xFF,0xFF,0xFF,0xFF,0x4A,0x0,0x0,0x0,0x21,0xB5,0xFF,0xFF,0x4A,0x0,0x0,0x0,0x0,0x0,0x0,0x0,0x0,
        0x0,0x0,0x0,0x0,0x21,0xDE,0xFF,0xFF,0xFF,0xFF,0xFF,0xDE,0x21,0x0,0x0,0x0,0x0,0x4A,0xB5,0xFF,0xFF,0xFF,0xFF,0xFF,0xFF,0xFF,0xFF,0xFF,0xFF,0x94,0x0,0x0,0x4A,0xFF,0xFF,0xFF,0xFF,0xFF,0xFF,0xDE,0x94,0x21,0x0,0x0,0x0,0x94,0xFF,0xB5,0x0,0x0,0x0,0x0,0x0,0x0,0x0,0x0,
        0x0,0x0,0x0,0x0,0x0,0x94,0xFF,0xFF,0xFF,0xFF,0xFF,0xFF,0xFF,0xDE,0x94,0x21,0x0,0x0,0x0,0x0,0x4A,0xB5,0xFF,0xFF,0xFF,0xFF,0xFF,0xFF,0xFF,0xFF,0x94,0x4A,0x94,0xFF,0xFF,0xFF,0xFF,0xFF,0xFF,0xDE,0x94,0xDE,0xDE,0x94,0x4A,0x0,0xFF,0xFF,0x21,0x0,0x0,0x0,0x0,0x0,0x0,0x0,
        0x0,0x0,0x0,0x0,0x0,0x21,0xFF,0xFF,0xFF,0xFF,0xFF,0xFF,0xFF,0xFF,0xFF,0xFF,0xDE,0x94,0x21,0x0,0x0,0x0,0x0,0x4A,0x94,0xFF,0xFF,0xFF,0xFF,0xFF,0xFF,0xFF,0xFF,0xFF,0xFF,0xFF,0xFF,0xFF,0xFF,0xDE,0x6B,0x21,0x21,0x6B,0xDE,0xFF,0xFF,0xFF,0xDE,0x0,0x0,0x0,0x0,0x0,0x0,0x0,
        0x0,0x0,0x0,0x0,0x0,0x0,0x94,0xFF,0xFF,0xFF,0xFF,0xFF,0xFF,0xFF,0xFF,0xFF,0xFF,0xFF,0xFF,0xFF,0x94,0x4A,0x0,0x0,0x0,0x0,0x4A,0x94,0xFF,0xFF,0xFF,0xFF,0xFF,0xFF,0xDE,0xFF,0xFF,0xFF,0xFF,0xFF,0xFF,0xFF,0x21,0x0,0x0,0x21,0x6B,0xDE,0xFF,0x6B,0x0,0x0,0x0,0x0,0x0,0x0,
        0x0,0x0,0x0,0x0,0x0,0x0,0xDE,0xFF,0xFF,0xFF,0xFF,0xFF,0xFF,0xFF,0xFF,0xFF,0xFF,0xFF,0xFF,0xFF,0xFF,0xFF,0xFF,0x94,0x4A,0x0,0x0,0x0,0x0,0x4A,0x94,0x6B,0x21,0x4A,0x0,0x0,0x6B,0xDE,0xFF,0xFF,0xFF,0x0,0x0,0x0,0x0,0x0,0x0,0x94,0xFF,0xB5,0x21,0x0,0x0,0x0,0x0,0x0,
        0x0,0x0,0x0,0x0,0x0,0x0,0x4A,0xFF,0xFF,0xFF,0xFF,0xFF,0xFF,0xFF,0xFF,0xFF,0xFF,0xFF,0xFF,0xFF,0xFF,0xFF,0xFF,0xFF,0xFF,0xFF,0x94,0x4A,0x0,0x0,0x0,0x0,0x0,0x0,0x0,0x0,0x0,0x6B,0xFF,0xFF,0xFF,0x94,0x0,0x0,0x0,0x0,0x0,0x0,0x21,0x6B,0xDE,0x0,0x0,0x0,0x0,0x0,
        0x0,0x0,0x0,0x0,0x0,0x0,0x6B,0xFF,0xFF,0xFF,0xFF,0xFF,0xFF,0xFF,0xFF,0xFF,0xFF,0xFF,0xFF,0xFF,0xFF,0xFF,0xFF,0xFF,0xFF,0xFF,0xFF,0xFF,0xFF,0xB5,0x4A,0x0,0x0,0x0,0x0,0x0,0x0,0x0,0xDE,0xFF,0xFF,0xFF,0x94,0x4A,0x0,0x0,0x0,0x4A,0xDE,0x6B,0x4A,0xDE,0x6B,0x0,0x0,0x0,
        0x0,0x0,0x0,0x0,0x0,0x0,0x21,0xDE,0xFF,0xFF,0xFF,0xFF,0xFF,0xFF,0xFF,0xFF,0xFF,0xFF,0xFF,0xFF,0xFF,0xFF,0xFF,0xFF,0xFF,0xFF,0xFF,0xFF,0xFF,0xFF,0x94,0x0,0x0,0x0,0x0,0x0,0x0,0x21,0xFF,0xFF,0xDE,0x21,0x6B,0xB5,0xFF,0xB5,0x0,0x0,0x4A,0x94,0xFF,0xFF,0xDE,0x21,0x0,0x0,
        0x0,0x0,0x21,0x6B,0x0,0x0,0x0,0xFF,0xFF,0xFF,0xFF,0xFF,0xFF,0xFF,0xFF,0xFF,0xFF,0xFF,0xFF,0xFF,0xFF,0xFF,0xDE,0x94,0xFF,0xFF,0xFF,0xDE,0xFF,0xFF,0xFF,0xFF,0x21,0x0,0x0,0x0,0x0,0x6B,0xFF,0x94,0x0,0x0,0x0,0x0,0x0,0x4A,0x0,0x0,0x0,0x4A,0x0,0xDE,0xFF,0xFF,0x4A,0x0,
        0x0,0x0,0x94,0xDE,0x21,0x0,0x0,0xDE,0xFF,0xFF,0xFF,0xFF,0xFF,0xFF,0xFF,0xFF,0xFF,0xFF,0xFF,0xFF,0xDE,0x6B,0x21,0x21,0x0,0x4A,0x6B,0x0,0x21,0x94,0xFF,0xFF,0x94,0x4A,0x0,0x0,0x4A,0xDE,0xFF,0x94,0x0,0x0,0x0,0x0,0x0,0x0,0x4A,0xFF,0xB5,0xFF,0xFF,0xFF,0xFF,0xFF,0xDE,0x0,
        0x0,0x0,0x21,0xFF,0x6B,0x0,0x0,0x6B,0xFF,0xFF,0xFF,0xFF,0xFF,0xFF,0xFF,0xFF,0xFF,0xFF,0xFF,0x6B,0x0,0x0,0x94,0xDE,0xFF,0xB5,0x4A,0x0,0x0,0x6B,0xFF,0xFF,0xFF,0xFF,0xFF,0xB5,0xFF,0xFF,0xFF,0xFF,0x0,0x0,0x0,0x0,0x0,0x0,0xB5,0xFF,0xFF,0xFF,0xFF,0xFF,0xFF,0xFF,0xB5,0x0,
        0x0,0x0,0x0,0x94,0xFF,0x0,0x0,0x0,0xDE,0xFF,0xFF,0xFF,0xFF,0xFF,0xFF,0xFF,0xFF,0xFF,0xB5,0x0,0x0,0x21,0xFF,0xFF,0x0,0x4A,0xB5,0xFF,0x0,0xDE,0xFF,0xFF,0xFF,0xFF,0xFF,0xFF,0xFF,0xFF,0xFF,0xFF,0xFF,0xB5,0x6B,0x0,0x0,0x0,0xFF,0xFF,0xFF,0xFF,0xFF,0xFF,0xFF,0xFF,0x6B,0x0,
        0x0,0x0,0x0,0x21,0xFF,0xDE,0x4A,0x0,0x4A,0xFF,0xFF,0xFF,0xFF,0xFF,0xFF,0xFF,0xFF,0xFF,0x4A,0x0,0x0,0x0,0xB5,0xB5,0x0,0x21,0x6B,0xDE,0x21,0xFF,0xFF,0xFF,0xFF,0xFF,0xFF,0xFF,0xFF,0xFF,0x94,0x4A,0x0,0x4A,0xB5,0xFF,0x6B,0x21,0xFF,0xFF,0xFF,0xFF,0xFF,0xFF,0xFF,0xFF,0x0,0x0,
        0x0,0x0,0x0,0x0,0xB5,0xFF,0xB5,0x0,0x6B,0xFF,0xFF,0xFF,0xFF,0xDE,0x21,0xFF,0xFF,0xFF,0xB5,0x0,0x0,0x0,0x6B,0xDE,0xDE,0xDE,0xDE,0x6B,0x6B,0xFF,0xFF,0xFF,0xFF,0xFF,0xFF,0xFF,0xDE,0xFF,0x94,0x0,0x0,0x0,0x0,0x0,0x0,0x0,0x0,0xB5,0xFF,0xFF,0xFF,0xFF,0xFF,0xB5,0x0,0x0,
        0x0,0x0,0x0,0x0,0x0,0xFF,0xFF,0xFF,0xFF,0xFF,0xFF,0xFF,0xFF,0xFF,0x94,0x6B,0xB5,0xFF,0xFF,0x4A,0x0,0x0,0x0,0x0,0x21,0x94,0x0,0xB5,0xFF,0xFF,0xFF,0xFF,0xFF,0xFF,0xFF,0xB5,0x0,0x21,0x4A,0x0,0x0,0x0,0x0,0x0,0x0,0x4A,0x0,0x4A,0x94,0xFF,0xFF,0xFF,0xFF,0x6B,0x0,0x0,
        0x0,0x0,0x0,0x0,0x0,0x6B,0xB5,0xFF,0xFF,0xFF,0xFF,0xFF,0xFF,0xFF,0xDE,0x21,0x0,0xB5,0xFF,0xFF,0xFF,0xB5,0x4A,0x4A,0xB5,0x6B,0x4A,0xFF,0xFF,0xFF,0xFF,0xFF,0xDE,0xFF,0x6B,0xB5,0xFF,0xB5,0x6B,0x0,0x0,0x0,0x0,0x0,0x21,0xB5,0xFF,0xB5,0x6B,0xFF,0xFF,0xFF,0xFF,0x21,0x0,0x0,
        0x0,0x0,0x0,0x0,0x0,0x0,0x0,0x6B,0xFF,0xFF,0xFF,0xFF,0xFF,0xFF,0xFF,0x6B,0x21,0x21,0x6B,0xDE,0x4A,0x4A,0xB5,0xFF,0xFF,0xDE,0xFF,0xB5,0x94,0xDE,0xFF,0xFF,0x21,0x0,0x0,0x0,0x0,0x4A,0xB5,0xFF,0xDE,0x6B,0x21,0x94,0x94,0x21,0x0,0xB5,0xFF,0xFF,0xFF,0xFF,0xB5,0x0,0x0,0x0,
        0x0,0x0,0x0,0x0,0x0,0x0,0x0,0x0,0x6B,0xFF,0xFF,0xFF,0xFF,0xFF,0xFF,0xFF,0xFF,0xDE,0x94,0x21,0x0,0x0,0x0,0x0,0x4A,0x0,0x0,0x0,0x0,0x0,0x21,0x94,0xDE,0x6B,0x0,0x0,0x0,0x0,0x0,0x0,0x6B,0xFF,0xFF,0xFF,0xFF,0xDE,0xDE,0x6B,0xDE,0x4A,0x6B,0x4A,0x0,0x0,0x0,0x0,
        0x0,0x0,0x0,0x0,0x0,0x0,0x0,0x0,0x0,0xB5,0xFF,0xFF,0xFF,0xFF,0xFF,0xFF,0xFF,0xFF,0xFF,0xFF,0xDE,0x94,0x21,0x0,0x21,0x4A,0x0,0x0,0x0,0x0,0x0,0x0,0x0,0xB5,0x94,0x21,0x0,0x4A,0x4A,0x6B,0xDE,0xFF,0xFF,0xDE,0x6B,0x0,0x21,0x0,0x0,0x0,0x0,0x0,0x0,0x0,0x0,0x0,
        0x0,0x0,0x0,0x0,0x0,0x0,0x0,0x0,0x0,0x0,0x4A,0xFF,0xFF,0xFF,0xFF,0xFF,0xFF,0xFF,0xFF,0xFF,0xFF,0xFF,0xFF,0xDE,0xDE,0xFF,0xFF,0x94,0x4A,0x4A,0xB5,0x6B,0xFF,0xFF,0xFF,0xFF,0xDE,0xFF,0xFF,0xFF,0xFF,0xDE,0x4A,0x21,0x0,0x0,0x0,0x0,0x0,0x0,0x0,0x0,0x0,0x0,0x0,0x0,
        0x0,0x0,0x0,0x0,0x0,0x0,0x0,0x0,0x0,0x0,0x0,0x6B,0xDE,0xFF,0xFF,0xFF,0xFF,0xFF,0x94,0x0,0x4A,0x94,0xFF,0x4A,0x6B,0xDE,0xFF,0x94,0xB5,0xFF,0xFF,0xFF,0xFF,0xFF,0xFF,0xFF,0xFF,0xFF,0xFF,0xFF,0x6B,0x0,0x0,0x0,0x0,0x0,0x0,0x0,0x0,0x0,0x0,0x0,0x0,0x0,0x0,0x0,
        0x0,0x0,0x0,0x0,0x0,0x0,0x0,0x0,0x0,0x0,0x0,0x0,0x0,0x21,0x6B,0x4A,0x0,0x21,0x0,0x0,0x0,0x0,0x0,0x0,0x0,0x0,0x21,0x0,0x0,0x0,0x6B,0xFF,0xFF,0xFF,0xFF,0xFF,0xFF,0xFF,0xFF,0x94,0x0,0x0,0x0,0x0,0x0,0x0,0x0,0x0,0x0,0x0,0x0,0x0,0x0,0x0,0x0,0x0,
        0x0,0x0,0x0,0x0,0x0,0x0,0x0,0x0,0x0,0x0,0x0,0x0,0x0,0x0,0x0,0x0,0x0,0x0,0x0,0x0,0x0,0x0,0x0,0x0,0x0,0x0,0x0,0x0,0x0,0x21,0x94,0xFF,0xFF,0xFF,0xFF,0xFF,0xFF,0xB5,0x21,0x0,0x0,0x0,0x0,0x0,0x0,0x0,0x0,0x0,0x0,0x0,0x0,0x0,0x0,0x0,0x0,0x0,
        0x0,0x0,0x0,0x0,0x0,0x0,0x0,0x0,0x0,0x0,0x0,0x0,0x0,0x0,0x0,0x0,0x0,0x0,0x0,0x0,0x0,0x0,0x0,0x0,0x0,0x0,0x0,0x4A,0x94,0xFF,0xFF,0xFF,0xFF,0xFF,0xFF,0xDE,0x4A,0x0,0x0,0x0,0x0,0x0,0x0,0x0,0x0,0x0,0x0,0x0,0x0,0x0,0x0,0x0,0x0,0x0,0x0,0x0,
        0x0,0x0,0x0,0x0,0x0,0x0,0x0,0x0,0x0,0x0,0x0,0x0,0x0,0x0,0x0,0x0,0x0,0x0,0x0,0x0,0x0,0x0,0x0,0x0,0x0,0x0,0x0,0xFF,0x21,0x21,0x94,0xDE,0x6B,0x6B,0x4A,0x0,0x0,0x0,0x0,0x0,0x0,0x0,0x0,0x0,0x0,0x0,0x0,0x0,0x0,0x0,0x0,0x0,0x0,0x0,0x0,0x0,
        0x0,0x0,0x0,0x0,0x0,0x0,0x0,0x0,0x0,0x0,0x0,0x0,0x0,0x0,0x0,0x0,0x0,0x0,0x0,0x0,0x0,0x0,0x0,0x0,0x0,0x0,0x0,0x94,0x0,0x0,0x0,0x0,0x0,0x0,0x0,0x0,0x0,0x0,0x0,0x0,0x0,0x0,0x0,0x0,0x0,0x0,0x0,0x0,0x0,0x0,0x0,0x0,0x0,0x0,0x0,0x0,
        0x0,0x0,0x0,0x0,0x0,0x0,0x0,0x0,0x0,0x0,0x0,0x0,0x0,0x0,0x0,0x0,0x0,0x0,0x0,0x0,0x0,0x0,0x0,0x0,0x0,0x0,0x0,0x0,0x0,0x0,0x0,0x0,0x0,0x0,0x0,0x0,0x0,0x0,0x0,0x0,0x0,0x0,0x0,0x0,0x0,0x0,0x0,0x0,0x0,0x0,0x0,0x0,0x0,0x0,0x0,0x0,
        0x0,0x0,0x0,0x0,0x0,0x0,0x0,0x0,0x0,0x0,0x0,0x0,0x0,0x0,0x0,0x0,0x0,0x0,0x0,0x0,0x0,0x0,0x0,0x0,0x0,0x0,0x0,0x0,0x0,0x0,0x0,0x0,0x0,0x0,0x0,0x0,0x0,0x0,0x0,0x0,0x0,0x0,0x0,0x0,0x0,0x0,0x0,0x0,0x0,0x0,0x0,0x0,0x0,0x0,0x0,0x0,
        0x0,0x0,0x0,0x0,0x0,0x0,0x0,0x0,0x0,0x0,0x0,0x0,0x0,0x0,0x0,0x0,0x0,0x0,0x0,0x0,0x0,0x0,0x0,0x0,0x0,0x0,0x0,0x0,0x0,0x0,0x0,0x0,0x0,0x0,0x0,0x0,0x0,0x0,0x0,0x0,0x0,0x0,0x0,0x0,0x0,0x0,0x0,0x0,0x0,0x0,0x0,0x0,0x0,0x0,0x0,0x0,
        0x0,0x0,0x0,0x0,0x0,0x0,0x0,0x0,0x0,0x0,0x0,0x0,0x0,0x0,0x0,0x0,0x0,0x0,0x0,0x0,0x0,0x0,0x0,0x0,0x0,0x0,0x0,0x0,0x0,0x0,0x0,0x0,0x0,0x0,0x0,0x0,0x0,0x0,0x0,0x0,0x0,0x0,0x0,0x0,0x0,0x0,0x0,0x0,0x0,0x0,0x0,0x0,0x0,0x0,0x0,0x0,
        0x0,0x0,0x0,0x0,0x0,0x0,0x0,0x0,0x0,0x0,0x0,0x0,0x0,0x0,0x0,0x0,0x0,0x0,0x0,0x0,0x0,0x0,0x0,0x0,0x0,0x0,0x0,0x0,0x0,0x0,0x0,0x0,0x0,0x0,0x0,0x0,0x0,0x0,0x0,0x0,0x0,0x0,0x0,0x0,0x0,0x0,0x0,0x0,0x0,0x0,0x0,0x0,0x0,0x0,0x0,0x0,
        0x0,0x0,0x0,0x0,0x0,0x0,0x0,0x0,0x0,0x0,0x0,0x0,0x0,0x0,0x0,0x0,0x0,0x0,0x0,0x0,0x0,0x0,0x0,0x0,0x0,0x0,0x0,0x0,0x0,0x0,0x0,0x0,0x0,0x0,0x0,0x0,0x0,0x0,0x0,0x0,0x0,0x0,0x0,0x0,0x0,0x0,0x0,0x0,0x0,0x0,0x0,0x0,0x0,0x0,0x0,0x0,
        0x0,0x0,0x0,0x0,0x0,0x0,0x0,0x0,0x0,0x0,0x0,0x0,0x0,0x0,0x0,0x0,0x0,0x0,0x0,0x0,0x0,0x0,0x0,0x0,0x0,0x0,0x0,0x0,0x0,0x0,0x0,0x0,0x0,0x0,0x0,0x0,0x0,0x0,0x0,0x0,0x0,0x0,0x0,0x0,0x0,0x0,0x0,0x0,0x0,0x0,0x0,0x0,0x0,0x0,0x0,0x0
    }
};

const gfx_sprite_t sprite_gaster_blaster_0_5 = {
    .width = 56,
    .height = 56,
    .data = {
        0x0,0x0,0x0,0x0,0x0,0x0,0x0,0x0,0x0,0x0,0x0,0x0,0x0,0x0,0x0,0x0,0x0,0x0,0x0,0x0,0x0,0x0,0x0,0x0,0x0,0x0,0x0,0x0,0x0,0x0,0x0,0x0,0x0,0x0,0x0,0x0,0x0,0x0,0x0,0x0,0x0,0x0,0x0,0x0,0x0,0x0,0x0,0x0,0x0,0x0,0x0,0x0,0x0,0x0,0x0,0x0,
        0x0,0x0,0x0,0x0,0x0,0x0,0x0,0x0,0x0,0x0,0x0,0x0,0x0,0x0,0x0,0x0,0x0,0x0,0x0,0x0,0x0,0x0,0x0,0x0,0x0,0x0,0x0,0x0,0x0,0x0,0x0,0x0,0x0,0x0,0x0,0x0,0x0,0x0,0x0,0x0,0x0,0x0,0x0,0x0,0x0,0x0,0x0,0x0,0x0,0x0,0x0,0x0,0x0,0x0,0x0,0x0,
        0x0,0x0,0x0,0x0,0x0,0x0,0x0,0x0,0x0,0x0,0x0,0x0,0x0,0x0,0x0,0x0,0x0,0x0,0x0,0x0,0x0,0x0,0x0,0x0,0x0,0x0,0x0,0x0,0x0,0x0,0x0,0x0,0x0,0x0,0x0,0x0,0x0,0x0,0x0,0x0,0x0,0x0,0x0,0x0,0x0,0x0,0x0,0x0,0x0,0x0,0x0,0x0,0x0,0x0,0x0,0x0,
        0x0,0x0,0x0,0x0,0x0,0x0,0x0,0x0,0x0,0x0,0x0,0x0,0x0,0x0,0x0,0x0,0x0,0x0,0x0,0x0,0x0,0x0,0x0,0x0,0x0,0x0,0x0,0x0,0x0,0x0,0x0,0x0,0x0,0x0,0x0,0x0,0x0,0x0,0x0,0x0,0x0,0x0,0x0,0x0,0x0,0x0,0x0,0x0,0x0,0x0,0x0,0x0,0x0,0x0,0x0,0x0,
        0x0,0x0,0x0,0x0,0x0,0x0,0x0,0x0,0x0,0x0,0x0,0x0,0x0,0x0,0x0,0x0,0x0,0x0,0x0,0x0,0x0,0x0,0x0,0x0,0x0,0x0,0x0,0x0,0x0,0x0,0x0,0x0,0x0,0x0,0x0,0x0,0x0,0x0,0x0,0x0,0x0,0x0,0x0,0x0,0x0,0x0,0x0,0x0,0x0,0x0,0x0,0x0,0x0,0x0,0x0,0x0,
        0x0,0x0,0x0,0x0,0x0,0x0,0x0,0x0,0x0,0x0,0x0,0x0,0x0,0x0,0x0,0x0,0x0,0x0,0x0,0x0,0x0,0x0,0x0,0x0,0x0,0x0,0x0,0x0,0x0,0x0,0x0,0x0,0x0,0x0,0x0,0x0,0x0,0x0,0x0,0x0,0x0,0x0,0x0,0x0,0x0,0x0,0x0,0x0,0x0,0x0,0x0,0x0,0x0,0x0,0x0,0x0,
        0x0,0x0,0x0,0x0,0x0,0x0,0x0,0x0,0x0,0x0,0x0,0x0,0x0,0x0,0x0,0x0,0x0,0x0,0x0,0x0,0x0,0x0,0x0,0x0,0x0,0x0,0x0,0x0,0x0,0x0,0x0,0x0,0x0,0x0,0x0,0x0,0x0,0x0,0x0,0x0,0x0,0x0,0x0,0x0,0x0,0x0,0x0,0x0,0x0,0x0,0x0,0x0,0x0,0x0,0x0,0x0,
        0x0,0x0,0x0,0x0,0x0,0x0,0x0,0x0,0x0,0x0,0x0,0x0,0x0,0x0,0x0,0x0,0x0,0x0,0x0,0x0,0x0,0x0,0x0,0x0,0x0,0x0,0x0,0x0,0x0,0x0,0x0,0x0,0x0,0x0,0x0,0x0,0x0,0x0,0x0,0x0,0x0,0x0,0x0,0x0,0x0,0x0,0x0,0x0,0x0,0x0,0x0,0x0,0x0,0x0,0x0,0x0,
        0x0,0x0,0x0,0x0,0x0,0x0,0x0,0x0,0x0,0x0,0x0,0x0,0x0,0x0,0x0,0x0,0xFF,0xFF,0xFF,0xFF,0xFF,0x0,0x0,0x0,0x0,0x0,0x0,0x0,0x0,0x0,0x0,0x0,0x0,0xFF,0x0,0x0,0x0,0x0,0x0,0x0,0x0,0x0,0x0,0x0,0x0,0x0,0x0,0x0,0x0,0x0,0x0,0x0,0x0,0x0,0x0,0x0,
        0x0,0x0,0x0,0x0,0x0,0x0,0x0,0x0,0x0,0x0,0x0,0x0,0x0,0x0,0xFF,0xFF,0xFF,0xFF,0xFF,0xFF,0xFF,0xFF,0xFF,0x0,0x0,0x0,0x0,0x0,0x0,0x0,0x0,0x0,0x0,0xFF,0x0,0x0,0x0,0x0,0x0,0x0,0x0,0x0,0x0,0x0,0x0,0x0,0x0,0x0,0x0,0x0,0x0,0x0,0x0,0x0,0x0,0x0,
        0x0,0x0,0x0,0x0,0x0,0x0,0x0,0x0,0x0,0x0,0x0,0x0,0xFF,0xFF,0xFF,0xFF,0xFF,0xFF,0xFF,0xFF,0xFF,0xFF,0xFF,0xFF,0x0,0x0,0x0,0x0,0x0,0x0,0x0,0x0,0x0,0x0,0xFF,0xFF,0xFF,0xFF,0x0,0x0,0x0,0x0,0x0,0x0,0x0,0x0,0x0,0x0,0x0,0x0,0x0,0x0,0x0,0x0,0x0,0x0,
        0x0,0x0,0x0,0x0,0x0,0x0,0x0,0x0,0x0,0xFF,0xFF,0xFF,0xFF,0xFF,0xFF,0xFF,0xFF,0xFF,0xFF,0xFF,0xFF,0xFF,0xFF,0xFF,0xFF,0xFF,0xFF,0xFF,0x0,0x0,0x0,0x0,0x0,0x0,0x0,0xFF,0xFF,0xFF,0xFF,0xFF,0x0,0x0,0x0,0x0,0x0,0x0,0x0,0x0,0x0,0x0,0x0,0x0,0x0,0x0,0x0,0x0,
        0x0,0x0,0x0,0x0,0x0,0x0,0x0,0x0,0xFF,0xFF,0xFF,0xFF,0xFF,0xFF,0xFF,0xFF,0xFF,0xFF,0xFF,0xFF,0xFF,0xFF,0xFF,0xFF,0xFF,0xFF,0xFF,0xFF,0xFF,0xFF,0xFF,0xFF,0x0,0x0,0x0,0x0,0xFF,0xFF,0xFF,0xFF,0xFF,0x0,0x0,0x0,0x0,0x0,0x0,0x0,0x0,0x0,0x0,0x0,0x0,0x0,0x0,0x0,
        0x0,0x0,0x0,0x0,0x0,0x0,0x0,0xFF,0xFF,0xFF,0x0,0x0,0xFF,0xFF,0xFF,0xFF,0xFF,0xFF,0xFF,0x0,0x0,0x0,0x0,0x0,0x0,0x0,0x0,0x0,0x0,0xFF,0xFF,0xFF,0xFF,0xFF,0xFF,0xFF,0xFF,0xFF,0xFF,0xFF,0xFF,0xFF,0x0,0x0,0x0,0x0,0x0,0x0,0x0,0x0,0x0,0x0,0x0,0x0,0x0,0x0,
        0x0,0x0,0x0,0x0,0x0,0x0,0xFF,0xFF,0x0,0x0,0x0,0x0,0xFF,0xFF,0xFF,0xFF,0xFF,0xFF,0x0,0x0,0x0,0xFF,0xFF,0xFF,0x0,0x0,0x0,0x0,0x0,0x0,0x0,0x0,0x0,0x0,0xFF,0xFF,0xFF,0xFF,0xFF,0xFF,0xFF,0xFF,0xFF,0x0,0x0,0x0,0x0,0x0,0x0,0x0,0x0,0x0,0x0,0x0,0x0,0x0,
        0x0,0x0,0x0,0x0,0x0,0xFF,0xFF,0x0,0x0,0x0,0x0,0xFF,0xFF,0xFF,0xFF,0xFF,0xFF,0x0,0xFF,0xFF,0xFF,0xFF,0xFF,0xFF,0xFF,0xFF,0xFF,0xFF,0xFF,0x0,0x0,0x0,0x0,0x0,0x0,0x0,0xFF,0xFF,0xFF,0xFF,0xFF,0xFF,0xFF,0xFF,0x0,0x0,0x0,0x0,0x0,0x0,0x0,0x0,0x0,0x0,0x0,0x0,
        0x0,0x0,0x0,0x0,0x0,0xFF,0x0,0x0,0x0,0x0,0xFF,0xFF,0xFF,0xFF,0xFF,0xFF,0xFF,0xFF,0xFF,0xFF,0xFF,0xFF,0x0,0x0,0x0,0x0,0x0,0xFF,0xFF,0xFF,0xFF,0x0,0x0,0x0,0x0,0x0,0x0,0xFF,0xFF,0xFF,0xFF,0xFF,0xFF,0xFF,0x0,0x0,0x0,0x0,0x0,0x0,0x0,0x0,0x0,0x0,0x0,0x0,
        0x0,0x0,0x0,0x0,0x0,0x0,0x0,0x0,0x0,0xFF,0xFF,0xFF,0xFF,0xFF,0xFF,0xFF,0xFF,0xFF,0xFF,0xFF,0xFF,0x0,0x0,0x0,0x0,0x0,0x0,0x0,0x0,0x0,0xFF,0xFF,0xFF,0xFF,0xFF,0xFF,0xFF,0x0,0x0,0x0,0x0,0xFF,0xFF,0xFF,0xFF,0x0,0x0,0x0,0x0,0x0,0x0,0x0,0x0,0x0,0x0,0x0,
        0x0,0x0,0x0,0x0,0x0,0x0,0x0,0x0,0x0,0xFF,0xFF,0xFF,0xFF,0xFF,0xFF,0xFF,0xFF,0xFF,0xFF,0xFF,0xFF,0x0,0x0,0x0,0x0,0xFF,0xFF,0xFF,0xFF,0x0,0xFF,0xFF,0xFF,0xFF,0xFF,0x0,0x0,0x0,0x0,0x0,0x0,0x0,0x0,0xFF,0xFF,0xFF,0x0,0x0,0x0,0x0,0x0,0x0,0x0,0x0,0x0,0x0,
        0x0,0x0,0x0,0x0,0x0,0x0,0x0,0x0,0xFF,0xFF,0xFF,0xFF,0xFF,0xFF,0xFF,0xFF,0xFF,0xFF,0xFF,0xFF,0xFF,0x0,0x0,0x0,0xFF,0xFF,0x0,0x0,0xFF,0xFF,0x0,0xFF,0xFF,0xFF,0xFF,0xFF,0xFF,0x0,0x0,0x0,0x0,0x0,0x0,0x0,0xFF,0xFF,0xFF,0x0,0x0,0x0,0x0,0x0,0x0,0x0,0x0,0x0,
        0x0,0x0,0x0,0x0,0x0,0x0,0x0,0x0,0xFF,0xFF,0xFF,0xFF,0xFF,0xFF,0xFF,0xFF,0xFF,0xFF,0xFF,0xFF,0xFF,0xFF,0x0,0x0,0xFF,0xFF,0x0,0x0,0x0,0xFF,0x0,0xFF,0xFF,0xFF,0xFF,0xFF,0xFF,0xFF,0xFF,0xFF,0xFF,0xFF,0xFF,0xFF,0xFF,0xFF,0xFF,0xFF,0x0,0x0,0x0,0x0,0x0,0x0,0x0,0x0,
        0x0,0x0,0x0,0x0,0x0,0x0,0x0,0xFF,0xFF,0xFF,0xFF,0xFF,0xFF,0xFF,0xFF,0xFF,0xFF,0xFF,0xFF,0xFF,0xFF,0xFF,0xFF,0x0,0x0,0xFF,0xFF,0xFF,0xFF,0xFF,0x0,0xFF,0xFF,0xFF,0xFF,0xFF,0xFF,0xFF,0x0,0x0,0x0,0x0,0x0,0x0,0x0,0x0,0xFF,0xFF,0xFF,0xFF,0x0,0x0,0x0,0x0,0x0,0x0,
        0x0,0x0,0x0,0x0,0x0,0x0,0x0,0xFF,0xFF,0xFF,0xFF,0xFF,0xFF,0xFF,0xFF,0xFF,0xFF,0xFF,0xFF,0xFF,0xFF,0xFF,0xFF,0xFF,0x0,0x0,0x0,0x0,0x0,0x0,0x0,0xFF,0xFF,0xFF,0xFF,0xFF,0xFF,0xFF,0xFF,0xFF,0xFF,0x0,0x0,0x0,0x0,0x0,0x0,0x0,0x0,0x0,0xFF,0xFF,0x0,0x0,0x0,0x0,
        0x0,0x0,0x0,0x0,0x0,0x0,0xFF,0xFF,0xFF,0xFF,0xFF,0xFF,0xFF,0xFF,0xFF,0xFF,0xFF,0xFF,0xFF,0xFF,0xFF,0xFF,0xFF,0xFF,0xFF,0xFF,0xFF,0xFF,0x0,0x0,0x0,0xFF,0xFF,0xFF,0xFF,0xFF,0xFF,0xFF,0xFF,0xFF,0x0,0x0,0x0,0x0,0x0,0x0,0x0,0xFF,0xFF,0xFF,0xFF,0xFF,0xFF,0xFF,0x0,0x0,
        0x0,0x0,0x0,0x0,0x0,0xFF,0xFF,0xFF,0xFF,0xFF,0xFF,0xFF,0xFF,0xFF,0xFF,0xFF,0xFF,0xFF,0xFF,0xFF,0xFF,0xFF,0xFF,0xFF,0xFF,0xFF,0xFF,0xFF,0xFF,0xFF,0xFF,0xFF,0xFF,0xFF,0xFF,0xFF,0xFF,0xFF,0xFF,0xFF,0xFF,0x0,0x0,0x0,0x0,0x0,0x0,0x0,0x0,0x0,0x0,0xFF,0xFF,0xFF,0xFF,0x0,
        0x0,0x0,0x0,0x0,0xFF,0xFF,0xFF,0xFF,0xFF,0xFF,0xFF,0xFF,0xFF,0xFF,0xFF,0xFF,0xFF,0xFF,0xFF,0xFF,0xFF,0xFF,0xFF,0xFF,0xFF,0xFF,0xFF,0xFF,0xFF,0xFF,0xFF,0xFF,0xFF,0x0,0x0,0x0,0x0,0xFF,0xFF,0xFF,0xFF,0xFF,0xFF,0xFF,0xFF,0xFF,0x0,0x0,0x0,0xFF,0xFF,0xFF,0xFF,0xFF,0xFF,0x0,
        0x0,0x0,0x0,0xFF,0xFF,0xFF,0xFF,0xFF,0xFF,0xFF,0xFF,0xFF,0xFF,0xFF,0xFF,0xFF,0xFF,0xFF,0xFF,0xFF,0xFF,0xFF,0xFF,0xFF,0xFF,0xFF,0xFF,0xFF,0xFF,0xFF,0xFF,0x0,0x0,0x0,0x0,0x0,0x0,0x0,0xFF,0xFF,0xFF,0x0,0x0,0x0,0x0,0x0,0x0,0xFF,0xFF,0xFF,0xFF,0xFF,0xFF,0xFF,0xFF,0x0,
        0xFF,0xFF,0xFF,0xFF,0xFF,0xFF,0xFF,0xFF,0xFF,0xFF,0xFF,0x0,0x0,0x0,0x0,0x0,0x0,0x0,0x0,0x0,0x0,0x0,0x0,0x0,0x0,0x0,0x0,0x0,0x0,0x0,0x0,0x0,0x0,0x0,0x0,0x0,0x0,0x0,0xFF,0xFF,0x0,0x0,0x0,0x0,0x0,0x0,0x0,0xFF,0xFF,0xFF,0xFF,0xFF,0xFF,0xFF,0xFF,0x0,
        0xFF,0xFF,0xFF,0xFF,0xFF,0xFF,0xFF,0xFF,0xFF,0xFF,0xFF,0x0,0x0,0x0,0x0,0x0,0x0,0x0,0x0,0x0,0x0,0x0,0x0,0x0,0x0,0x0,0x0,0x0,0x0,0x0,0x0,0x0,0x0,0x0,0x0,0x0,0x0,0x0,0xFF,0xFF,0x0,0x0,0x0,0x0,0x0,0x0,0x0,0xFF,0xFF,0xFF,0xFF,0xFF,0xFF,0xFF,0xFF,0x0,
        0x0,0x0,0x0,0xFF,0xFF,0xFF,0xFF,0xFF,0xFF,0xFF,0xFF,0xFF,0xFF,0xFF,0xFF,0xFF,0xFF,0xFF,0xFF,0xFF,0xFF,0xFF,0xFF,0xFF,0xFF,0xFF,0xFF,0xFF,0xFF,0xFF,0xFF,0x0,0x0,0x0,0x0,0x0,0x0,0x0,0xFF,0xFF,0xFF,0x0,0x0,0x0,0x0,0x0,0x0,0xFF,0xFF,0xFF,0xFF,0xFF,0xFF,0xFF,0xFF,0x0,
        0x0,0x0,0x0,0x0,0xFF,0xFF,0xFF,0xFF,0xFF,0xFF,0xFF,0xFF,0xFF,0xFF,0xFF,0xFF,0xFF,0xFF,0xFF,0xFF,0xFF,0xFF,0xFF,0xFF,0xFF,0xFF,0xFF,0xFF,0xFF,0xFF,0xFF,0xFF,0xFF,0x0,0x0,0x0,0x0,0xFF,0xFF,0xFF,0xFF,0xFF,0xFF,0xFF,0xFF,0xFF,0x0,0x0,0x0,0xFF,0xFF,0xFF,0xFF,0xFF,0xFF,0x0,
        0x0,0x0,0x0,0x0,0x0,0xFF,0xFF,0xFF,0xFF,0xFF,0xFF,0xFF,0xFF,0xFF,0xFF,0xFF,0xFF,0xFF,0xFF,0xFF,0xFF,0xFF,0xFF,0xFF,0xFF,0xFF,0xFF,0xFF,0xFF,0xFF,0xFF,0xFF,0xFF,0xFF,0xFF,0xFF,0xFF,0xFF,0xFF,0xFF,0xFF,0x0,0x0,0x0,0x0,0x0,0x0,0x0,0x0,0x0,0x0,0xFF,0xFF,0xFF,0xFF,0x0,
        0x0,0x0,0x0,0x0,0x0,0x0,0xFF,0xFF,0xFF,0xFF,0xFF,0xFF,0xFF,0xFF,0xFF,0xFF,0xFF,0xFF,0xFF,0xFF,0xFF,0xFF,0xFF,0xFF,0xFF,0xFF,0xFF,0xFF,0x0,0x0,0x0,0xFF,0xFF,0xFF,0xFF,0xFF,0xFF,0xFF,0xFF,0xFF,0x0,0x0,0x0,0x0,0x0,0x0,0x0,0xFF,0xFF,0xFF,0xFF,0xFF,0xFF,0xFF,0x0,0x0,
        0x0,0x0,0x0,0x0,0x0,0x0,0x0,0xFF,0xFF,0xFF,0xFF,0xFF,0xFF,0xFF,0xFF,0xFF,0xFF,0xFF,0xFF,0xFF,0xFF,0xFF,0xFF,0xFF,0x0,0x0,0x0,0x0,0x0,0x0,0x0,0xFF,0xFF,0xFF,0xFF,0xFF,0xFF,0xFF,0xFF,0xFF,0xFF,0x0,0x0,0x0,0x0,0x0,0x0,0x0,0x0,0x0,0xFF,0xFF,0x0,0x0,0x0,0x0,
        0x0,0x0,0x0,0x0,0x0,0x0,0x0,0xFF,0xFF,0xFF,0xFF,0xFF,0xFF,0xFF,0xFF,0xFF,0xFF,0xFF,0xFF,0xFF,0xFF,0xFF,0xFF,0x0,0x0,0xFF,0xFF,0xFF,0xFF,0xFF,0x0,0xFF,0xFF,0xFF,0xFF,0xFF,0xFF,0xFF,0x0,0x0,0x0,0x0,0x0,0x0,0x0,0x0,0xFF,0xFF,0xFF,0xFF,0x0,0x0,0x0,0x0,0x0,0x0,
        0x0,0x0,0x0,0x0,0x0,0x0,0x0,0x0,0xFF,0xFF,0xFF,0xFF,0xFF,0xFF,0xFF,0xFF,0xFF,0xFF,0xFF,0xFF,0xFF,0xFF,0x0,0x0,0xFF,0xFF,0x0,0x0,0x0,0xFF,0x0,0xFF,0xFF,0xFF,0xFF,0xFF,0xFF,0xFF,0xFF,0xFF,0xFF,0xFF,0xFF,0xFF,0xFF,0xFF,0xFF,0xFF,0x0,0x0,0x0,0x0,0x0,0x0,0x0,0x0,
        0x0,0x0,0x0,0x0,0x0,0x0,0x0,0x0,0xFF,0xFF,0xFF,0xFF,0xFF,0xFF,0xFF,0xFF,0xFF,0xFF,0xFF,0xFF,0xFF,0x0,0x0,0x0,0xFF,0xFF,0x0,0x0,0xFF,0xFF,0x0,0xFF,0xFF,0xFF,0xFF,0xFF,0xFF,0x0,0x0,0x0,0x0,0x0,0x0,0x0,0xFF,0xFF,0xFF,0x0,0x0,0x0,0x0,0x0,0x0,0x0,0x0,0x0,
        0x0,0x0,0x0,0x0,0x0,0x0,0x0,0x0,0x0,0xFF,0xFF,0xFF,0xFF,0xFF,0xFF,0xFF,0xFF,0xFF,0xFF,0xFF,0xFF,0x0,0x0,0x0,0x0,0xFF,0xFF,0xFF,0xFF,0x0,0xFF,0xFF,0xFF,0xFF,0xFF,0x0,0x0,0x0,0x0,0x0,0x0,0x0,0x0,0xFF,0xFF,0xFF,0x0,0x0,0x0,0x0,0x0,0x0,0x0,0x0,0x0,0x0,
        0x0,0x0,0x0,0x0,0x0,0x0,0x0,0x0,0x0,0xFF,0xFF,0xFF,0xFF,0xFF,0xFF,0xFF,0xFF,0xFF,0xFF,0xFF,0xFF,0x0,0x0,0x0,0x0,0x0,0x0,0x0,0x0,0x0,0xFF,0xFF,0xFF,0xFF,0xFF,0xFF,0xFF,0x0,0x0,0x0,0x0,0xFF,0xFF,0xFF,0xFF,0x0,0x0,0x0,0x0,0x0,0x0,0x0,0x0,0x0,0x0,0x0,
        0x0,0x0,0x0,0x0,0x0,0xFF,0x0,0x0,0x0,0x0,0xFF,0xFF,0xFF,0xFF,0xFF,0xFF,0xFF,0xFF,0xFF,0xFF,0xFF,0xFF,0x0,0x0,0x0,0x0,0x0,0xFF,0xFF,0xFF,0xFF,0x0,0x0,0x0,0x0,0x0,0x0,0xFF,0xFF,0xFF,0xFF,0xFF,0xFF,0xFF,0x0,0x0,0x0,0x0,0x0,0x0,0x0,0x0,0x0,0x0,0x0,0x0,
        0x0,0x0,0x0,0x0,0x0,0xFF,0xFF,0x0,0x0,0x0,0x0,0xFF,0xFF,0xFF,0xFF,0xFF,0xFF,0x0,0xFF,0xFF,0xFF,0xFF,0xFF,0xFF,0xFF,0xFF,0xFF,0xFF,0xFF,0x0,0x0,0x0,0x0,0x0,0x0,0x0,0xFF,0xFF,0xFF,0xFF,0xFF,0xFF,0xFF,0xFF,0x0,0x0,0x0,0x0,0x0,0x0,0x0,0x0,0x0,0x0,0x0,0x0,
        0x0,0x0,0x0,0x0,0x0,0x0,0xFF,0xFF,0x0,0x0,0x0,0x0,0xFF,0xFF,0xFF,0xFF,0xFF,0xFF,0x0,0x0,0x0,0xFF,0xFF,0xFF,0x0,0x0,0x0,0x0,0x0,0x0,0x0,0x0,0x0,0x0,0xFF,0xFF,0xFF,0xFF,0xFF,0xFF,0xFF,0xFF,0xFF,0x0,0x0,0x0,0x0,0x0,0x0,0x0,0x0,0x0,0x0,0x0,0x0,0x0,
        0x0,0x0,0x0,0x0,0x0,0x0,0x0,0xFF,0xFF,0xFF,0x0,0x0,0xFF,0xFF,0xFF,0xFF,0xFF,0xFF,0xFF,0x0,0x0,0x0,0x0,0x0,0x0,0x0,0x0,0x0,0x0,0xFF,0xFF,0xFF,0xFF,0xFF,0xFF,0xFF,0xFF,0xFF,0xFF,0xFF,0xFF,0xFF,0x0,0x0,0x0,0x0,0x0,0x0,0x0,0x0,0x0,0x0,0x0,0x0,0x0,0x0,
        0x0,0x0,0x0,0x0,0x0,0x0,0x0,0x0,0xFF,0xFF,0xFF,0xFF,0xFF,0xFF,0xFF,0xFF,0xFF,0xFF,0xFF,0xFF,0xFF,0xFF,0xFF,0xFF,0xFF,0xFF,0xFF,0xFF,0xFF,0xFF,0xFF,0xFF,0x0,0x0,0x0,0x0,0xFF,0xFF,0xFF,0xFF,0xFF,0x0,0x0,0x0,0x0,0x0,0x0,0x0,0x0,0x0,0x0,0x0,0x0,0x0,0x0,0x0,
        0x0,0x0,0x0,0x0,0x0,0x0,0x0,0x0,0x0,0xFF,0xFF,0xFF,0xFF,0xFF,0xFF,0xFF,0xFF,0xFF,0xFF,0xFF,0xFF,0xFF,0xFF,0xFF,0xFF,0xFF,0xFF,0xFF,0x0,0x0,0x0,0x0,0x0,0x0,0x0,0xFF,0xFF,0xFF,0xFF,0xFF,0x0,0x0,0x0,0x0,0x0,0x0,0x0,0x0,0x0,0x0,0x0,0x0,0x0,0x0,0x0,0x0,
        0x0,0x0,0x0,0x0,0x0,0x0,0x0,0x0,0x0,0x0,0x0,0x0,0xFF,0xFF,0xFF,0xFF,0xFF,0xFF,0xFF,0xFF,0xFF,0xFF,0xFF,0xFF,0x0,0x0,0x0,0x0,0x0,0x0,0x0,0x0,0x0,0x0,0xFF,0xFF,0xFF,0xFF,0x0,0x0,0x0,0x0,0x0,0x0,0x0,0x0,0x0,0x0,0x0,0x0,0x0,0x0,0x0,0x0,0x0,0x0,
        0x0,0x0,0x0,0x0,0x0,0x0,0x0,0x0,0x0,0x0,0x0,0x0,0x0,0x0,0xFF,0xFF,0xFF,0xFF,0xFF,0xFF,0xFF,0xFF,0xFF,0x0,0x0,0x0,0x0,0x0,0x0,0x0,0x0,0x0,0x0,0xFF,0x0,0x0,0x0,0x0,0x0,0x0,0x0,0x0,0x0,0x0,0x0,0x0,0x0,0x0,0x0,0x0,0x0,0x0,0x0,0x0,0x0,0x0,
        0x0,0x0,0x0,0x0,0x0,0x0,0x0,0x0,0x0,0x0,0x0,0x0,0x0,0x0,0x0,0x0,0xFF,0xFF,0xFF,0xFF,0xFF,0x0,0x0,0x0,0x0,0x0,0x0,0x0,0x0,0x0,0x0,0x0,0x0,0xFF,0x0,0x0,0x0,0x0,0x0,0x0,0x0,0x0,0x0,0x0,0x0,0x0,0x0,0x0,0x0,0x0,0x0,0x0,0x0,0x0,0x0,0x0,
        0x0,0x0,0x0,0x0,0x0,0x0,0x0,0x0,0x0,0x0,0x0,0x0,0x0,0x0,0x0,0x0,0x0,0x0,0x0,0x0,0x0,0x0,0x0,0x0,0x0,0x0,0x0,0x0,0x0,0x0,0x0,0x0,0x0,0x0,0x0,0x0,0x0,0x0,0x0,0x0,0x0,0x0,0x0,0x0,0x0,0x0,0x0,0x0,0x0,0x0,0x0,0x0,0x0,0x0,0x0,0x0,
        0x0,0x0,0x0,0x0,0x0,0x0,0x0,0x0,0x0,0x0,0x0,0x0,0x0,0x0,0x0,0x0,0x0,0x0,0x0,0x0,0x0,0x0,0x0,0x0,0x0,0x0,0x0,0x0,0x0,0x0,0x0,0x0,0x0,0x0,0x0,0x0,0x0,0x0,0x0,0x0,0x0,0x0,0x0,0x0,0x0,0x0,0x0,0x0,0x0,0x0,0x0,0x0,0x0,0x0,0x0,0x0,
        0x0,0x0,0x0,0x0,0x0,0x0,0x0,0x0,0x0,0x0,0x0,0x0,0x0,0x0,0x0,0x0,0x0,0x0,0x0,0x0,0x0,0x0,0x0,0x0,0x0,0x0,0x0,0x0,0x0,0x0,0x0,0x0,0x0,0x0,0x0,0x0,0x0,0x0,0x0,0x0,0x0,0x0,0x0,0x0,0x0,0x0,0x0,0x0,0x0,0x0,0x0,0x0,0x0,0x0,0x0,0x0,
        0x0,0x0,0x0,0x0,0x0,0x0,0x0,0x0,0x0,0x0,0x0,0x0,0x0,0x0,0x0,0x0,0x0,0x0,0x0,0x0,0x0,0x0,0x0,0x0,0x0,0x0,0x0,0x0,0x0,0x0,0x0,0x0,0x0,0x0,0x0,0x0,0x0,0x0,0x0,0x0,0x0,0x0,0x0,0x0,0x0,0x0,0x0,0x0,0x0,0x0,0x0,0x0,0x0,0x0,0x0,0x0,
        0x0,0x0,0x0,0x0,0x0,0x0,0x0,0x0,0x0,0x0,0x0,0x0,0x0,0x0,0x0,0x0,0x0,0x0,0x0,0x0,0x0,0x0,0x0,0x0,0x0,0x0,0x0,0x0,0x0,0x0,0x0,0x0,0x0,0x0,0x0,0x0,0x0,0x0,0x0,0x0,0x0,0x0,0x0,0x0,0x0,0x0,0x0,0x0,0x0,0x0,0x0,0x0,0x0,0x0,0x0,0x0,
        0x0,0x0,0x0,0x0,0x0,0x0,0x0,0x0,0x0,0x0,0x0,0x0,0x0,0x0,0x0,0x0,0x0,0x0,0x0,0x0,0x0,0x0,0x0,0x0,0x0,0x0,0x0,0x0,0x0,0x0,0x0,0x0,0x0,0x0,0x0,0x0,0x0,0x0,0x0,0x0,0x0,0x0,0x0,0x0,0x0,0x0,0x0,0x0,0x0,0x0,0x0,0x0,0x0,0x0,0x0,0x0,
        0x0,0x0,0x0,0x0,0x0,0x0,0x0,0x0,0x0,0x0,0x0,0x0,0x0,0x0,0x0,0x0,0x0,0x0,0x0,0x0,0x0,0x0,0x0,0x0,0x0,0x0,0x0,0x0,0x0,0x0,0x0,0x0,0x0,0x0,0x0,0x0,0x0,0x0,0x0,0x0,0x0,0x0,0x0,0x0,0x0,0x0,0x0,0x0,0x0,0x0,0x0,0x0,0x0,0x0,0x0,0x0,
        0x0,0x0,0x0,0x0,0x0,0x0,0x0,0x0,0x0,0x0,0x0,0x0,0x0,0x0,0x0,0x0,0x0,0x0,0x0,0x0,0x0,0x0,0x0,0x0,0x0,0x0,0x0,0x0,0x0,0x0,0x0,0x0,0x0,0x0,0x0,0x0,0x0,0x0,0x0,0x0,0x0,0x0,0x0,0x0,0x0,0x0,0x0,0x0,0x0,0x0,0x0,0x0,0x0,0x0,0x0,0x0
    }
};

const gfx_sprite_t sprite_gaster_blaster_0_6 = {
    .width = 56,
    .height = 56,
    .data = {
        0x0,0x0,0x0,0x0,0x0,0x0,0x0,0x0,0x0,0x0,0x0,0x0,0x0,0x0,0x0,0x0,0x0,0x0,0x0,0x0,0x0,0x0,0x0,0x0,0x0,0x0,0x0,0x0,0x0,0x0,0x0,0x0,0x0,0x0,0x0,0x0,0x0,0x0,0x0,0x0,0x0,0x0,0x0,0x0,0x0,0x0,0x0,0x0,0x0,0x0,0x0,0x0,0x0,0x0,0x0,0x0,
        0x0,0x0,0x0,0x0,0x0,0x0,0x0,0x0,0x0,0x0,0x0,0x0,0x0,0x0,0x0,0x0,0x0,0x0,0x0,0x0,0x0,0x0,0x0,0x0,0x0,0x0,0x0,0x0,0x0,0x0,0x0,0x0,0x0,0x0,0x0,0x0,0x0,0x0,0x0,0x0,0x0,0x0,0x0,0x0,0x0,0x0,0x0,0x0,0x0,0x0,0x0,0x0,0x0,0x0,0x0,0x0,
        0x0,0x0,0x0,0x0,0x0,0x0,0x0,0x0,0x0,0x0,0x0,0x0,0x0,0x0,0x0,0x0,0x0,0x0,0x0,0x0,0x0,0x0,0x0,0x0,0x0,0x0,0x0,0x0,0x0,0x0,0x0,0x0,0x0,0x0,0x0,0x0,0x0,0x0,0x0,0x0,0x0,0x0,0x0,0x0,0x0,0x0,0x0,0x0,0x0,0x0,0x0,0x0,0x0,0x0,0x0,0x0,
        0x0,0x0,0x0,0x0,0x0,0x0,0x0,0x0,0x0,0x0,0x0,0x0,0x0,0x0,0x0,0x0,0x0,0x0,0x0,0x0,0x0,0x0,0x0,0x0,0x0,0x0,0x0,0x0,0x0,0x0,0x0,0x0,0x0,0x0,0x0,0x0,0x0,0x0,0x0,0x0,0x0,0x0,0x0,0x0,0x0,0x0,0x0,0x0,0x0,0x0,0x0,0x0,0x0,0x0,0x0,0x0,
        0x0,0x0,0x0,0x0,0x0,0x0,0x0,0x0,0x0,0x0,0x0,0x0,0x0,0x0,0x0,0x0,0x0,0x0,0x0,0x0,0x0,0x0,0x0,0x0,0x0,0x0,0x0,0x0,0x0,0x0,0x0,0x0,0x0,0x0,0x0,0x0,0x0,0x0,0x0,0x0,0x0,0x0,0x0,0x0,0x0,0x0,0x0,0x0,0x0,0x0,0x0,0x0,0x0,0x0,0x0,0x0,
        0x0,0x0,0x0,0x0,0x0,0x0,0x0,0x0,0x0,0x0,0x0,0x0,0x0,0x0,0x0,0x0,0x0,0x0,0x0,0x0,0x0,0x0,0x0,0x0,0x0,0x0,0x0,0x0,0x0,0x0,0x0,0x0,0x0,0x0,0x0,0x0,0x0,0x0,0x0,0x0,0x0,0x0,0x0,0x0,0x0,0x0,0x0,0x0,0x0,0x0,0x0,0x0,0x0,0x0,0x0,0x0,
        0x0,0x0,0x0,0x0,0x0,0x0,0x0,0x0,0x0,0x0,0x0,0x0,0x0,0x0,0x0,0x0,0x0,0x0,0x0,0x0,0x0,0x0,0x0,0x0,0x0,0x0,0x0,0x0,0x0,0x0,0x0,0x0,0x0,0x0,0x0,0x0,0x0,0x0,0x0,0x0,0x0,0x0,0x0,0x0,0x0,0x0,0x0,0x0,0x0,0x0,0x0,0x0,0x0,0x0,0x0,0x0,
        0x0,0x0,0x0,0x0,0x0,0x0,0x0,0x0,0x0,0x0,0x0,0x0,0x0,0x0,0x0,0x0,0x0,0x0,0x0,0x0,0x0,0x0,0x0,0x0,0x0,0x0,0x21,0x4A,0x0,0x0,0x0,0x0,0x0,0x0,0x0,0x0,0x0,0x0,0x0,0x0,0x0,0x0,0x0,0x0,0x0,0x0,0x0,0x0,0x0,0x0,0x0,0x0,0x0,0x0,0x0,0x0,
        0x0,0x0,0x0,0x0,0x0,0x0,0x0,0x0,0x0,0x0,0x0,0x0,0x0,0x0,0x0,0x0,0x0,0x0,0x0,0x0,0x0,0x0,0x0,0x0,0x0,0x0,0x4A,0xDE,0x0,0x4A,0x94,0xDE,0x21,0x94,0x0,0x0,0x0,0x0,0x0,0x0,0x0,0x0,0x0,0x0,0x0,0x0,0x0,0x0,0x0,0x0,0x0,0x0,0x0,0x0,0x0,0x0,
        0x0,0x0,0x0,0x0,0x0,0x0,0x0,0x0,0x0,0x0,0x0,0x0,0x0,0x0,0x0,0x0,0x0,0x0,0x0,0x0,0x0,0x0,0x0,0x0,0x0,0x0,0x0,0x4A,0xDE,0xFF,0xFF,0xFF,0xFF,0xFF,0xDE,0x94,0x21,0x0,0x0,0x0,0x0,0x0,0x0,0x0,0x0,0x0,0x0,0x0,0x0,0x0,0x0,0x0,0x0,0x0,0x0,0x0,
        0x0,0x0,0x0,0x0,0x0,0x0,0x0,0x0,0x0,0x0,0x0,0x0,0x0,0x0,0x0,0x0,0x0,0x0,0x0,0x0,0x0,0x0,0x0,0x0,0x0,0x0,0x0,0x0,0x0,0x6B,0xB5,0xFF,0xFF,0xFF,0xFF,0xFF,0xFF,0x94,0x0,0x0,0x0,0x0,0x0,0x0,0x0,0x0,0x0,0x0,0x0,0x0,0x0,0x0,0x0,0x0,0x0,0x0,
        0x0,0x0,0x0,0x0,0x0,0x0,0x0,0x0,0x0,0x0,0x0,0x0,0x0,0x21,0x94,0x0,0x0,0x0,0x0,0x0,0x0,0x0,0x0,0x0,0x0,0x0,0x21,0x0,0x0,0x21,0x94,0xFF,0xFF,0xFF,0xFF,0xFF,0xFF,0xFF,0xFF,0x4A,0x0,0x0,0x0,0x0,0x0,0x0,0x0,0x0,0x0,0x0,0x0,0x0,0x0,0x0,0x0,0x0,
        0x0,0x0,0x0,0x0,0x0,0x0,0x0,0x0,0x0,0x0,0x21,0x94,0xDE,0xFF,0xFF,0xDE,0xFF,0xB5,0x6B,0x0,0x4A,0x94,0xB5,0x21,0x94,0xDE,0xFF,0x6B,0xDE,0xFF,0xFF,0xFF,0xFF,0xFF,0xFF,0xFF,0xFF,0xFF,0xFF,0xB5,0x4A,0x0,0x0,0x0,0x0,0x0,0x0,0x0,0x0,0x0,0x0,0x0,0x0,0x0,0x0,0x0,
        0x0,0x0,0x0,0x0,0x0,0x0,0x0,0x0,0x0,0x0,0x94,0xFF,0xFF,0xFF,0xFF,0xFF,0xFF,0xFF,0xFF,0xFF,0xFF,0xFF,0xFF,0xDE,0xFF,0xFF,0xFF,0x94,0x4A,0x94,0xB5,0xB5,0xFF,0xFF,0xFF,0xFF,0xDE,0xFF,0xFF,0xFF,0xFF,0xB5,0x0,0x0,0x0,0x0,0x0,0x0,0x0,0x0,0x0,0x0,0x0,0x0,0x0,0x0,
        0x0,0x0,0x0,0x0,0x0,0x0,0x0,0x0,0x21,0xDE,0xFF,0xFF,0xFF,0xFF,0xFF,0xFF,0xFF,0xFF,0xFF,0xFF,0xDE,0x6B,0x21,0x0,0x4A,0x21,0x0,0x0,0x0,0x0,0x0,0x0,0x21,0xDE,0x6B,0x21,0x0,0x6B,0x21,0xB5,0xFF,0xFF,0xFF,0x94,0x4A,0x0,0x21,0x0,0x0,0x0,0x0,0x0,0x0,0x0,0x0,0x0,
        0x0,0x0,0x0,0x0,0x0,0x0,0x0,0x21,0x6B,0xFF,0xFF,0xFF,0xFF,0xFF,0xFF,0xFF,0xFF,0xDE,0x6B,0x21,0x0,0x0,0x0,0x0,0x4A,0x0,0x0,0x0,0x0,0x0,0x4A,0x94,0xDE,0x21,0x0,0x0,0x0,0x0,0x0,0x0,0x94,0xFF,0xFF,0xFF,0xFF,0xFF,0xB5,0x94,0xDE,0x21,0x6B,0x0,0x0,0x0,0x0,0x0,
        0x0,0x0,0x0,0x0,0x0,0x0,0x0,0xDE,0xFF,0xFF,0xFF,0xFF,0xFF,0xFF,0xFF,0x6B,0x0,0x21,0x6B,0xB5,0x0,0x6B,0xB5,0xFF,0xFF,0xB5,0xFF,0x6B,0x94,0xFF,0xFF,0xB5,0x21,0x0,0x0,0x0,0x0,0x4A,0xB5,0xFF,0xB5,0x6B,0x0,0xDE,0x6B,0x21,0x21,0xFF,0xFF,0xFF,0xFF,0xDE,0x6B,0x0,0x0,0x0,
        0x0,0x0,0x0,0x0,0x0,0x6B,0xB5,0xFF,0xFF,0xFF,0xFF,0xFF,0xFF,0xFF,0xB5,0x0,0x0,0xFF,0xFF,0xFF,0xFF,0x94,0x4A,0xB5,0xB5,0x6B,0x94,0xFF,0xFF,0xFF,0xFF,0xDE,0xDE,0xDE,0x6B,0xB5,0xFF,0xB5,0x4A,0x0,0x0,0x0,0x0,0x0,0x4A,0xDE,0xFF,0x94,0x94,0xFF,0xFF,0xFF,0xDE,0x0,0x0,0x0,
        0x0,0x0,0x0,0x0,0x4A,0xFF,0xFF,0xFF,0xFF,0xFF,0xFF,0xFF,0xFF,0xFF,0x4A,0x6B,0xDE,0xFF,0xDE,0x4A,0x0,0x0,0x0,0x0,0x4A,0x6B,0x21,0xDE,0xFF,0xFF,0xFF,0xFF,0xFF,0xFF,0xFF,0x94,0x0,0x4A,0x21,0x0,0x0,0x0,0x0,0x0,0x21,0x4A,0x0,0x4A,0xB5,0xFF,0xFF,0xFF,0xFF,0x21,0x0,0x0,
        0x0,0x0,0x0,0x0,0xFF,0xFF,0x6B,0x0,0xDE,0xFF,0xFF,0xFF,0xFF,0x94,0x94,0xFF,0xFF,0xFF,0x6B,0x0,0x0,0x0,0x94,0xFF,0xDE,0xFF,0xDE,0x21,0xDE,0xFF,0xFF,0xFF,0xFF,0xFF,0xFF,0xDE,0xFF,0xFF,0x4A,0x0,0x0,0x0,0x0,0x0,0x0,0x0,0x0,0xFF,0xFF,0xFF,0xFF,0xFF,0xFF,0x6B,0x0,0x0,
        0x0,0x0,0x0,0x6B,0xFF,0xB5,0x21,0x0,0x94,0xFF,0xFF,0xFF,0xFF,0xFF,0xFF,0xFF,0xFF,0xFF,0x0,0x0,0x0,0x21,0xFF,0x6B,0x0,0x4A,0xB5,0x6B,0x6B,0xFF,0xFF,0xFF,0xFF,0xFF,0xFF,0xFF,0xFF,0xFF,0x6B,0x0,0x0,0x6B,0xB5,0xFF,0x21,0x6B,0xFF,0xFF,0xFF,0xFF,0xFF,0xFF,0xFF,0xB5,0x0,0x0,
        0x0,0x0,0x21,0xDE,0xB5,0x0,0x0,0x21,0xFF,0xFF,0xFF,0xFF,0xFF,0xFF,0xFF,0xFF,0xFF,0xFF,0x4A,0x0,0x0,0x94,0xFF,0x94,0x0,0x6B,0xDE,0xDE,0x21,0xFF,0xFF,0xFF,0xFF,0xFF,0xFF,0xFF,0xFF,0xFF,0xFF,0xDE,0xFF,0xB5,0x4A,0x0,0x0,0x4A,0xFF,0xFF,0xFF,0xFF,0xFF,0xFF,0xFF,0xFF,0x0,0x0,
        0x0,0x0,0x4A,0xFF,0x0,0x0,0x0,0xB5,0xFF,0xFF,0xFF,0xFF,0xFF,0xFF,0xFF,0xFF,0xFF,0xFF,0xB5,0x4A,0x0,0x21,0x94,0xFF,0xFF,0xB5,0x4A,0x0,0x0,0xDE,0xFF,0xFF,0xFF,0xFF,0xDE,0xDE,0xFF,0xFF,0xFF,0xDE,0x0,0x0,0x0,0x0,0x0,0x0,0xFF,0xFF,0xFF,0xFF,0xFF,0xFF,0xFF,0xFF,0x6B,0x0,
        0x0,0x0,0xDE,0x94,0x0,0x0,0x4A,0xFF,0xFF,0xFF,0xFF,0xFF,0xFF,0xFF,0xFF,0xFF,0xFF,0xFF,0xFF,0xFF,0xDE,0x21,0x0,0x21,0x0,0x4A,0x21,0x0,0x21,0xDE,0xFF,0xFF,0x94,0x21,0x0,0x0,0x6B,0xFF,0xFF,0x4A,0x0,0x0,0x0,0x0,0x0,0x0,0xB5,0xFF,0xDE,0xFF,0xFF,0xFF,0xFF,0xFF,0x94,0x0,
        0x0,0x0,0x6B,0x4A,0x0,0x0,0x4A,0xFF,0xFF,0xFF,0xFF,0xFF,0xFF,0xFF,0xFF,0xFF,0xFF,0xFF,0xFF,0xFF,0xFF,0xFF,0xB5,0xB5,0xFF,0xFF,0xDE,0xFF,0xFF,0xFF,0xFF,0xDE,0x0,0x0,0x0,0x0,0x0,0xDE,0xFF,0x4A,0x0,0x0,0x0,0x0,0x21,0x4A,0x0,0x0,0x21,0x4A,0x21,0xFF,0xFF,0xFF,0x0,0x0,
        0x0,0x0,0x0,0x0,0x0,0x0,0x4A,0xFF,0xFF,0xFF,0xFF,0xFF,0xFF,0xFF,0xFF,0xFF,0xFF,0xFF,0xFF,0xFF,0xFF,0xFF,0xFF,0xFF,0xFF,0xFF,0xFF,0xFF,0xFF,0xFF,0x4A,0x0,0x0,0x0,0x0,0x0,0x0,0x6B,0xFF,0xDE,0x94,0x21,0x6B,0xDE,0xFF,0x94,0x0,0x0,0x4A,0xB5,0xFF,0xFF,0x94,0x21,0x0,0x0,
        0x0,0x0,0x0,0x0,0x0,0x0,0xB5,0xFF,0xFF,0xFF,0xFF,0xFF,0xFF,0xFF,0xFF,0xFF,0xFF,0xFF,0xFF,0xFF,0xFF,0xFF,0xFF,0xFF,0xFF,0xFF,0xFF,0xFF,0xFF,0x94,0x21,0x0,0x0,0x0,0x0,0x0,0x0,0x21,0xFF,0xFF,0xFF,0xFF,0x94,0x4A,0x0,0x0,0x0,0xB5,0xB5,0x6B,0x94,0xDE,0x4A,0x0,0x0,0x0,
        0x0,0x0,0x0,0x0,0x0,0x0,0x94,0xFF,0xFF,0xFF,0xFF,0xFF,0xFF,0xFF,0xFF,0xFF,0xFF,0xFF,0xFF,0xFF,0xFF,0xFF,0xFF,0xFF,0xFF,0xDE,0x94,0x4A,0x0,0x0,0x0,0x0,0x0,0x0,0x0,0x0,0x0,0xB5,0xFF,0xFF,0xFF,0x4A,0x0,0x0,0x0,0x0,0x0,0x0,0x21,0x94,0xB5,0x0,0x0,0x0,0x0,0x0,
        0x0,0x0,0x0,0x0,0x0,0x0,0xFF,0xFF,0xFF,0xFF,0xFF,0xFF,0xFF,0xFF,0xFF,0xFF,0xFF,0xFF,0xFF,0xFF,0xFF,0xFF,0xDE,0x94,0x21,0x0,0x0,0x0,0x0,0x4A,0x94,0x21,0x21,0x21,0x0,0x21,0x6B,0xFF,0xFF,0xFF,0xB5,0x0,0x0,0x0,0x0,0x0,0x0,0xDE,0xFF,0x94,0x21,0x0,0x0,0x0,0x0,0x0,
        0x0,0x0,0x0,0x0,0x0,0x0,0xDE,0xFF,0xFF,0xFF,0xFF,0xFF,0xFF,0xFF,0xFF,0xFF,0xFF,0xFF,0xFF,0xDE,0x94,0x21,0x0,0x0,0x0,0x0,0x4A,0xB5,0xFF,0xFF,0xFF,0xFF,0xFF,0xDE,0xDE,0xFF,0xFF,0xFF,0xFF,0xFF,0xFF,0xFF,0x0,0x0,0x0,0x21,0x94,0xFF,0xFF,0x21,0x0,0x0,0x0,0x0,0x0,0x0,
        0x0,0x0,0x0,0x0,0x0,0x6B,0xFF,0xFF,0xFF,0xFF,0xFF,0xFF,0xFF,0xFF,0xFF,0xFF,0xDE,0x6B,0x21,0x0,0x0,0x0,0x0,0x4A,0xB5,0xFF,0xFF,0xFF,0xFF,0xFF,0xFF,0xFF,0xFF,0xFF,0xFF,0xFF,0xFF,0xFF,0xFF,0xB5,0x6B,0x0,0x21,0x94,0xDE,0xFF,0xFF,0xFF,0x94,0x0,0x0,0x0,0x0,0x0,0x0,0x0,
        0x0,0x0,0x0,0x0,0x0,0xDE,0xFF,0xFF,0xFF,0xFF,0xFF,0xFF,0xFF,0xDE,0x6B,0x21,0x0,0x0,0x0,0x0,0x6B,0xB5,0xFF,0xFF,0xFF,0xFF,0xFF,0xFF,0xFF,0xDE,0x94,0x21,0xDE,0xFF,0xFF,0xFF,0xFF,0xFF,0xFF,0x94,0x94,0xDE,0xDE,0x94,0x21,0x4A,0xFF,0xFF,0x0,0x0,0x0,0x0,0x0,0x0,0x0,0x0,
        0x0,0x0,0x0,0x0,0x4A,0xFF,0xFF,0xFF,0xFF,0xFF,0xFF,0xB5,0x21,0x0,0x0,0x0,0x0,0x6B,0xB5,0xFF,0xFF,0xFF,0xFF,0xFF,0xFF,0xFF,0xFF,0xFF,0xFF,0x4A,0x0,0x0,0x94,0xFF,0xFF,0xFF,0xFF,0xFF,0xFF,0xDE,0x6B,0x21,0x0,0x0,0x0,0xFF,0xFF,0x6B,0x0,0x0,0x0,0x0,0x0,0x0,0x0,0x0,
        0x0,0x0,0x0,0x0,0xDE,0xFF,0xFF,0xFF,0xFF,0xFF,0xFF,0xB5,0x0,0x0,0x6B,0xB5,0xFF,0xFF,0xFF,0xFF,0xFF,0xFF,0xFF,0xFF,0xFF,0xFF,0xDE,0x94,0x21,0x0,0x4A,0x6B,0x4A,0xFF,0xFF,0xFF,0xFF,0xFF,0xFF,0x0,0x0,0x0,0x0,0x4A,0xB5,0xFF,0xDE,0x21,0x0,0x0,0x0,0x0,0x0,0x0,0x0,0x0,
        0x0,0x0,0x0,0x4A,0xFF,0xFF,0xFF,0xFF,0xFF,0xFF,0xFF,0xFF,0xDE,0xFF,0xFF,0xFF,0xFF,0xFF,0xFF,0xFF,0xFF,0xFF,0xFF,0xFF,0xFF,0xDE,0x0,0x6B,0xB5,0xFF,0xB5,0xFF,0x0,0xFF,0xFF,0xFF,0xFF,0xB5,0x21,0x0,0x0,0x0,0x0,0x94,0xFF,0xFF,0xB5,0x0,0x0,0x0,0x0,0x0,0x0,0x0,0x0,0x0,
        0x0,0x4A,0x94,0xFF,0xFF,0xFF,0xFF,0xFF,0xFF,0xFF,0xFF,0xFF,0xFF,0xFF,0xFF,0xFF,0xFF,0xFF,0xFF,0xFF,0xFF,0xFF,0xFF,0xFF,0xFF,0x4A,0x0,0xFF,0x6B,0x0,0x21,0xDE,0x4A,0xB5,0xFF,0xFF,0xFF,0xDE,0xB5,0xB5,0x4A,0xB5,0xFF,0xFF,0xFF,0xFF,0xDE,0x0,0x0,0x0,0x0,0x0,0x0,0x0,0x0,0x0,
        0x0,0x0,0xFF,0xFF,0xFF,0xFF,0xFF,0xFF,0xFF,0xFF,0xFF,0xFF,0xFF,0xFF,0xFF,0xFF,0xFF,0xFF,0xFF,0xFF,0xFF,0xFF,0xFF,0xFF,0xB5,0x0,0x94,0xFF,0x6B,0x0,0x94,0xDE,0x6B,0xFF,0xFF,0xFF,0xFF,0x94,0x4A,0x0,0xFF,0xFF,0xFF,0xFF,0xFF,0xFF,0x4A,0x0,0x0,0x0,0x0,0x0,0x0,0x0,0x0,0x0,
        0x0,0x0,0x6B,0x21,0x4A,0xB5,0xFF,0xFF,0xFF,0xFF,0xFF,0xFF,0xFF,0xFF,0xFF,0xFF,0xFF,0xFF,0xFF,0xFF,0xFF,0xFF,0xFF,0xFF,0x6B,0x0,0x4A,0xDE,0xFF,0xDE,0xDE,0x6B,0x0,0xFF,0x94,0x4A,0x0,0x0,0x0,0xB5,0xFF,0xFF,0xFF,0xFF,0xFF,0xB5,0x0,0x0,0x0,0x0,0x0,0x0,0x0,0x0,0x0,0x0,
        0x0,0x0,0x0,0x0,0x0,0x0,0x4A,0xFF,0xFF,0xFF,0xFF,0xFF,0xFF,0xFF,0xFF,0xFF,0xFF,0xFF,0xFF,0xFF,0xFF,0xFF,0xFF,0xDE,0x0,0x0,0x0,0x0,0x6B,0x21,0x0,0x6B,0xB5,0xFF,0x21,0x0,0x0,0x21,0x94,0xFF,0xFF,0xFF,0xFF,0xFF,0xFF,0x21,0x0,0x0,0x0,0x0,0x0,0x0,0x0,0x0,0x0,0x0,
        0x0,0x0,0x0,0x0,0x0,0x0,0x0,0x0,0x6B,0xB5,0xFF,0xFF,0xFF,0xFF,0xFF,0xFF,0xFF,0xFF,0xFF,0xFF,0xFF,0xFF,0xFF,0xFF,0x21,0x0,0x0,0x0,0x0,0x0,0x94,0xFF,0xB5,0x0,0x0,0x0,0x0,0x4A,0xFF,0xFF,0xFF,0xFF,0xFF,0xFF,0xB5,0x0,0x0,0x0,0x0,0x0,0x0,0x0,0x0,0x0,0x0,0x0,
        0x0,0x0,0x0,0x0,0x0,0x0,0x0,0x0,0x0,0x21,0xFF,0xFF,0xFF,0xFF,0xFF,0xFF,0xFF,0xFF,0xFF,0xFF,0xFF,0xFF,0xFF,0xFF,0x94,0x4A,0x0,0x0,0x6B,0xB5,0xFF,0xB5,0x4A,0x0,0x4A,0x94,0xFF,0xDE,0x6B,0x21,0xB5,0xFF,0xFF,0xFF,0x4A,0x0,0x0,0x0,0x0,0x0,0x0,0x0,0x0,0x0,0x0,0x0,
        0x0,0x0,0x0,0x0,0x0,0x0,0x0,0x0,0x0,0x0,0x21,0xDE,0xFF,0xFF,0xFF,0xFF,0xFF,0xFF,0xFF,0xFF,0xFF,0xFF,0xFF,0xFF,0xFF,0xFF,0xB5,0xFF,0xB5,0x4A,0x0,0x0,0x0,0xB5,0xFF,0xFF,0x94,0x0,0x0,0x4A,0xFF,0xFF,0xDE,0x0,0x0,0x0,0x0,0x0,0x0,0x0,0x0,0x0,0x0,0x0,0x0,0x0,
        0x0,0x0,0x0,0x0,0x0,0x0,0x0,0x0,0x0,0x0,0x0,0x6B,0xDE,0xFF,0xFF,0xFF,0xFF,0xFF,0xFF,0xFF,0xFF,0xDE,0xFF,0xFF,0xFF,0xFF,0xFF,0xFF,0x21,0x0,0x0,0x21,0x94,0xFF,0xDE,0x94,0x21,0x0,0x0,0xB5,0xFF,0xB5,0x4A,0x0,0x0,0x0,0x0,0x0,0x0,0x0,0x0,0x0,0x0,0x0,0x0,0x0,
        0x0,0x0,0x0,0x0,0x0,0x0,0x0,0x0,0x0,0x0,0x0,0x0,0x21,0xFF,0xFF,0xFF,0xFF,0xFF,0xFF,0xFF,0xFF,0x4A,0x94,0x4A,0x0,0x4A,0x4A,0x0,0x4A,0x94,0xFF,0xFF,0xFF,0x21,0x0,0x0,0x0,0x0,0x4A,0x6B,0x0,0x0,0x0,0x0,0x0,0x0,0x0,0x0,0x0,0x0,0x0,0x0,0x0,0x0,0x0,0x0,
        0x0,0x0,0x0,0x0,0x0,0x0,0x0,0x0,0x0,0x0,0x0,0x0,0x0,0x4A,0xDE,0xFF,0xFF,0xFF,0xFF,0xFF,0xFF,0xFF,0xDE,0x6B,0x0,0x4A,0x94,0xFF,0xFF,0xFF,0xFF,0xDE,0x94,0x0,0x0,0x0,0x0,0x0,0x94,0x6B,0x0,0x0,0x0,0x0,0x0,0x0,0x0,0x0,0x0,0x0,0x0,0x0,0x0,0x0,0x0,0x0,
        0x0,0x0,0x0,0x0,0x0,0x0,0x0,0x0,0x0,0x21,0x21,0x0,0x0,0x0,0x0,0x4A,0xB5,0xFF,0xFF,0xFF,0xFF,0xFF,0xFF,0xFF,0xFF,0xFF,0xFF,0xFF,0xFF,0xB5,0x21,0x0,0x0,0x0,0x0,0x0,0x0,0x0,0x21,0x4A,0x0,0x0,0x0,0x0,0x0,0x0,0x0,0x0,0x0,0x0,0x0,0x0,0x0,0x0,0x0,0x0,
        0x0,0x0,0x0,0x0,0x0,0x0,0x0,0x0,0x0,0x4A,0xDE,0xB5,0x21,0x0,0x0,0x0,0x0,0xFF,0xFF,0xFF,0xFF,0xFF,0xFF,0xFF,0xFF,0xFF,0xFF,0xFF,0xFF,0x4A,0x0,0x0,0x0,0x0,0x0,0x0,0x0,0x0,0x0,0x0,0x0,0x0,0x0,0x0,0x0,0x0,0x0,0x0,0x0,0x0,0x0,0x0,0x0,0x0,0x0,0x0,
        0x0,0x0,0x0,0x0,0x0,0x0,0x0,0x0,0x0,0x0,0x6B,0xFF,0xFF,0x94,0xB5,0x4A,0x4A,0xFF,0xFF,0xFF,0xFF,0xFF,0xFF,0xFF,0xFF,0xFF,0xFF,0xFF,0xDE,0x0,0x0,0x0,0x0,0x0,0x0,0x0,0x0,0x0,0x0,0x0,0x0,0x0,0x0,0x0,0x0,0x0,0x0,0x0,0x0,0x0,0x0,0x0,0x0,0x0,0x0,0x0,
        0x0,0x0,0x0,0x0,0x0,0x0,0x0,0x0,0x0,0x0,0x0,0x21,0x94,0xDE,0xFF,0xFF,0xFF,0xFF,0xFF,0xFF,0xFF,0xFF,0xFF,0xFF,0xFF,0xFF,0xFF,0x6B,0x0,0x0,0x0,0x0,0x0,0x0,0x0,0x0,0x0,0x0,0x0,0x0,0x0,0x0,0x0,0x0,0x0,0x0,0x0,0x0,0x0,0x0,0x0,0x0,0x0,0x0,0x0,0x0,
        0x0,0x0,0x0,0x0,0x0,0x0,0x0,0x0,0x0,0x0,0x0,0x0,0x0,0x21,0x6B,0xFF,0xB5,0x6B,0xFF,0xDE,0xFF,0xFF,0xFF,0xFF,0xFF,0xFF,0xB5,0x21,0x0,0x0,0x0,0x0,0x0,0x0,0x0,0x0,0x0,0x0,0x0,0x0,0x0,0x0,0x0,0x0,0x0,0x0,0x0,0x0,0x0,0x0,0x0,0x0,0x0,0x0,0x0,0x0,
        0x0,0x0,0x0,0x0,0x0,0x0,0x0,0x0,0x0,0x0,0x0,0x0,0x0,0x0,0x0,0x0,0x0,0x0,0x0,0x0,0x4A,0x21,0x6B,0x94,0x4A,0x0,0x0,0x0,0x0,0x0,0x0,0x0,0x0,0x0,0x0,0x0,0x0,0x0,0x0,0x0,0x0,0x0,0x0,0x0,0x0,0x0,0x0,0x0,0x0,0x0,0x0,0x0,0x0,0x0,0x0,0x0,
        0x0,0x0,0x0,0x0,0x0,0x0,0x0,0x0,0x0,0x0,0x0,0x0,0x0,0x0,0x0,0x0,0x0,0x0,0x0,0x0,0x0,0x0,0x0,0x0,0x0,0x0,0x0,0x0,0x0,0x0,0x0,0x0,0x0,0x0,0x0,0x0,0x0,0x0,0x0,0x0,0x0,0x0,0x0,0x0,0x0,0x0,0x0,0x0,0x0,0x0,0x0,0x0,0x0,0x0,0x0,0x0,
        0x0,0x0,0x0,0x0,0x0,0x0,0x0,0x0,0x0,0x0,0x0,0x0,0x0,0x0,0x0,0x0,0x0,0x0,0x0,0x0,0x0,0x0,0x0,0x0,0x0,0x0,0x0,0x0,0x0,0x0,0x0,0x0,0x0,0x0,0x0,0x0,0x0,0x0,0x0,0x0,0x0,0x0,0x0,0x0,0x0,0x0,0x0,0x0,0x0,0x0,0x0,0x0,0x0,0x0,0x0,0x0,
        0x0,0x0,0x0,0x0,0x0,0x0,0x0,0x0,0x0,0x0,0x0,0x0,0x0,0x0,0x0,0x0,0x0,0x0,0x0,0x0,0x0,0x0,0x0,0x0,0x0,0x0,0x0,0x0,0x0,0x0,0x0,0x0,0x0,0x0,0x0,0x0,0x0,0x0,0x0,0x0,0x0,0x0,0x0,0x0,0x0,0x0,0x0,0x0,0x0,0x0,0x0,0x0,0x0,0x0,0x0,0x0,
        0x0,0x0,0x0,0x0,0x0,0x0,0x0,0x0,0x0,0x0,0x0,0x0,0x0,0x0,0x0,0x0,0x0,0x0,0x0,0x0,0x0,0x0,0x0,0x0,0x0,0x0,0x0,0x0,0x0,0x0,0x0,0x0,0x0,0x0,0x0,0x0,0x0,0x0,0x0,0x0,0x0,0x0,0x0,0x0,0x0,0x0,0x0,0x0,0x0,0x0,0x0,0x0,0x0,0x0,0x0,0x0,
        0x0,0x0,0x0,0x0,0x0,0x0,0x0,0x0,0x0,0x0,0x0,0x0,0x0,0x0,0x0,0x0,0x0,0x0,0x0,0x0,0x0,0x0,0x0,0x0,0x0,0x0,0x0,0x0,0x0,0x0,0x0,0x0,0x0,0x0,0x0,0x0,0x0,0x0,0x0,0x0,0x0,0x0,0x0,0x0,0x0,0x0,0x0,0x0,0x0,0x0,0x0,0x0,0x0,0x0,0x0,0x0
    }
};

const gfx_sprite_t sprite_gaster_blaster_0_7 = {
    .width = 56,
    .height = 56,
    .data = {
        0x0,0x0,0x0,0x0,0x0,0x0,0x0,0x0,0x0,0x0,0x0,0x0,0x0,0x0,0x0,0x0,0x0,0x0,0x0,0x0,0x0,0x0,0x0,0x0,0x0,0x0,0x0,0x0,0x0,0x0,0x0,0x0,0x0,0x0,0x0,0x0,0x0,0x0,0x0,0x0,0x0,0x0,0x0,0x0,0x0,0x0,0x0,0x0,0x0,0x0,0x0,0x0,0x0,0x0,0x0,0x0,
        0x0,0x0,0x0,0x0,0x0,0x0,0x0,0x0,0x0,0x0,0x0,0x0,0x0,0x0,0x0,0x0,0x0,0x0,0x0,0x0,0x0,0x0,0x0,0x0,0x0,0x0,0x0,0x0,0x0,0x0,0x0,0x0,0x0,0x0,0x0,0x0,0x0,0x0,0x0,0x0,0x0,0x0,0x0,0x0,0x0,0x0,0x0,0x0,0x0,0x0,0x0,0x0,0x0,0x0,0x0,0x0,
        0x0,0x0,0x0,0x0,0x0,0x0,0x0,0x0,0x0,0x0,0x0,0x0,0x0,0x0,0x0,0x0,0x0,0x0,0x0,0x0,0x0,0x0,0x0,0x0,0x0,0x0,0x0,0x0,0x0,0x0,0x0,0x0,0x0,0x0,0x0,0x0,0x0,0x0,0x0,0x0,0x0,0x0,0x0,0x0,0x0,0x0,0x0,0x0,0x0,0x0,0x0,0x0,0x0,0x0,0x0,0x0,
        0x0,0x0,0x0,0x0,0x0,0x0,0x0,0x0,0x0,0x0,0x0,0x0,0x0,0x0,0x0,0x0,0x0,0x0,0x0,0x0,0x0,0x0,0x0,0x0,0x0,0x0,0x0,0x0,0x0,0x0,0x0,0x0,0x0,0x0,0x0,0x0,0x0,0x0,0x0,0x0,0x0,0x0,0x0,0x0,0x0,0x0,0x0,0x0,0x0,0x0,0x0,0x0,0x0,0x0,0x0,0x0,
        0x0,0x0,0x0,0x0,0x0,0x0,0x0,0x0,0x0,0x0,0x0,0x0,0x0,0x0,0x0,0x0,0x0,0x0,0x0,0x0,0x0,0x0,0x0,0x0,0x0,0x0,0x0,0x0,0x0,0x0,0x0,0x0,0x0,0x0,0x0,0x0,0x0,0x0,0x0,0x0,0x0,0x0,0x0,0x0,0x0,0x0,0x0,0x0,0x0,0x0,0x0,0x0,0x0,0x0,0x0,0x0,
        0x0,0x0,0x0,0x0,0x0,0x0,0x0,0x0,0x0,0x0,0x0,0x0,0x0,0x0,0x0,0x0,0x0,0x0,0x0,0x0,0x0,0x0,0x0,0x0,0x0,0x0,0x0,0x0,0x0,0x0,0x0,0x0,0x0,0x0,0x0,0x0,0x0,0x0,0x0,0x0,0x0,0x0,0x0,0x0,0x0,0x0,0x0,0x0,0x0,0x0,0x0,0x0,0x0,0x0,0x0,0x0,
        0x0,0x0,0x0,0x0,0x0,0x0,0x0,0x0,0x0,0x0,0x0,0x0,0x0,0x0,0x0,0x0,0x0,0x0,0x0,0x0,0x0,0x0,0x0,0x0,0x0,0x0,0x0,0x0,0x0,0x0,0x0,0x0,0x0,0x0,0x0,0x0,0x0,0x0,0x0,0x0,0x0,0x0,0x0,0x0,0x0,0x0,0x0,0x0,0x0,0x0,0x0,0x0,0x0,0x0,0x0,0x0,
        0x0,0x0,0x0,0x0,0x0,0x0,0x0,0x0,0x0,0x0,0x0,0x0,0x0,0x0,0x0,0x0,0x0,0x0,0x0,0x0,0x0,0x0,0x0,0x0,0x0,0x0,0x0,0x21,0x0,0x0,0x0,0x0,0x0,0x0,0x0,0x0,0x0,0x0,0x0,0x0,0x0,0x0,0x0,0x0,0x0,0x0,0x0,0x0,0x0,0x0,0x0,0x0,0x0,0x0,0x0,0x0,
        0x0,0x0,0x0,0x0,0x0,0x0,0x0,0x0,0x0,0x0,0x0,0x0,0x0,0x0,0x0,0x0,0x0,0x0,0x0,0x0,0x0,0x0,0x0,0x0,0x6B,0xB5,0xB5,0xFF,0xDE,0xB5,0x94,0x6B,0x21,0x21,0x0,0x0,0x0,0x0,0x0,0x0,0x0,0x0,0x0,0x0,0x0,0x0,0x0,0x0,0x0,0x0,0x0,0x0,0x0,0x0,0x0,0x0,
        0x0,0x0,0x0,0x0,0x0,0x0,0x0,0x0,0x0,0x0,0x0,0x0,0x0,0x0,0x0,0x0,0x0,0x0,0x0,0x0,0xB5,0x6B,0x0,0xB5,0xFF,0xFF,0xFF,0xFF,0xFF,0xFF,0xFF,0xFF,0xFF,0xDE,0x21,0x0,0x0,0x0,0x0,0x0,0x0,0x0,0x0,0x4A,0x0,0x94,0x6B,0x4A,0x0,0x0,0x0,0x0,0x0,0x0,0x0,0x0,
        0x0,0x0,0x0,0x0,0x0,0x0,0x0,0x0,0x0,0x0,0x0,0x0,0x0,0x0,0x0,0x0,0x0,0x0,0x0,0x0,0x0,0x94,0xB5,0xDE,0xFF,0xFF,0xFF,0xFF,0xFF,0xFF,0xFF,0xFF,0xFF,0xFF,0xFF,0xFF,0xFF,0xDE,0x94,0x6B,0x6B,0xDE,0xB5,0xFF,0xFF,0xFF,0xFF,0xFF,0x21,0x0,0x0,0x0,0x0,0x0,0x0,0x0,
        0x0,0x0,0x0,0x0,0x0,0x0,0x0,0x0,0x0,0x0,0x0,0x0,0x0,0x0,0x0,0x0,0x0,0x0,0x0,0x0,0x0,0x0,0x0,0x0,0x0,0xDE,0xFF,0xFF,0xFF,0xFF,0xFF,0xFF,0xFF,0xDE,0xFF,0xDE,0xFF,0xFF,0xFF,0xFF,0xB5,0x0,0xB5,0xFF,0xFF,0xFF,0xFF,0xFF,0xDE,0x0,0x0,0x0,0x0,0x0,0x0,0x0,
        0x0,0x0,0x0,0x0,0x0,0x0,0x0,0x0,0x0,0x0,0x0,0x0,0x0,0x0,0x0,0x0,0x0,0x0,0x0,0x0,0x0,0x0,0x0,0x0,0xB5,0xFF,0xFF,0xFF,0xFF,0xFF,0xDE,0x21,0x6B,0x0,0x0,0x21,0xFF,0xB5,0x94,0x6B,0x0,0xB5,0xB5,0x21,0xB5,0xFF,0xFF,0xFF,0xFF,0x94,0x0,0x0,0x0,0x0,0x0,0x0,
        0x0,0x0,0x0,0x0,0x0,0x0,0x0,0x0,0x0,0x0,0x0,0x0,0x0,0x0,0x0,0x0,0x0,0x0,0x0,0x0,0x21,0xB5,0x4A,0xFF,0xDE,0xFF,0x6B,0xB5,0xDE,0x94,0x0,0x0,0x0,0x0,0x6B,0xFF,0x6B,0x0,0x0,0x0,0x6B,0x6B,0x0,0xB5,0xFF,0xFF,0xFF,0xFF,0xFF,0xFF,0x6B,0x0,0x0,0x0,0x0,0x0,
        0x0,0x0,0x0,0x0,0x0,0x0,0x0,0x0,0x0,0x0,0x0,0x0,0x0,0x0,0x0,0x0,0x0,0x21,0x0,0x6B,0xFF,0xFF,0xDE,0x4A,0x0,0x0,0x0,0x0,0x94,0x0,0x0,0x0,0x0,0x94,0xDE,0x21,0x0,0x0,0x0,0x0,0x0,0x0,0x0,0xB5,0xFF,0xFF,0xFF,0xFF,0xFF,0xFF,0xFF,0x21,0x0,0x0,0x0,0x0,
        0x0,0x0,0x0,0x0,0x0,0x0,0x0,0x0,0x0,0x0,0x0,0x0,0x0,0x0,0x0,0x0,0x6B,0xFF,0xDE,0xDE,0xFF,0xB5,0x0,0x0,0x0,0x0,0x4A,0xFF,0x94,0x0,0x0,0x21,0xDE,0x94,0x0,0x0,0x0,0x0,0x0,0x0,0x4A,0x0,0xB5,0xFF,0xFF,0xFF,0xFF,0xFF,0xFF,0xFF,0xFF,0xB5,0x0,0x0,0x0,0x0,
        0x0,0x0,0x0,0x0,0x0,0x0,0x0,0x0,0x0,0x0,0x4A,0x4A,0xDE,0x94,0x4A,0xB5,0xFF,0xFF,0x94,0x0,0x21,0x0,0x0,0x0,0x0,0x94,0xFF,0xDE,0x4A,0xFF,0xB5,0xFF,0x4A,0x21,0xDE,0x21,0x0,0x0,0x21,0xDE,0xB5,0x0,0x6B,0xFF,0xFF,0xFF,0xFF,0xFF,0xFF,0xFF,0xFF,0x6B,0x0,0x0,0x0,0x0,
        0x0,0x0,0x0,0x0,0x0,0x0,0x0,0x0,0x4A,0xFF,0xFF,0xFF,0xFF,0xFF,0xFF,0xFF,0xFF,0x4A,0x0,0x0,0x6B,0x21,0x94,0xB5,0xB5,0xFF,0xFF,0xFF,0xFF,0xFF,0xFF,0xFF,0x94,0xFF,0xDE,0x21,0x0,0x6B,0xFF,0x6B,0x0,0x0,0x0,0x94,0xFF,0xFF,0xFF,0xB5,0xB5,0xFF,0xFF,0x4A,0x0,0x0,0x0,0x0,
        0x0,0x0,0x0,0x0,0x0,0x0,0x0,0x94,0xFF,0xFF,0xFF,0xFF,0xFF,0xFF,0xFF,0xB5,0x21,0x0,0x0,0x94,0xFF,0xFF,0x94,0xDE,0xFF,0xFF,0xFF,0xFF,0xFF,0xFF,0xFF,0xFF,0xFF,0xFF,0xFF,0xFF,0xDE,0xDE,0x21,0x0,0x0,0x0,0x0,0x0,0x94,0x0,0x21,0x0,0xB5,0xFF,0x6B,0x0,0x0,0x0,0x0,0x0,
        0x0,0x0,0x0,0x0,0x0,0x0,0x6B,0xFF,0xFF,0xFF,0xFF,0xFF,0xFF,0xFF,0x94,0x0,0x4A,0x4A,0xDE,0x94,0xDE,0x6B,0x0,0x21,0xB5,0xDE,0xFF,0xFF,0xFF,0xFF,0xFF,0xFF,0xFF,0xFF,0xFF,0xFF,0xFF,0x6B,0x0,0x0,0x0,0x0,0x0,0x4A,0x0,0x0,0x4A,0xFF,0xB5,0xFF,0x4A,0x0,0x0,0x0,0x0,0x0,
        0x0,0x0,0x0,0x0,0x0,0x0,0x94,0xFF,0xFF,0xFF,0xFF,0xFF,0xDE,0x4A,0x4A,0xFF,0xFF,0xFF,0x4A,0x0,0x0,0x6B,0xFF,0xB5,0x94,0x4A,0xFF,0xFF,0xFF,0xFF,0xFF,0xFF,0xFF,0xFF,0xFF,0xFF,0xFF,0x21,0x0,0x0,0x0,0x21,0xDE,0xB5,0x0,0x21,0xFF,0x4A,0x4A,0x4A,0x0,0x0,0x0,0x0,0x0,0x0,
        0x0,0x0,0x0,0x0,0x0,0x6B,0xFF,0xFF,0xFF,0xFF,0xFF,0xDE,0x0,0x0,0xDE,0xFF,0xB5,0x21,0x0,0x0,0xB5,0xDE,0x6B,0xB5,0xFF,0x4A,0x6B,0xFF,0xFF,0xFF,0xFF,0xFF,0x4A,0x0,0x21,0xDE,0xFF,0x94,0x21,0x0,0x6B,0xFF,0x6B,0x0,0x0,0x0,0x0,0x94,0xFF,0x4A,0x0,0x0,0x0,0x0,0x0,0x0,
        0x0,0x0,0x0,0x0,0x0,0x94,0xFF,0xFF,0xFF,0xFF,0xFF,0xFF,0x0,0x4A,0xFF,0xFF,0x21,0x0,0x0,0x21,0xFF,0x21,0x0,0x21,0xDE,0x94,0x0,0xB5,0xFF,0xFF,0xB5,0x0,0x0,0x0,0x0,0x21,0xFF,0xFF,0xFF,0xDE,0xDE,0x21,0x0,0x0,0x0,0x0,0xB5,0xFF,0x4A,0x0,0x0,0x0,0x0,0x0,0x0,0x0,
        0x0,0x0,0x0,0x0,0x6B,0xFF,0xFF,0xFF,0xFF,0xFF,0xFF,0xDE,0x94,0xFF,0xFF,0xDE,0x0,0x0,0x0,0x6B,0xFF,0xB5,0x6B,0xFF,0x6B,0x0,0x0,0x6B,0xFF,0xFF,0x6B,0x0,0x0,0x0,0x0,0x0,0x6B,0xFF,0xFF,0xFF,0x4A,0x0,0x0,0x0,0x0,0x0,0xDE,0xFF,0x4A,0x0,0x0,0x0,0x0,0x0,0x0,0x0,
        0x0,0x0,0x0,0x0,0xB5,0xFF,0xFF,0xFF,0xFF,0xFF,0xFF,0x94,0x94,0xFF,0xFF,0xFF,0x4A,0x0,0x0,0x0,0xDE,0xDE,0xDE,0x21,0x4A,0x0,0x94,0xFF,0xFF,0xB5,0x0,0x0,0x0,0x0,0x0,0x0,0x6B,0xFF,0xFF,0xFF,0x21,0x0,0x0,0x0,0x21,0xDE,0xFF,0xFF,0x21,0x0,0x0,0x0,0x0,0x0,0x0,0x0,
        0x0,0x0,0x21,0xDE,0xFF,0xFF,0xFF,0xFF,0xFF,0xFF,0xFF,0xFF,0xFF,0xFF,0xFF,0xFF,0xFF,0x21,0x21,0x21,0x0,0x0,0x0,0xB5,0xFF,0xFF,0xFF,0xFF,0xFF,0x4A,0x0,0x0,0x0,0x0,0x0,0x0,0x6B,0xFF,0xFF,0xFF,0xDE,0x94,0x0,0x6B,0xFF,0xB5,0xFF,0xFF,0x0,0x0,0x0,0x0,0x0,0x0,0x0,0x0,
        0x0,0x0,0x21,0xFF,0xDE,0x21,0x6B,0xFF,0xFF,0xFF,0xFF,0xFF,0xFF,0xFF,0xFF,0xFF,0xFF,0xFF,0xFF,0xFF,0xDE,0x94,0xDE,0xFF,0xFF,0xFF,0xFF,0xFF,0x94,0x0,0x0,0x0,0x0,0x0,0x0,0x6B,0xFF,0xFF,0xFF,0xFF,0x94,0x0,0x94,0xDE,0x21,0x4A,0xFF,0xB5,0x0,0x0,0x0,0x0,0x0,0x0,0x0,0x0,
        0x0,0x0,0x6B,0xFF,0xDE,0x0,0x21,0xFF,0xFF,0xFF,0xFF,0xFF,0xFF,0xFF,0xFF,0xFF,0xFF,0xFF,0xFF,0xFF,0xFF,0xFF,0xFF,0xFF,0xFF,0xFF,0xFF,0x6B,0x0,0x0,0x4A,0x0,0x94,0x6B,0xB5,0xFF,0xFF,0xFF,0xFF,0xB5,0x21,0xDE,0x94,0x0,0x0,0x6B,0xFF,0xB5,0x0,0x0,0x0,0x0,0x0,0x0,0x0,0x0,
        0x0,0x0,0xB5,0xDE,0x0,0x0,0x4A,0xFF,0xFF,0xFF,0xFF,0xFF,0xFF,0xFF,0xFF,0xFF,0xFF,0xFF,0xFF,0xFF,0xFF,0xFF,0xFF,0xFF,0xFF,0xDE,0x21,0x0,0x0,0x94,0xFF,0xFF,0xFF,0xFF,0xFF,0xFF,0xFF,0xFF,0xFF,0xFF,0xFF,0x4A,0x0,0x0,0x6B,0xFF,0xFF,0xB5,0x0,0x0,0x0,0x0,0x0,0x0,0x0,0x0,
        0x0,0x0,0xB5,0xB5,0x0,0x0,0x94,0xFF,0xFF,0xFF,0xFF,0xFF,0xFF,0xFF,0xFF,0xFF,0xFF,0xFF,0xFF,0xFF,0xFF,0xFF,0xFF,0xFF,0x94,0x0,0x0,0x21,0xDE,0xFF,0xFF,0xFF,0xFF,0xFF,0xFF,0xFF,0xFF,0xFF,0xFF,0xFF,0x21,0x0,0x0,0x0,0x6B,0xFF,0xFF,0xFF,0x21,0x0,0x0,0x0,0x0,0x0,0x0,0x0,
        0x0,0x0,0xDE,0x6B,0x0,0x0,0xB5,0xFF,0xFF,0xFF,0xFF,0xFF,0xFF,0xFF,0xFF,0xFF,0xFF,0xFF,0xFF,0xFF,0xFF,0xFF,0xFF,0x4A,0x0,0x0,0x6B,0xFF,0xFF,0xFF,0xFF,0x94,0x0,0xDE,0xFF,0xFF,0xFF,0xFF,0xFF,0xFF,0x21,0x0,0x0,0x6B,0xFF,0xFF,0xFF,0xDE,0x0,0x0,0x0,0x0,0x0,0x0,0x0,0x0,
        0x0,0x21,0xFF,0x4A,0x0,0x0,0x6B,0xFF,0xFF,0xFF,0xFF,0xFF,0xFF,0xFF,0xFF,0xFF,0xFF,0xFF,0xFF,0xFF,0xFF,0xB5,0x0,0x0,0x0,0xB5,0xFF,0xFF,0xFF,0xFF,0x6B,0x0,0x0,0x4A,0xFF,0xFF,0xFF,0xFF,0xFF,0x0,0x6B,0x4A,0xB5,0xFF,0xFF,0xFF,0xFF,0xB5,0x0,0x0,0x0,0x0,0x0,0x0,0x0,0x0,
        0x0,0x0,0x94,0x4A,0x0,0x0,0x4A,0xFF,0xFF,0xFF,0xFF,0xFF,0xFF,0xFF,0xFF,0xFF,0xFF,0xFF,0xFF,0xFF,0x6B,0x0,0x0,0x4A,0xFF,0xFF,0xFF,0xFF,0xFF,0xFF,0x6B,0x0,0x94,0x4A,0x94,0xFF,0xFF,0xFF,0xFF,0xDE,0xB5,0x21,0xFF,0xFF,0xFF,0xFF,0xFF,0x94,0x0,0x0,0x0,0x0,0x0,0x0,0x0,0x0,
        0x0,0x0,0x0,0x0,0x0,0x0,0x4A,0xFF,0xFF,0xFF,0xFF,0xFF,0xFF,0xFF,0xFF,0xFF,0xFF,0xFF,0xDE,0x21,0x0,0x0,0x94,0xFF,0xFF,0xFF,0xFF,0xFF,0xFF,0x4A,0x21,0xDE,0xB5,0xFF,0x0,0xDE,0xFF,0xFF,0xFF,0x6B,0x0,0x6B,0xFF,0xFF,0xFF,0xFF,0xFF,0x6B,0x0,0x0,0x0,0x0,0x0,0x0,0x0,0x0,
        0x0,0x0,0x0,0x0,0x0,0x0,0x0,0xB5,0xFF,0xFF,0xFF,0xFF,0xFF,0xFF,0xFF,0xFF,0xFF,0x94,0x0,0x0,0x21,0xB5,0xFF,0xFF,0xFF,0xFF,0xFF,0xDE,0x21,0x6B,0xFF,0x6B,0x21,0xFF,0x94,0xFF,0xFF,0xDE,0x4A,0x0,0x0,0x6B,0xFF,0xFF,0xFF,0xFF,0xFF,0x21,0x0,0x0,0x0,0x0,0x0,0x0,0x0,0x0,
        0x0,0x0,0x0,0x0,0x0,0x0,0x0,0xFF,0xFF,0xFF,0xFF,0xFF,0xFF,0xFF,0xFF,0xFF,0x6B,0x0,0x0,0x4A,0xFF,0xFF,0xFF,0xFF,0xFF,0xFF,0xFF,0xDE,0x0,0xDE,0x94,0x0,0x21,0xFF,0x21,0x94,0xDE,0x0,0x0,0x0,0x6B,0xFF,0xFF,0xFF,0xFF,0xFF,0xDE,0x0,0x0,0x0,0x0,0x0,0x0,0x0,0x0,0x0,
        0x0,0x0,0x0,0x0,0x0,0x0,0x0,0x6B,0xFF,0xFF,0xFF,0xFF,0xFF,0xFF,0xDE,0x21,0x0,0x0,0x94,0xFF,0xFF,0xFF,0xFF,0xFF,0xFF,0xFF,0xFF,0x94,0x21,0xFF,0xFF,0x6B,0xDE,0x94,0x0,0x94,0xDE,0x0,0x0,0x0,0x94,0xFF,0x4A,0x94,0xFF,0xFF,0x21,0x0,0x0,0x0,0x0,0x0,0x0,0x0,0x0,0x0,
        0x0,0x0,0x0,0x0,0x0,0x0,0x0,0xB5,0xFF,0xFF,0xFF,0xFF,0xFF,0xB5,0x0,0x0,0x21,0xDE,0xFF,0xFF,0xFF,0xFF,0xFF,0xFF,0xFF,0xFF,0xFF,0x4A,0x0,0x94,0xB5,0xFF,0x4A,0x21,0xDE,0xDE,0x0,0x0,0x21,0xB5,0xB5,0x0,0x0,0xDE,0xFF,0xB5,0x0,0x0,0x0,0x0,0x0,0x0,0x0,0x0,0x0,0x0,
        0x0,0x0,0x0,0x0,0x0,0x0,0x0,0xDE,0xFF,0xFF,0xFF,0xFF,0xFF,0xFF,0x21,0x6B,0xFF,0xFF,0xFF,0xFF,0xFF,0xFF,0xFF,0xFF,0xFF,0xFF,0xFF,0x4A,0x0,0x0,0x0,0x0,0x0,0x21,0xFF,0xDE,0x0,0x6B,0xFF,0xFF,0x21,0x0,0x21,0xFF,0x94,0x0,0x0,0x0,0x0,0x0,0x0,0x0,0x0,0x0,0x0,0x0,
        0x0,0x0,0x0,0x0,0x0,0x0,0x0,0xDE,0xFF,0xFF,0xFF,0xFF,0xFF,0xFF,0xFF,0xFF,0xFF,0xFF,0xFF,0xFF,0xFF,0xFF,0xFF,0xFF,0xFF,0xFF,0xFF,0x4A,0x0,0x0,0x0,0x0,0x21,0xDE,0x94,0x0,0x0,0xDE,0xFF,0xB5,0x0,0x0,0x0,0x6B,0x0,0x0,0x0,0x0,0x0,0x0,0x0,0x0,0x0,0x0,0x0,0x0,
        0x0,0x0,0x0,0x0,0x0,0x0,0x0,0xFF,0xFF,0xFF,0xFF,0xFF,0xFF,0xFF,0xFF,0xFF,0xFF,0xFF,0xFF,0xFF,0xFF,0xFF,0xFF,0xFF,0xFF,0xFF,0xFF,0xDE,0x0,0x0,0x0,0x6B,0xFF,0x4A,0x0,0x0,0x6B,0xFF,0x6B,0x0,0x0,0x0,0x4A,0xFF,0x0,0x0,0x0,0x0,0x0,0x0,0x0,0x0,0x0,0x0,0x0,0x0,
        0x0,0x0,0x0,0x0,0x0,0x0,0x4A,0xFF,0xFF,0xFF,0xFF,0xFF,0xFF,0xFF,0xFF,0xFF,0xFF,0xFF,0xFF,0xFF,0xFF,0xFF,0xFF,0xFF,0xFF,0xFF,0xFF,0xFF,0xDE,0xDE,0xB5,0xFF,0x6B,0x0,0x0,0xB5,0xFF,0x6B,0x0,0x0,0x0,0x0,0x0,0x4A,0x0,0x0,0x0,0x0,0x0,0x0,0x0,0x0,0x0,0x0,0x0,0x0,
        0x0,0x0,0x0,0x0,0x0,0x0,0x6B,0xFF,0xFF,0xFF,0xFF,0xFF,0xFF,0xFF,0xFF,0xFF,0xFF,0xFF,0xFF,0xFF,0xFF,0xFF,0xFF,0xFF,0xFF,0xFF,0xFF,0xFF,0xFF,0xFF,0xFF,0xFF,0x4A,0x4A,0xDE,0xFF,0xFF,0x4A,0x0,0x0,0x0,0x0,0x0,0x0,0x0,0x0,0x0,0x0,0x0,0x0,0x0,0x0,0x0,0x0,0x0,0x0,
        0x0,0x0,0x0,0x0,0x0,0x94,0xFF,0xFF,0xFF,0xFF,0xFF,0xFF,0xFF,0xFF,0xFF,0xFF,0xFF,0xFF,0xFF,0xFF,0xFF,0xFF,0xFF,0xFF,0xFF,0xFF,0xFF,0xFF,0xDE,0x4A,0x94,0x0,0x6B,0xFF,0xFF,0xB5,0x21,0x0,0x0,0x0,0x0,0x0,0x0,0x0,0x0,0x0,0x0,0x0,0x0,0x0,0x0,0x0,0x0,0x0,0x0,0x0,
        0x0,0x0,0x0,0x0,0x0,0x0,0xFF,0x6B,0x4A,0x6B,0xB5,0xDE,0xDE,0xFF,0xFF,0xFF,0xFF,0xFF,0xFF,0xFF,0xFF,0xFF,0xFF,0xFF,0xFF,0xFF,0x21,0x94,0x0,0x0,0x0,0xB5,0xFF,0xFF,0xDE,0x0,0x0,0x0,0x0,0x0,0x0,0x0,0x0,0x0,0x0,0x0,0x0,0x0,0x0,0x0,0x0,0x0,0x0,0x0,0x0,0x0,
        0x0,0x0,0x0,0x0,0x0,0x0,0x21,0x0,0x0,0x0,0x0,0x0,0x0,0x0,0xB5,0xFF,0xFF,0xFF,0xFF,0xFF,0xFF,0xFF,0xFF,0xFF,0xFF,0xFF,0xDE,0xDE,0xB5,0x6B,0xFF,0xFF,0xFF,0xFF,0xDE,0x0,0x0,0x0,0x0,0x0,0x0,0x0,0x0,0x0,0x0,0x0,0x0,0x0,0x0,0x0,0x0,0x0,0x0,0x0,0x0,0x0,
        0x0,0x0,0x0,0x0,0x0,0x0,0x0,0x0,0x0,0x0,0x0,0x0,0x0,0x0,0x0,0x0,0xB5,0xFF,0xFF,0xFF,0xFF,0xFF,0xFF,0xFF,0xFF,0xFF,0xFF,0xFF,0xFF,0xFF,0xFF,0xFF,0xFF,0xFF,0xB5,0x0,0x0,0x0,0x0,0x0,0x0,0x0,0x0,0x0,0x0,0x0,0x0,0x0,0x0,0x0,0x0,0x0,0x0,0x0,0x0,0x0,
        0x0,0x0,0x0,0x0,0x0,0x0,0x0,0x0,0x0,0x0,0x0,0x0,0x0,0x0,0x0,0x0,0x0,0x0,0xB5,0xFF,0xFF,0xFF,0xFF,0xFF,0xFF,0xFF,0xFF,0xFF,0xFF,0xFF,0xFF,0xFF,0xFF,0xB5,0x0,0x0,0x0,0x0,0x0,0x0,0x0,0x0,0x0,0x0,0x0,0x0,0x0,0x0,0x0,0x0,0x0,0x0,0x0,0x0,0x0,0x0,
        0x0,0x0,0x0,0x0,0x0,0x0,0x0,0x0,0x0,0x0,0x0,0x0,0x0,0x0,0x0,0x0,0x0,0x0,0x0,0x0,0x6B,0x94,0x94,0xFF,0xFF,0xFF,0xFF,0xFF,0xFF,0xFF,0xFF,0xFF,0xFF,0x94,0x0,0x0,0x0,0x0,0x0,0x0,0x0,0x0,0x0,0x0,0x0,0x0,0x0,0x0,0x0,0x0,0x0,0x0,0x0,0x0,0x0,0x0,
        0x0,0x0,0x0,0x0,0x0,0x0,0x0,0x0,0x0,0x0,0x0,0x0,0x0,0x0,0x0,0x0,0x0,0x0,0x0,0x0,0x0,0x0,0x0,0xB5,0xFF,0xFF,0xFF,0xFF,0xFF,0xFF,0xFF,0xFF,0xB5,0x0,0x0,0x0,0x0,0x0,0x0,0x0,0x0,0x0,0x0,0x0,0x0,0x0,0x0,0x0,0x0,0x0,0x0,0x0,0x0,0x0,0x0,0x0,
        0x0,0x0,0x0,0x0,0x0,0x0,0x0,0x0,0x0,0x0,0x0,0x0,0x0,0x0,0x0,0x0,0x6B,0x4A,0x0,0x0,0x0,0x6B,0x4A,0xDE,0xFF,0xFF,0xFF,0xFF,0xFF,0xFF,0xFF,0x6B,0x0,0x0,0x0,0x0,0x0,0x0,0x0,0x0,0x0,0x0,0x0,0x0,0x0,0x0,0x0,0x0,0x0,0x0,0x0,0x0,0x0,0x0,0x0,0x0,
        0x0,0x0,0x0,0x0,0x0,0x0,0x0,0x0,0x0,0x0,0x0,0x0,0x0,0x0,0x0,0x0,0xDE,0xFF,0xFF,0xDE,0xFF,0xFF,0xFF,0xFF,0xDE,0xFF,0x94,0xB5,0x6B,0x21,0x21,0x0,0x0,0x0,0x0,0x0,0x0,0x0,0x0,0x0,0x0,0x0,0x0,0x0,0x0,0x0,0x0,0x0,0x0,0x0,0x0,0x0,0x0,0x0,0x0,0x0,
        0x0,0x0,0x0,0x0,0x0,0x0,0x0,0x0,0x0,0x0,0x0,0x0,0x0,0x0,0x0,0x0,0x0,0x0,0x4A,0x94,0x94,0xDE,0xFF,0x94,0x0,0x21,0x0,0x0,0x0,0x0,0x0,0x0,0x0,0x0,0x0,0x0,0x0,0x0,0x0,0x0,0x0,0x0,0x0,0x0,0x0,0x0,0x0,0x0,0x0,0x0,0x0,0x0,0x0,0x0,0x0,0x0,
        0x0,0x0,0x0,0x0,0x0,0x0,0x0,0x0,0x0,0x0,0x0,0x0,0x0,0x0,0x0,0x0,0x0,0x0,0x0,0x0,0x0,0x0,0x21,0x0,0x0,0x0,0x0,0x0,0x0,0x0,0x0,0x0,0x0,0x0,0x0,0x0,0x0,0x0,0x0,0x0,0x0,0x0,0x0,0x0,0x0,0x0,0x0,0x0,0x0,0x0,0x0,0x0,0x0,0x0,0x0,0x0,
        0x0,0x0,0x0,0x0,0x0,0x0,0x0,0x0,0x0,0x0,0x0,0x0,0x0,0x0,0x0,0x0,0x0,0x0,0x0,0x0,0x0,0x0,0x0,0x0,0x0,0x0,0x0,0x0,0x0,0x0,0x0,0x0,0x0,0x0,0x0,0x0,0x0,0x0,0x0,0x0,0x0,0x0,0x0,0x0,0x0,0x0,0x0,0x0,0x0,0x0,0x0,0x0,0x0,0x0,0x0,0x0,
        0x0,0x0,0x0,0x0,0x0,0x0,0x0,0x0,0x0,0x0,0x0,0x0,0x0,0x0,0x0,0x0,0x0,0x0,0x0,0x0,0x0,0x0,0x0,0x0,0x0,0x0,0x0,0x0,0x0,0x0,0x0,0x0,0x0,0x0,0x0,0x0,0x0,0x0,0x0,0x0,0x0,0x0,0x0,0x0,0x0,0x0,0x0,0x0,0x0,0x0,0x0,0x0,0x0,0x0,0x0,0x0
    }
};

const gfx_sprite_t sprite_gaster_blaster_0_8 = {
    .width = 56,
    .height = 56,
    .data = {
        0x0,0x0,0x0,0x0,0x0,0x0,0x0,0x0,0x0,0x0,0x0,0x0,0x0,0x0,0x0,0x0,0x0,0x0,0x0,0x0,0x0,0x0,0x0,0x0,0x0,0x0,0x0,0x0,0x0,0x0,0x0,0x0,0x0,0x0,0x0,0x0,0x0,0x0,0x0,0x0,0x0,0x0,0x0,0x0,0x0,0x0,0x0,0x0,0x0,0x0,0x0,0x0,0x0,0x0,0x0,0x0,
        0x0,0x0,0x0,0x0,0x0,0x0,0x0,0x0,0x0,0x0,0x0,0x0,0x0,0x0,0x0,0x0,0x0,0x0,0x0,0x0,0x0,0x0,0x0,0x0,0x0,0x0,0x0,0x0,0x0,0x0,0x0,0x0,0x0,0x0,0x0,0x0,0x0,0x0,0x0,0x0,0x0,0x0,0x0,0x0,0x0,0x0,0x0,0x0,0x0,0x0,0x0,0x0,0x0,0x0,0x0,0x0,
        0x0,0x0,0x0,0x0,0x0,0x0,0x0,0x0,0x0,0x0,0x0,0x0,0x0,0x0,0x0,0x0,0x0,0x0,0x0,0x0,0x0,0x0,0x0,0x0,0x0,0x0,0x0,0x0,0x0,0x0,0x0,0x0,0x0,0x0,0x0,0x0,0x0,0x0,0x0,0x0,0x0,0x0,0x0,0x0,0x0,0x0,0x0,0x0,0x0,0x0,0x0,0x0,0x0,0x0,0x0,0x0,
        0x0,0x0,0x0,0x0,0x0,0x0,0x0,0x0,0x0,0x0,0x0,0x0,0x0,0x0,0x0,0x0,0x0,0x0,0x0,0x0,0x0,0x0,0x0,0x0,0x0,0x0,0x0,0x0,0x0,0x0,0x0,0x0,0x0,0x0,0x0,0x0,0x0,0x0,0x0,0x0,0x0,0x0,0x0,0x0,0x0,0x0,0x0,0x0,0x0,0x0,0x0,0x0,0x0,0x0,0x0,0x0,
        0x0,0x0,0x0,0x0,0x0,0x0,0x0,0x0,0x0,0x0,0x0,0x0,0x0,0x0,0x0,0x0,0x0,0x0,0x0,0x0,0x0,0x0,0x0,0x0,0x0,0x0,0x0,0x0,0x0,0x0,0x0,0x0,0x0,0x0,0x0,0x0,0x0,0x0,0x0,0x0,0x4A,0x0,0x0,0x0,0x0,0x0,0x0,0x0,0x0,0x0,0x0,0x0,0x0,0x0,0x0,0x0,
        0x0,0x0,0x0,0x0,0x0,0x0,0x0,0x0,0x0,0x0,0x0,0x0,0x0,0x0,0x0,0x0,0x0,0x0,0x0,0x0,0x0,0x0,0x0,0x0,0x0,0x0,0x0,0x0,0x0,0x0,0x0,0x0,0x0,0x0,0x0,0x0,0x0,0x0,0x94,0xFF,0xFF,0xB5,0x21,0x0,0x0,0x0,0x0,0x0,0x0,0x0,0x0,0x0,0x0,0x0,0x0,0x0,
        0x0,0x0,0x0,0x0,0x0,0x0,0x0,0x0,0x0,0x0,0x0,0x0,0x0,0x0,0x0,0x0,0x0,0x0,0x0,0x0,0x0,0x0,0x0,0x0,0x0,0x0,0x0,0x0,0x0,0x0,0x0,0x0,0x0,0x0,0x0,0x0,0x94,0xFF,0xFF,0xFF,0xFF,0xFF,0xFF,0x6B,0x0,0x0,0x0,0x0,0x0,0x0,0x0,0x0,0x0,0x0,0x0,0x0,
        0x0,0x0,0x0,0x0,0x0,0x0,0x0,0x0,0x0,0x0,0x0,0x0,0x0,0x0,0x0,0x0,0x0,0x0,0x0,0x0,0x0,0x0,0x0,0x0,0x0,0x0,0x0,0x0,0x0,0x0,0x0,0x0,0x0,0x0,0x94,0xB5,0xB5,0xFF,0xFF,0xFF,0xFF,0xFF,0xFF,0xFF,0x94,0x0,0x0,0x0,0x0,0x0,0x0,0x0,0x0,0x0,0x0,0x0,
        0x0,0x0,0x0,0x0,0x0,0x0,0x0,0x0,0x0,0x0,0x0,0x0,0x0,0x0,0x0,0x0,0x0,0x0,0x0,0x0,0x0,0x0,0x21,0x21,0x21,0x6B,0x94,0x6B,0x21,0x4A,0x94,0xB5,0xB5,0xFF,0xFF,0x0,0xB5,0x6B,0x4A,0xFF,0xFF,0xFF,0xFF,0xFF,0xFF,0xDE,0x21,0x0,0x0,0x0,0x0,0x0,0x0,0x0,0x0,0x0,
        0x0,0x0,0x0,0x0,0x0,0x0,0x0,0x0,0x0,0x0,0x0,0x0,0x0,0x0,0x0,0x0,0x0,0x0,0x0,0x0,0x4A,0xDE,0xFF,0xFF,0xFF,0xFF,0xFF,0xFF,0xFF,0xFF,0xFF,0xFF,0xFF,0xFF,0x4A,0x6B,0xB5,0x0,0xFF,0xFF,0xFF,0xFF,0xFF,0xFF,0xFF,0xFF,0x94,0x0,0x0,0x0,0x0,0x0,0x0,0x0,0x0,0x0,
        0x0,0x0,0x0,0x0,0x0,0x0,0x0,0x0,0x0,0x0,0x0,0x0,0x0,0x0,0x0,0x0,0x0,0x0,0x4A,0xDE,0xFF,0xFF,0xFF,0xFF,0xFF,0xFF,0xFF,0xFF,0xDE,0xDE,0xB5,0xFF,0x4A,0x4A,0x0,0x94,0x0,0x0,0xB5,0xFF,0xFF,0xFF,0xFF,0xFF,0xFF,0xFF,0xDE,0x0,0x0,0x0,0x0,0x0,0x0,0x0,0x0,0x0,
        0x0,0x0,0x0,0x0,0x0,0x0,0x0,0x0,0x0,0x0,0x0,0x0,0x0,0x0,0x0,0x0,0x0,0x0,0xFF,0xFF,0xFF,0xFF,0xFF,0xFF,0xFF,0xFF,0xDE,0xDE,0x0,0x0,0x94,0x94,0x0,0x0,0x0,0x0,0x0,0x4A,0xFF,0xFF,0xFF,0xFF,0xFF,0xFF,0xFF,0xFF,0x6B,0x0,0x0,0x0,0x0,0x0,0x0,0x0,0x0,0x0,
        0x0,0x0,0x0,0x0,0x0,0x0,0x0,0x0,0x0,0x0,0x0,0x0,0x0,0x0,0x21,0xB5,0x0,0xB5,0xFF,0xFF,0xFF,0xFF,0xFF,0xFF,0xFF,0xDE,0x0,0x0,0x0,0x6B,0xDE,0x0,0x0,0x0,0x0,0x21,0x4A,0x21,0xDE,0xFF,0xFF,0xFF,0xFF,0x4A,0xB5,0xFF,0x6B,0x0,0x0,0x0,0x0,0x0,0x0,0x0,0x0,0x0,
        0x0,0x0,0x0,0x0,0x0,0x0,0x0,0x0,0x0,0x0,0x0,0x0,0x0,0x0,0x0,0x6B,0x94,0x6B,0x21,0x0,0xDE,0xFF,0xFF,0xFF,0xFF,0x21,0x0,0x0,0x21,0xFF,0x21,0x0,0x0,0x0,0x0,0xDE,0x4A,0x0,0x0,0x94,0xFF,0x4A,0x21,0x4A,0xFF,0xFF,0x4A,0x0,0x0,0x0,0x0,0x0,0x0,0x0,0x0,0x0,
        0x0,0x0,0x0,0x0,0x0,0x0,0x0,0x0,0x0,0x0,0x0,0x0,0x0,0x0,0x0,0x0,0x0,0x0,0x0,0x6B,0xFF,0xFF,0xDE,0x94,0x6B,0x0,0x0,0x0,0xDE,0x6B,0x21,0x0,0x0,0x0,0x94,0x94,0x0,0x0,0x0,0x0,0x21,0x0,0x0,0xFF,0x4A,0x94,0x0,0x0,0x0,0x0,0x0,0x0,0x0,0x0,0x0,0x0,
        0x0,0x0,0x0,0x0,0x0,0x0,0x0,0x0,0x0,0x0,0x0,0x0,0x0,0x0,0x0,0x0,0x0,0x0,0x4A,0xFF,0xDE,0x4A,0x0,0x4A,0xB5,0x0,0x0,0x94,0xB5,0x21,0xFF,0x21,0x0,0x6B,0xDE,0x0,0x0,0x0,0x0,0x4A,0x6B,0x0,0x94,0x94,0x4A,0xFF,0x0,0x0,0x0,0x0,0x0,0x0,0x0,0x0,0x0,0x0,
        0x0,0x0,0x0,0x0,0x0,0x0,0x0,0x0,0x0,0x0,0x0,0x0,0x0,0x0,0x0,0x0,0x21,0xDE,0xFF,0x4A,0x0,0x0,0x0,0xFF,0x4A,0x94,0xB5,0xFF,0x4A,0xDE,0xFF,0xB5,0xFF,0xFF,0x21,0x0,0x0,0x0,0x0,0xDE,0x4A,0x0,0x0,0x0,0xFF,0x94,0x0,0x0,0x0,0x0,0x0,0x0,0x0,0x0,0x0,0x0,
        0x0,0x0,0x0,0x0,0x0,0x0,0x0,0x0,0x0,0x0,0x0,0x0,0x0,0x0,0x0,0x0,0xDE,0xFF,0x94,0x0,0x0,0x0,0xB5,0xFF,0x94,0xFF,0xFF,0xFF,0xFF,0xFF,0xFF,0xFF,0xFF,0xFF,0x4A,0x0,0x0,0x0,0x94,0x94,0x0,0x0,0x0,0x6B,0xFF,0xB5,0x0,0x0,0x0,0x0,0x0,0x0,0x0,0x0,0x0,0x0,
        0x0,0x0,0x0,0x0,0x0,0x0,0x0,0x0,0x0,0x0,0x0,0x0,0x0,0x0,0x0,0x94,0xFF,0xDE,0x0,0x0,0x0,0x6B,0xFF,0xFF,0xFF,0xFF,0xFF,0xFF,0xFF,0xFF,0xFF,0xFF,0xFF,0xFF,0x6B,0x0,0x0,0x6B,0xDE,0x0,0x0,0x0,0x0,0x4A,0xFF,0xFF,0x0,0x0,0x0,0x0,0x0,0x0,0x0,0x0,0x0,0x0,
        0x0,0x0,0x0,0x0,0x0,0x0,0x0,0x0,0x0,0x0,0x0,0x0,0x0,0x94,0xFF,0xDE,0x21,0x21,0x0,0x6B,0x94,0xFF,0xFF,0xFF,0xFF,0xFF,0xFF,0xFF,0xFF,0xFF,0xDE,0xDE,0xB5,0xFF,0xFF,0xB5,0xFF,0xFF,0x21,0x0,0x0,0x0,0x0,0xDE,0xFF,0xDE,0x0,0x0,0x0,0x0,0x0,0x0,0x0,0x0,0x0,0x0,
        0x0,0x0,0x0,0x0,0x0,0x0,0x0,0x0,0x0,0x0,0x0,0x0,0x4A,0xFF,0xFF,0x21,0x0,0x6B,0x94,0xFF,0xDE,0xFF,0xFF,0xFF,0xFF,0xFF,0xFF,0xFF,0xFF,0xFF,0x0,0x0,0x0,0x6B,0xFF,0xFF,0xFF,0xFF,0x6B,0x0,0x0,0x0,0x94,0xB5,0xFF,0xFF,0x21,0x0,0x0,0x0,0x0,0x0,0x0,0x0,0x0,0x0,
        0x0,0x0,0x0,0x0,0x0,0x0,0x0,0x0,0x0,0x4A,0x4A,0x6B,0xFF,0xFF,0x6B,0x0,0x21,0xFF,0xFF,0x6B,0x0,0x94,0x21,0xB5,0xFF,0xFF,0xFF,0xFF,0xFF,0x4A,0x0,0x0,0x0,0x0,0x21,0xFF,0xFF,0xFF,0x6B,0xB5,0x0,0x6B,0xDE,0x0,0xDE,0xFF,0x6B,0x0,0x0,0x0,0x0,0x0,0x0,0x0,0x0,0x0,
        0x0,0x0,0x0,0x0,0x0,0x0,0x0,0x21,0x4A,0xFF,0xFF,0xFF,0xFF,0xB5,0x0,0x0,0xDE,0xB5,0x94,0x21,0xDE,0xDE,0xB5,0x0,0x94,0xFF,0xFF,0xFF,0x94,0x0,0x0,0x0,0x0,0x0,0x0,0xFF,0xFF,0xFF,0xFF,0xB5,0x21,0xFF,0x21,0x0,0x94,0xFF,0x94,0x0,0x0,0x0,0x0,0x0,0x0,0x0,0x0,0x0,
        0x0,0x0,0x0,0x0,0x0,0x0,0x4A,0xFF,0xFF,0xFF,0xFF,0xFF,0xFF,0x0,0x21,0x94,0xB5,0x0,0x0,0xDE,0x94,0x94,0x94,0xDE,0x0,0x4A,0xFF,0xFF,0xFF,0x0,0x0,0x0,0x0,0x0,0x0,0xDE,0xFF,0xFF,0xDE,0x0,0xDE,0x6B,0x0,0x21,0xFF,0xFF,0xFF,0x6B,0x0,0x0,0x0,0x0,0x0,0x0,0x0,0x0,
        0x0,0x0,0x0,0x0,0x0,0x0,0xDE,0xFF,0xFF,0xFF,0xFF,0xFF,0x4A,0x94,0xFF,0xDE,0x0,0x0,0x94,0xB5,0x0,0x0,0xDE,0x6B,0x0,0x21,0xFF,0xFF,0x4A,0x0,0x0,0x0,0x0,0x0,0x94,0xFF,0xFF,0xFF,0xFF,0xB5,0xB5,0x0,0x0,0x0,0xDE,0xFF,0xFF,0x94,0x0,0x0,0x0,0x0,0x0,0x0,0x0,0x0,
        0x0,0x0,0x0,0x0,0x0,0xB5,0xFF,0xFF,0xFF,0xFF,0xFF,0x94,0x4A,0xFF,0xFF,0x4A,0x0,0x0,0x94,0xDE,0x4A,0x94,0x94,0x0,0x0,0xDE,0xFF,0xFF,0x6B,0x0,0x0,0x0,0x0,0x4A,0xFF,0xFF,0xFF,0xFF,0xFF,0xDE,0x0,0x0,0x0,0x4A,0xFF,0xFF,0xFF,0xB5,0x0,0x0,0x0,0x0,0x0,0x0,0x0,0x0,
        0x0,0x0,0x0,0x0,0x21,0xFF,0xFF,0xFF,0xFF,0xFF,0xB5,0x0,0x21,0xFF,0xDE,0x0,0x0,0x0,0x94,0xFF,0xFF,0xDE,0x0,0xDE,0xFF,0xFF,0xFF,0xFF,0x21,0x0,0x0,0x4A,0xFF,0xFF,0xFF,0xFF,0xFF,0xFF,0xFF,0xFF,0x21,0x0,0x21,0xFF,0xFF,0xFF,0xFF,0xDE,0x0,0x0,0x0,0x0,0x0,0x0,0x0,0x0,
        0x0,0x0,0x0,0x0,0x0,0xDE,0xFF,0xFF,0xFF,0xFF,0xDE,0x0,0x6B,0xFF,0xFF,0x0,0x0,0x0,0x0,0x6B,0x21,0x21,0x94,0xFF,0xFF,0xFF,0xFF,0x6B,0x0,0x21,0xFF,0xFF,0xFF,0xFF,0xFF,0xFF,0xFF,0xFF,0xFF,0xB5,0x0,0x94,0xB5,0xFF,0xFF,0xFF,0xFF,0xFF,0x21,0x0,0x0,0x0,0x0,0x0,0x0,0x0,
        0x0,0x0,0x0,0x0,0x94,0xFF,0xFF,0xFF,0xFF,0xFF,0xDE,0x21,0xFF,0xFF,0xFF,0xB5,0x0,0x0,0x0,0x21,0x4A,0x6B,0xFF,0xFF,0xFF,0xFF,0x94,0x0,0x0,0xDE,0xFF,0xFF,0xDE,0xFF,0xFF,0xFF,0xFF,0xFF,0xFF,0x94,0xB5,0x6B,0x6B,0xFF,0xFF,0xFF,0xFF,0xFF,0x21,0x0,0x0,0x0,0x0,0x0,0x0,0x0,
        0x0,0x0,0x0,0x0,0x21,0xFF,0xFF,0xFF,0xFF,0xFF,0xFF,0x4A,0xFF,0xFF,0xFF,0xFF,0xDE,0xDE,0xDE,0xFF,0xFF,0xFF,0xFF,0xFF,0xFF,0xDE,0x0,0x0,0x94,0xFF,0xFF,0xFF,0x21,0x21,0xB5,0xFF,0xFF,0xFF,0xFF,0xFF,0xB5,0x0,0x6B,0xFF,0xFF,0xFF,0xFF,0xFF,0x21,0x0,0x0,0x0,0x0,0x0,0x0,0x0,
        0x0,0x0,0x0,0x0,0xDE,0xFF,0xFF,0xFF,0xFF,0xFF,0xFF,0xDE,0xFF,0xFF,0xFF,0xFF,0xFF,0xFF,0xFF,0xFF,0xFF,0xFF,0xFF,0xFF,0xFF,0x4A,0x0,0x4A,0xFF,0xFF,0xFF,0x6B,0x0,0x21,0x0,0x6B,0xFF,0xFF,0xFF,0xFF,0x0,0x0,0x6B,0xFF,0xFF,0xFF,0xFF,0xB5,0x0,0x0,0x0,0x0,0x0,0x0,0x0,0x0,
        0x0,0x0,0x0,0x0,0xB5,0xFF,0xFF,0xFF,0xFF,0xFF,0xFF,0xFF,0xFF,0xFF,0xFF,0xFF,0xFF,0xFF,0xFF,0xFF,0xFF,0xFF,0xFF,0xFF,0x6B,0x0,0x21,0xFF,0xFF,0xFF,0xFF,0x94,0x0,0xDE,0xFF,0x4A,0x6B,0xFF,0xFF,0x4A,0x0,0x0,0xDE,0xFF,0x4A,0xDE,0xFF,0xDE,0x0,0x0,0x0,0x0,0x0,0x0,0x0,0x0,
        0x0,0x0,0x0,0x21,0xFF,0xFF,0xFF,0xFF,0xFF,0xFF,0xFF,0xFF,0xFF,0xFF,0xFF,0xFF,0xFF,0xFF,0xFF,0xFF,0xFF,0xFF,0xFF,0xB5,0x0,0x0,0xB5,0xFF,0xFF,0xFF,0xFF,0x21,0x94,0x94,0x6B,0xFF,0x6B,0xFF,0xB5,0x0,0x0,0x0,0xB5,0x94,0x0,0xDE,0xFF,0x4A,0x0,0x0,0x0,0x0,0x0,0x0,0x0,0x0,
        0x0,0x0,0x0,0xB5,0xFF,0xB5,0x0,0x94,0xFF,0xFF,0xFF,0xFF,0xFF,0xFF,0xFF,0xFF,0xFF,0xFF,0xFF,0xFF,0xFF,0xFF,0xFF,0x0,0x0,0x94,0xFF,0xFF,0xFF,0xFF,0x6B,0x4A,0xDE,0x0,0x6B,0xFF,0x21,0x6B,0xFF,0x0,0x0,0x6B,0xB5,0x0,0x0,0xB5,0x6B,0x0,0x0,0x0,0x0,0x0,0x0,0x0,0x0,0x0,
        0x0,0x0,0x0,0x94,0xFF,0x6B,0x0,0x6B,0xFF,0xFF,0xFF,0xFF,0xFF,0xFF,0xFF,0xFF,0xFF,0xFF,0xFF,0xFF,0xFF,0xFF,0x4A,0x0,0x4A,0xFF,0xFF,0xFF,0xFF,0xB5,0x0,0xDE,0x94,0x0,0x6B,0xDE,0x0,0xDE,0x6B,0x0,0x21,0xFF,0xB5,0x0,0x0,0x4A,0x4A,0x0,0x0,0x0,0x0,0x0,0x0,0x0,0x0,0x0,
        0x0,0x0,0x0,0x94,0xFF,0x6B,0x0,0x0,0xFF,0xFF,0xFF,0xFF,0xFF,0xFF,0xFF,0xFF,0xFF,0xFF,0xFF,0xFF,0xFF,0x94,0x0,0x0,0xFF,0xFF,0xFF,0xFF,0xFF,0xFF,0x21,0x94,0xFF,0xDE,0xFF,0x21,0x94,0xFF,0x94,0x0,0xDE,0xFF,0x94,0x0,0x0,0x4A,0xFF,0x4A,0x0,0x0,0x0,0x0,0x0,0x0,0x0,0x0,
        0x0,0x0,0x0,0x6B,0xFF,0x0,0x0,0x21,0xFF,0xFF,0xFF,0xFF,0xFF,0xFF,0xFF,0xFF,0xFF,0xFF,0xFF,0xFF,0xDE,0x0,0x0,0xB5,0xFF,0xFF,0xFF,0xFF,0xFF,0xFF,0x21,0x4A,0xFF,0x94,0x6B,0x0,0x4A,0xFF,0x21,0x0,0xB5,0xDE,0x0,0x0,0x0,0x0,0x0,0x0,0x0,0x0,0x0,0x0,0x0,0x0,0x0,0x0,
        0x0,0x0,0x0,0x0,0xFF,0x4A,0x0,0x0,0xFF,0xFF,0xFF,0xFF,0xFF,0xFF,0xFF,0xFF,0xFF,0xFF,0xFF,0xFF,0x21,0x0,0x6B,0xFF,0xFF,0xFF,0xFF,0xFF,0xFF,0xFF,0x21,0x0,0x0,0x0,0x0,0x0,0xDE,0x6B,0x0,0x21,0xFF,0x21,0x0,0x0,0x0,0x0,0x0,0x0,0x0,0x0,0x0,0x0,0x0,0x0,0x0,0x0,
        0x0,0x0,0x0,0x21,0xFF,0x6B,0x0,0x0,0x21,0xDE,0xFF,0xFF,0xFF,0xFF,0xFF,0xFF,0xFF,0xFF,0xFF,0x6B,0x0,0x21,0xFF,0xFF,0xFF,0xFF,0xFF,0xFF,0xFF,0xFF,0x6B,0x0,0x0,0x0,0x0,0x94,0xB5,0x0,0x0,0xDE,0xFF,0x4A,0x0,0x0,0x0,0x0,0x0,0x0,0x0,0x0,0x0,0x0,0x0,0x0,0x0,0x0,
        0x0,0x0,0x0,0x0,0xFF,0x6B,0x0,0x0,0x0,0xFF,0xFF,0xFF,0xFF,0xFF,0xFF,0xFF,0xFF,0xFF,0x94,0x0,0x0,0xDE,0xFF,0xFF,0xFF,0xFF,0xFF,0xFF,0xFF,0xFF,0xB5,0x21,0x0,0x0,0x4A,0xFF,0x21,0x0,0x94,0xFF,0xDE,0x0,0x0,0x0,0x0,0x0,0x0,0x0,0x0,0x0,0x0,0x0,0x0,0x0,0x0,0x0,
        0x0,0x0,0x0,0x0,0x21,0x6B,0x0,0x0,0x0,0x0,0xDE,0xFF,0xFF,0xFF,0xFF,0xFF,0xFF,0xDE,0x0,0x0,0x94,0xFF,0xFF,0xFF,0xFF,0xFF,0xFF,0xFF,0xFF,0xFF,0xFF,0xFF,0x94,0xDE,0xFF,0xFF,0x6B,0x4A,0xFF,0xFF,0x21,0x0,0x0,0x0,0x0,0x0,0x0,0x0,0x0,0x0,0x0,0x0,0x0,0x0,0x0,0x0,
        0x0,0x0,0x0,0x0,0x0,0x0,0x0,0x0,0x0,0x0,0xFF,0xFF,0xFF,0xFF,0xFF,0xFF,0xFF,0x4A,0x0,0x4A,0xFF,0xFF,0xFF,0xFF,0xFF,0xFF,0xFF,0xFF,0xFF,0xFF,0xFF,0xFF,0xFF,0xFF,0xFF,0xB5,0x0,0xFF,0xFF,0x6B,0x0,0x0,0x0,0x0,0x0,0x0,0x0,0x0,0x0,0x0,0x0,0x0,0x0,0x0,0x0,0x0,
        0x0,0x0,0x0,0x0,0x0,0x0,0x0,0x0,0x0,0x0,0x0,0xDE,0xFF,0xFF,0xFF,0xFF,0xFF,0xDE,0x4A,0xFF,0xFF,0xFF,0xFF,0xFF,0xFF,0xFF,0xFF,0xFF,0xFF,0xFF,0xFF,0xFF,0xFF,0xB5,0x21,0x0,0xB5,0xFF,0xFF,0xB5,0x0,0x0,0x0,0x0,0x0,0x0,0x0,0x0,0x0,0x0,0x0,0x0,0x0,0x0,0x0,0x0,
        0x0,0x0,0x0,0x0,0x0,0x0,0x0,0x0,0x0,0x0,0x0,0xFF,0xFF,0xFF,0xFF,0xFF,0xFF,0xFF,0xFF,0xFF,0xFF,0xFF,0xFF,0xFF,0xFF,0xFF,0xFF,0xFF,0xFF,0xFF,0xFF,0xFF,0xFF,0x21,0x0,0x6B,0xFF,0xFF,0xFF,0xDE,0x0,0x0,0x0,0x0,0x0,0x0,0x0,0x0,0x0,0x0,0x0,0x0,0x0,0x0,0x0,0x0,
        0x0,0x0,0x0,0x0,0x0,0x0,0x0,0x0,0x0,0x0,0x0,0xB5,0xFF,0xFF,0xFF,0xFF,0xFF,0xFF,0xFF,0xFF,0xFF,0xFF,0xFF,0xFF,0xFF,0xFF,0xFF,0xFF,0xFF,0xFF,0xFF,0x4A,0x94,0x6B,0x94,0xFF,0xFF,0xFF,0xFF,0xB5,0x0,0x0,0x0,0x0,0x0,0x0,0x0,0x0,0x0,0x0,0x0,0x0,0x0,0x0,0x0,0x0,
        0x0,0x0,0x0,0x0,0x0,0x0,0x0,0x0,0x0,0x0,0x0,0x6B,0xFF,0xFF,0xFF,0xFF,0xFF,0xFF,0xFF,0xFF,0xFF,0xFF,0xFF,0xFF,0xFF,0xFF,0xFF,0xFF,0xFF,0xFF,0xFF,0xFF,0xFF,0xFF,0xFF,0xFF,0xFF,0xFF,0xFF,0x4A,0x0,0x0,0x0,0x0,0x0,0x0,0x0,0x0,0x0,0x0,0x0,0x0,0x0,0x0,0x0,0x0,
        0x0,0x0,0x0,0x0,0x0,0x0,0x0,0x0,0x0,0x0,0x0,0x4A,0xFF,0xFF,0xFF,0xFF,0xFF,0xFF,0xFF,0xFF,0xFF,0xFF,0xFF,0xFF,0xFF,0xFF,0xFF,0xFF,0xFF,0xFF,0xFF,0xFF,0xFF,0xFF,0xFF,0xFF,0xFF,0xFF,0xFF,0x94,0x0,0x0,0x0,0x0,0x0,0x0,0x0,0x0,0x0,0x0,0x0,0x0,0x0,0x0,0x0,0x0,
        0x0,0x0,0x0,0x0,0x0,0x0,0x0,0x0,0x0,0x0,0x0,0x4A,0xFF,0xFF,0xFF,0xFF,0xFF,0xFF,0xFF,0xFF,0xFF,0xFF,0xFF,0xFF,0xFF,0xFF,0xFF,0xFF,0xFF,0xFF,0xFF,0xFF,0xFF,0xFF,0xFF,0xFF,0xFF,0xFF,0xB5,0x0,0x0,0x0,0x0,0x0,0x0,0x0,0x0,0x0,0x0,0x0,0x0,0x0,0x0,0x0,0x0,0x0,
        0x0,0x0,0x0,0x0,0x0,0x0,0x0,0x0,0x0,0x0,0x0,0x0,0xFF,0xFF,0xFF,0xFF,0xFF,0xFF,0xFF,0xDE,0xFF,0xFF,0xFF,0xFF,0xFF,0xFF,0xFF,0xFF,0xFF,0xFF,0xFF,0xFF,0xFF,0xFF,0xFF,0xFF,0xFF,0xFF,0x21,0x0,0x0,0x0,0x0,0x0,0x0,0x0,0x0,0x0,0x0,0x0,0x0,0x0,0x0,0x0,0x0,0x0,
        0x0,0x0,0x0,0x0,0x0,0x0,0x0,0x0,0x0,0x0,0x0,0x94,0xFF,0xDE,0xDE,0x6B,0x4A,0x4A,0x0,0x0,0x4A,0x4A,0x6B,0xB5,0xB5,0xFF,0xFF,0xB5,0xB5,0x94,0xFF,0xFF,0xFF,0xFF,0xFF,0xFF,0xDE,0x4A,0x0,0x0,0x0,0x0,0x0,0x0,0x0,0x0,0x0,0x0,0x0,0x0,0x0,0x0,0x0,0x0,0x0,0x0,
        0x0,0x0,0x0,0x0,0x0,0x0,0x0,0x0,0x0,0x0,0x0,0xFF,0xFF,0x21,0x0,0x0,0x0,0x0,0x0,0x0,0x0,0x0,0x0,0x0,0x0,0x21,0x0,0x0,0x0,0x0,0xB5,0xFF,0xFF,0xFF,0xDE,0x6B,0x0,0x0,0x0,0x0,0x0,0x0,0x0,0x0,0x0,0x0,0x0,0x0,0x0,0x0,0x0,0x0,0x0,0x0,0x0,0x0,
        0x0,0x0,0x0,0x0,0x0,0x0,0x0,0x0,0x0,0x0,0x0,0x0,0x0,0x0,0x0,0x0,0x0,0x0,0x0,0x0,0x0,0x0,0x0,0x0,0x0,0x0,0x0,0x0,0x4A,0x4A,0xFF,0xFF,0xDE,0x6B,0x0,0x0,0x0,0x0,0x0,0x0,0x0,0x0,0x0,0x0,0x0,0x0,0x0,0x0,0x0,0x0,0x0,0x0,0x0,0x0,0x0,0x0,
        0x0,0x0,0x0,0x0,0x0,0x0,0x0,0x0,0x0,0x0,0x0,0x0,0x0,0x0,0x0,0x0,0x0,0x0,0x0,0x0,0x0,0x0,0x0,0x0,0x0,0x0,0x4A,0x4A,0xFF,0xFF,0xFF,0x6B,0x0,0x0,0x0,0x0,0x0,0x0,0x0,0x0,0x0,0x0,0x0,0x0,0x0,0x0,0x0,0x0,0x0,0x0,0x0,0x0,0x0,0x0,0x0,0x0,
        0x0,0x0,0x0,0x0,0x0,0x0,0x0,0x0,0x0,0x0,0x0,0x0,0x0,0x0,0x0,0x0,0x0,0x0,0x0,0x0,0x0,0x0,0x0,0x94,0xDE,0xFF,0xFF,0xFF,0xDE,0xB5,0xB5,0x0,0x0,0x0,0x0,0x0,0x0,0x0,0x0,0x0,0x0,0x0,0x0,0x0,0x0,0x0,0x0,0x0,0x0,0x0,0x0,0x0,0x0,0x0,0x0,0x0,
        0x0,0x0,0x0,0x0,0x0,0x0,0x0,0x0,0x0,0x0,0x0,0x0,0x0,0x0,0x0,0x0,0x0,0x0,0x0,0x0,0x0,0x0,0x0,0x0,0x94,0x4A,0x4A,0x21,0x0,0x0,0x0,0x0,0x0,0x0,0x0,0x0,0x0,0x0,0x0,0x0,0x0,0x0,0x0,0x0,0x0,0x0,0x0,0x0,0x0,0x0,0x0,0x0,0x0,0x0,0x0,0x0,
        0x0,0x0,0x0,0x0,0x0,0x0,0x0,0x0,0x0,0x0,0x0,0x0,0x0,0x0,0x0,0x0,0x0,0x0,0x0,0x0,0x0,0x0,0x0,0x0,0x0,0x0,0x0,0x0,0x0,0x0,0x0,0x0,0x0,0x0,0x0,0x0,0x0,0x0,0x0,0x0,0x0,0x0,0x0,0x0,0x0,0x0,0x0,0x0,0x0,0x0,0x0,0x0,0x0,0x0,0x0,0x0
    }
};

const gfx_sprite_t sprite_gaster_blaster_0_9 = {
    .width = 56,
    .height = 56,
    .data = {
        0x0,0x0,0x0,0x0,0x0,0x0,0x0,0x0,0x0,0x0,0x0,0x0,0x0,0x0,0x0,0x0,0x0,0x0,0x0,0x0,0x0,0x0,0x0,0x0,0x0,0x0,0x0,0x0,0x0,0x0,0x0,0x0,0x0,0x0,0x0,0x0,0x0,0x0,0x0,0x0,0x0,0x0,0x0,0x0,0x0,0x0,0x0,0x0,0x0,0x0,0x0,0x0,0x0,0x0,0x0,0x0,
        0x0,0x0,0x0,0x0,0x0,0x0,0x0,0x0,0x0,0x0,0x0,0x0,0x0,0x0,0x0,0x0,0x0,0x0,0x0,0x0,0x0,0x0,0x0,0x0,0x0,0x0,0x0,0x0,0x0,0x0,0x0,0x0,0x0,0x0,0x0,0x0,0x0,0x0,0x0,0x0,0x0,0x0,0x0,0x0,0x0,0x0,0x0,0x0,0x0,0x0,0x0,0x0,0x0,0x0,0x0,0x0,
        0x0,0x0,0x0,0x0,0x0,0x0,0x0,0x0,0x0,0x0,0x0,0x0,0x0,0x0,0x0,0x0,0x0,0x0,0x0,0x0,0x0,0x0,0x0,0x0,0x0,0x0,0x0,0x0,0x0,0x0,0x0,0x4A,0xDE,0xB5,0x6B,0x0,0x0,0x0,0x0,0x0,0x0,0x0,0x0,0x0,0x0,0x0,0x0,0x0,0x0,0x0,0x0,0x0,0x0,0x0,0x0,0x0,
        0x0,0x0,0x0,0x0,0x0,0x0,0x0,0x0,0x0,0x0,0x0,0x0,0x0,0x0,0x0,0x0,0x0,0x0,0x0,0x0,0x0,0x0,0x0,0x0,0x0,0x0,0x0,0x0,0x0,0x0,0x21,0xFF,0xFF,0xFF,0xFF,0xFF,0xB5,0x6B,0x21,0x0,0x0,0x0,0x0,0x0,0x0,0x0,0x0,0x0,0x0,0x0,0x0,0x0,0x0,0x0,0x0,0x0,
        0x0,0x0,0x0,0x0,0x0,0x0,0x0,0x0,0x0,0x0,0x0,0x0,0x0,0x0,0x0,0x0,0x0,0x0,0x0,0x0,0x0,0x0,0x0,0x0,0x0,0x0,0x0,0x0,0x0,0x6B,0xDE,0xFF,0xFF,0xFF,0xFF,0xFF,0xFF,0xFF,0xFF,0xB5,0x0,0x0,0x0,0x0,0x0,0x0,0x0,0x0,0x0,0x0,0x0,0x0,0x0,0x0,0x0,0x0,
        0x0,0x0,0x0,0x0,0x0,0x0,0x0,0x0,0x0,0x0,0x0,0x0,0x0,0x0,0x0,0x0,0x0,0x0,0x0,0x0,0x0,0x0,0x0,0x0,0x0,0x0,0x0,0x0,0x0,0xDE,0xFF,0xDE,0xFF,0xFF,0xFF,0xFF,0xFF,0xFF,0xFF,0xFF,0x4A,0x0,0x0,0x0,0x0,0x0,0x0,0x0,0x0,0x0,0x0,0x0,0x0,0x0,0x0,0x0,
        0x0,0x0,0x0,0x0,0x0,0x0,0x0,0x0,0x0,0x0,0x0,0x0,0x0,0x0,0x0,0x0,0x0,0x0,0x0,0x0,0x0,0x0,0x0,0x0,0x0,0x0,0x0,0x21,0xDE,0x4A,0xFF,0x0,0xFF,0xFF,0xFF,0xFF,0xFF,0xFF,0xFF,0xFF,0x6B,0x0,0x0,0x0,0x0,0x0,0x0,0x0,0x0,0x0,0x0,0x0,0x0,0x0,0x0,0x0,
        0x0,0x0,0x0,0x0,0x0,0x0,0x0,0x0,0x0,0x0,0x0,0x0,0x0,0x0,0x0,0x0,0x0,0x0,0x0,0x0,0x0,0x0,0x0,0x0,0x0,0x0,0x6B,0xB5,0x6B,0x6B,0x94,0x4A,0xFF,0xFF,0xFF,0xFF,0xFF,0xFF,0xFF,0xFF,0x4A,0x0,0x0,0x0,0x0,0x0,0x0,0x0,0x0,0x0,0x0,0x0,0x0,0x0,0x0,0x0,
        0x0,0x0,0x0,0x0,0x0,0x0,0x0,0x0,0x0,0x0,0x0,0x0,0x0,0x0,0x0,0x0,0x0,0x0,0x0,0x0,0x0,0x0,0x0,0x0,0x21,0xDE,0xFF,0xFF,0x21,0xDE,0x4A,0x0,0xB5,0xFF,0xFF,0xFF,0xFF,0x94,0x6B,0xFF,0xDE,0x0,0x0,0x0,0x0,0x0,0x0,0x0,0x0,0x0,0x0,0x0,0x0,0x0,0x0,0x0,
        0x0,0x0,0x0,0x0,0x0,0x0,0x0,0x0,0x0,0x0,0x0,0x0,0x0,0x0,0x0,0x0,0x0,0x0,0x0,0x0,0x21,0x0,0x4A,0xB5,0xFF,0xFF,0xDE,0x94,0x0,0x4A,0x0,0x0,0xFF,0xFF,0xFF,0xFF,0xB5,0x4A,0xB5,0xB5,0x6B,0x0,0x0,0x0,0x0,0x0,0x0,0x0,0x0,0x0,0x0,0x0,0x0,0x0,0x0,0x0,
        0x0,0x0,0x0,0x0,0x0,0x0,0x0,0x0,0x0,0x0,0x0,0x0,0x0,0x0,0x0,0x0,0x0,0x0,0x0,0x94,0xFF,0xFF,0xFF,0xFF,0xFF,0xFF,0x6B,0x0,0x0,0x0,0x0,0x0,0x4A,0xB5,0xFF,0xFF,0x0,0x0,0xFF,0x0,0xDE,0x21,0x0,0x0,0x0,0x0,0x0,0x0,0x0,0x0,0x0,0x0,0x0,0x0,0x0,0x0,
        0x0,0x0,0x0,0x0,0x0,0x0,0x0,0x0,0x0,0x0,0x0,0x0,0x0,0x0,0x0,0x0,0x21,0x6B,0xFF,0xFF,0xFF,0xFF,0xFF,0x94,0x0,0xFF,0x21,0x0,0x0,0x0,0xB5,0x4A,0x0,0x0,0x0,0x21,0x0,0x4A,0xB5,0x21,0xDE,0x0,0x0,0x0,0x0,0x0,0x0,0x0,0x0,0x0,0x0,0x0,0x0,0x0,0x0,0x0,
        0x0,0x0,0x0,0x0,0x0,0x0,0x0,0x0,0x0,0x0,0x0,0x0,0x0,0x0,0x0,0x94,0xDE,0xFF,0xFF,0xFF,0xFF,0xFF,0xB5,0x0,0x4A,0xDE,0x0,0x0,0x0,0x0,0xFF,0x0,0x0,0x0,0x0,0x6B,0x0,0x0,0x21,0x94,0xFF,0x6B,0x0,0x0,0x0,0x0,0x0,0x0,0x0,0x0,0x0,0x0,0x0,0x0,0x0,0x0,
        0x0,0x0,0x0,0x0,0x0,0x0,0x0,0x0,0x0,0x0,0x0,0x0,0x0,0x0,0x0,0xFF,0xFF,0xFF,0xFF,0xFF,0xFF,0x4A,0x21,0x0,0x94,0x6B,0x0,0x0,0x0,0x4A,0xB5,0x0,0x0,0x0,0x0,0xFF,0x0,0x0,0x0,0x94,0xFF,0xDE,0x21,0x0,0x0,0x0,0x0,0x0,0x0,0x0,0x0,0x0,0x0,0x0,0x0,0x0,
        0x0,0x0,0x0,0x0,0x0,0x0,0x0,0x0,0x0,0x0,0x0,0x0,0x0,0x6B,0xFF,0xFF,0xFF,0xFF,0xFF,0xFF,0xFF,0x0,0x0,0x0,0xDE,0x21,0x21,0x0,0x0,0x94,0x6B,0x0,0x0,0x0,0x6B,0xB5,0x0,0x0,0x0,0x21,0xFF,0xFF,0x4A,0x0,0x0,0x0,0x0,0x0,0x0,0x0,0x0,0x0,0x0,0x0,0x0,0x0,
        0x0,0x0,0x0,0x0,0x0,0x0,0x0,0x0,0x0,0x0,0x0,0x0,0x0,0xB5,0xFF,0xFF,0xFF,0xFF,0xFF,0xFF,0x94,0x0,0x0,0x21,0xDE,0x21,0xFF,0x0,0x94,0xFF,0x21,0x0,0x0,0x0,0xB5,0x4A,0x0,0x0,0x0,0x6B,0xFF,0xFF,0xDE,0x0,0x0,0x0,0x0,0x0,0x0,0x0,0x0,0x0,0x0,0x0,0x0,0x0,
        0x0,0x0,0x0,0x0,0x0,0x0,0x0,0x0,0x0,0x0,0x0,0x0,0x0,0xFF,0xFF,0x6B,0xFF,0xFF,0xFF,0xB5,0x4A,0x0,0x0,0x94,0x94,0x6B,0xFF,0xFF,0xFF,0xFF,0xDE,0x0,0x0,0x0,0xFF,0x0,0x0,0x0,0x0,0xDE,0x6B,0xDE,0xFF,0x6B,0x0,0x0,0x0,0x0,0x0,0x0,0x0,0x0,0x0,0x0,0x0,0x0,
        0x0,0x0,0x0,0x0,0x0,0x0,0x0,0x0,0x0,0x0,0x6B,0xDE,0x6B,0x94,0x0,0x21,0xFF,0xDE,0x4A,0x0,0xFF,0x0,0x4A,0xDE,0xDE,0xDE,0xFF,0xFF,0xFF,0xFF,0xFF,0x94,0x94,0xFF,0xFF,0x4A,0x0,0x0,0x0,0xFF,0x0,0x6B,0xFF,0xFF,0x94,0x0,0x0,0x0,0x0,0x0,0x0,0x0,0x0,0x0,0x0,0x0,
        0x0,0x0,0x0,0x0,0x0,0x0,0x0,0x0,0x0,0x0,0x0,0x4A,0x21,0x0,0x0,0x94,0xFF,0x94,0x0,0x4A,0xB5,0x4A,0xFF,0xFF,0xFF,0xFF,0xFF,0xFF,0xFF,0xDE,0xFF,0xFF,0xFF,0xFF,0xFF,0x94,0x94,0x4A,0x6B,0xB5,0x0,0x4A,0xFF,0xFF,0xFF,0x21,0x0,0x0,0x0,0x0,0x0,0x0,0x0,0x0,0x0,0x0,
        0x0,0x0,0x0,0x0,0x0,0x0,0x0,0x0,0x0,0x0,0x0,0x0,0x0,0x0,0x0,0xDE,0x21,0x0,0x0,0xB5,0xFF,0xDE,0xFF,0xFF,0xFF,0xFF,0xFF,0xDE,0x6B,0x0,0x21,0x6B,0xDE,0xFF,0xFF,0xFF,0xFF,0x21,0xB5,0x4A,0x0,0x4A,0xFF,0xFF,0xFF,0xB5,0x0,0x0,0x0,0x0,0x0,0x0,0x0,0x0,0x0,0x0,
        0x0,0x0,0x0,0x0,0x0,0x0,0x0,0x0,0x0,0x0,0x0,0x0,0x0,0x4A,0xDE,0xDE,0x0,0x0,0x0,0xFF,0xFF,0xFF,0xFF,0xFF,0xFF,0xFF,0xFF,0x6B,0x0,0x0,0x0,0x0,0x4A,0xFF,0xFF,0xFF,0xDE,0x0,0xFF,0x0,0x0,0x0,0xDE,0xFF,0xFF,0xFF,0x4A,0x0,0x0,0x0,0x0,0x0,0x0,0x0,0x0,0x0,
        0x0,0x0,0x0,0x0,0x0,0x0,0x0,0x0,0x0,0x0,0x0,0x0,0x0,0x94,0xFF,0x94,0x0,0x0,0x4A,0xFF,0xFF,0xFF,0xFF,0xFF,0xFF,0xFF,0xFF,0x0,0x0,0x0,0x0,0x0,0x0,0xB5,0xFF,0xFF,0xFF,0xB5,0xB5,0x0,0x0,0x21,0xFF,0xFF,0xFF,0xFF,0xDE,0x0,0x0,0x0,0x0,0x0,0x0,0x0,0x0,0x0,
        0x0,0x0,0x0,0x0,0x0,0x0,0x0,0x0,0x0,0x0,0x0,0x0,0x0,0xFF,0xFF,0x21,0x0,0x6B,0xDE,0xFF,0xFF,0xFF,0xFF,0xFF,0xFF,0xFF,0xDE,0x0,0x0,0x0,0x0,0x0,0x0,0xFF,0xFF,0xFF,0xFF,0xFF,0x6B,0x0,0x0,0x94,0xFF,0xFF,0xFF,0xFF,0xFF,0x4A,0x0,0x0,0x0,0x0,0x0,0x0,0x0,0x0,
        0x0,0x0,0x0,0x0,0x0,0x0,0x0,0x0,0x0,0x0,0x0,0x21,0x6B,0xDE,0x4A,0x0,0x0,0xFF,0xB5,0xFF,0x6B,0x94,0xFF,0xFF,0xFF,0xFF,0xFF,0x4A,0x0,0x0,0x0,0x0,0x4A,0xFF,0xFF,0xFF,0xFF,0xFF,0xFF,0x0,0x6B,0xB5,0xFF,0xFF,0xFF,0xFF,0xFF,0x6B,0x0,0x0,0x0,0x0,0x0,0x0,0x0,0x0,
        0x0,0x0,0x0,0x0,0x0,0x0,0x0,0x0,0x0,0x0,0x0,0x94,0xFF,0x6B,0x0,0x6B,0xFF,0xB5,0x0,0x21,0xB5,0x4A,0x0,0x4A,0x94,0xFF,0xFF,0x21,0x0,0x0,0x0,0x21,0x94,0xFF,0xFF,0xFF,0xFF,0xFF,0xDE,0x21,0xDE,0x0,0xFF,0xFF,0xFF,0xFF,0xFF,0x6B,0x0,0x0,0x0,0x0,0x0,0x0,0x0,0x0,
        0x0,0x0,0x0,0x0,0x0,0x0,0x0,0x0,0x0,0x0,0x0,0xFF,0xFF,0x21,0x0,0xB5,0xFF,0x6B,0x94,0xFF,0xB5,0xDE,0xB5,0x0,0x4A,0xFF,0xFF,0x6B,0x0,0x0,0x0,0xFF,0xFF,0xFF,0xFF,0xFF,0xFF,0xFF,0xFF,0xFF,0x94,0x0,0x6B,0xFF,0xFF,0xFF,0xFF,0xDE,0x0,0x0,0x0,0x0,0x0,0x0,0x0,0x0,
        0x0,0x0,0x0,0x0,0x0,0x0,0x0,0x0,0x0,0x0,0x4A,0xFF,0xDE,0x0,0x0,0xFF,0x21,0x0,0xDE,0x4A,0x0,0xB5,0x4A,0x0,0x94,0xFF,0xFF,0x94,0x0,0x4A,0x94,0xFF,0xFF,0xFF,0xFF,0xFF,0xFF,0xFF,0xFF,0xFF,0x21,0x0,0xB5,0xFF,0x6B,0x94,0xFF,0x94,0x0,0x0,0x0,0x0,0x0,0x0,0x0,0x0,
        0x0,0x0,0x0,0x0,0x0,0x0,0x0,0x0,0x21,0x94,0xDE,0xFF,0x94,0x0,0x4A,0xB5,0x0,0x21,0xDE,0x0,0x0,0xFF,0x0,0x94,0xFF,0xFF,0xFF,0x4A,0x0,0xB5,0xFF,0xFF,0x94,0x6B,0xDE,0xFF,0xFF,0xFF,0xFF,0xDE,0x0,0x0,0x4A,0xFF,0x0,0x21,0xFF,0x21,0x0,0x0,0x0,0x0,0x0,0x0,0x0,0x0,
        0x0,0x0,0x0,0x0,0x0,0x0,0x0,0x0,0xFF,0xFF,0xFF,0xFF,0x21,0x6B,0xDE,0x4A,0x0,0x4A,0xFF,0xDE,0xB5,0xB5,0x4A,0xFF,0xFF,0xFF,0xFF,0x0,0x0,0xFF,0xFF,0xFF,0x21,0x0,0x0,0x21,0x6B,0xFF,0xFF,0x94,0x0,0x0,0x4A,0xB5,0x0,0x0,0x94,0x21,0x0,0x0,0x0,0x0,0x0,0x0,0x0,0x0,
        0x0,0x0,0x0,0x0,0x0,0x0,0x4A,0x94,0xFF,0xFF,0xFF,0xDE,0x0,0xFF,0xFF,0x0,0x0,0x0,0xDE,0xFF,0xB5,0x4A,0x94,0xFF,0xFF,0xFF,0x94,0x0,0x4A,0xFF,0xFF,0xDE,0x0,0x0,0xFF,0xDE,0x6B,0xB5,0xFF,0xB5,0x0,0x0,0x94,0x94,0x0,0x0,0x4A,0xFF,0x94,0x0,0x0,0x0,0x0,0x0,0x0,0x0,
        0x0,0x0,0x0,0x0,0x0,0x0,0xB5,0xFF,0xFF,0xFF,0xFF,0x94,0x6B,0xFF,0xDE,0x0,0x0,0x0,0x0,0x4A,0x0,0x0,0xFF,0xFF,0xFF,0xFF,0x4A,0x0,0x94,0xFF,0xFF,0xFF,0x6B,0x4A,0xB5,0x6B,0xDE,0x0,0x4A,0xFF,0x0,0x0,0xFF,0xFF,0x21,0x0,0x0,0x0,0x0,0x0,0x0,0x0,0x0,0x0,0x0,0x0,
        0x0,0x0,0x0,0x0,0x0,0x0,0xFF,0xFF,0xFF,0xFF,0xFF,0x21,0x21,0xDE,0xFF,0x6B,0x0,0x0,0x0,0x21,0x94,0xFF,0xFF,0xFF,0xFF,0xFF,0x0,0x0,0xFF,0xFF,0xFF,0xFF,0x4A,0xB5,0x4A,0x21,0xDE,0x94,0x6B,0xDE,0x0,0x4A,0xFF,0xDE,0x0,0x0,0x0,0x0,0x0,0x0,0x0,0x0,0x0,0x0,0x0,0x0,
        0x0,0x0,0x0,0x0,0x0,0x4A,0xFF,0xFF,0xFF,0xFF,0xFF,0x0,0x0,0xFF,0xFF,0xDE,0x94,0x21,0xB5,0xDE,0xFF,0xFF,0xFF,0xFF,0xFF,0x94,0x0,0x4A,0xFF,0xFF,0xFF,0xFF,0x0,0xFF,0x0,0x0,0xDE,0x21,0xB5,0xFF,0x4A,0x21,0xDE,0x6B,0x0,0x0,0x0,0x0,0x0,0x0,0x0,0x0,0x0,0x0,0x0,0x0,
        0x0,0x0,0x0,0x0,0x0,0xB5,0xFF,0xFF,0xFF,0xFF,0xFF,0x94,0x4A,0xFF,0xFF,0xFF,0xFF,0xFF,0xFF,0xFF,0xFF,0xFF,0xFF,0xFF,0xFF,0x4A,0x0,0x94,0xFF,0xFF,0xFF,0x94,0x21,0xDE,0xFF,0xB5,0xDE,0x0,0x4A,0xFF,0x0,0x0,0xDE,0x4A,0x0,0x0,0x0,0x0,0x0,0x0,0x0,0x0,0x0,0x0,0x0,0x0,
        0x0,0x0,0x0,0x0,0x0,0x21,0xFF,0xFF,0xFF,0xFF,0xFF,0xFF,0x6B,0xDE,0xFF,0xFF,0xFF,0xFF,0xFF,0xFF,0xFF,0xFF,0xFF,0xFF,0xFF,0x0,0x0,0xFF,0xFF,0xFF,0xFF,0xDE,0x21,0x94,0xFF,0xB5,0x6B,0x0,0x4A,0xB5,0x0,0x21,0xFF,0xFF,0x0,0x0,0x0,0x0,0x0,0x0,0x0,0x0,0x0,0x0,0x0,0x0,
        0x0,0x0,0x0,0x0,0x0,0x4A,0xFF,0xFF,0xFF,0xFF,0xFF,0xFF,0x94,0xFF,0xFF,0xFF,0xFF,0xFF,0xFF,0xFF,0xFF,0xFF,0xFF,0xFF,0xB5,0x0,0x4A,0xFF,0xFF,0xFF,0xFF,0xFF,0x6B,0x0,0x21,0x0,0x0,0x0,0xB5,0x4A,0x0,0x94,0xFF,0x94,0x0,0x0,0x0,0x0,0x0,0x0,0x0,0x0,0x0,0x0,0x0,0x0,
        0x0,0x0,0x0,0x0,0x0,0x21,0xDE,0xFF,0xFF,0xFF,0xFF,0xFF,0xFF,0xFF,0xFF,0xFF,0xFF,0xFF,0xFF,0xFF,0xFF,0xFF,0xFF,0xFF,0x4A,0x0,0x94,0xFF,0xFF,0xFF,0xFF,0xFF,0xDE,0x0,0x0,0x0,0x0,0x0,0xFF,0x4A,0x0,0xDE,0xFF,0x4A,0x0,0x0,0x0,0x0,0x0,0x0,0x0,0x0,0x0,0x0,0x0,0x0,
        0x0,0x0,0x0,0x0,0x0,0x0,0xDE,0xFF,0xFF,0xFF,0xFF,0xFF,0xFF,0xFF,0xFF,0xFF,0xFF,0xFF,0xFF,0xFF,0xFF,0xFF,0xFF,0xFF,0x0,0x0,0xFF,0xFF,0xFF,0xFF,0xFF,0xFF,0xFF,0x6B,0x0,0x0,0x0,0x4A,0xFF,0xDE,0x21,0xFF,0xFF,0x0,0x0,0x0,0x0,0x0,0x0,0x0,0x0,0x0,0x0,0x0,0x0,0x0,
        0x0,0x0,0x0,0x0,0x0,0x0,0xB5,0xFF,0xFF,0xFF,0xFF,0xFF,0xFF,0xFF,0xFF,0xFF,0xFF,0xFF,0xFF,0xFF,0xFF,0xFF,0xFF,0xB5,0x0,0x21,0xFF,0xFF,0xFF,0xFF,0xFF,0xFF,0xFF,0xFF,0xB5,0x4A,0xB5,0xFF,0xFF,0x6B,0x94,0xFF,0xFF,0x94,0x0,0x0,0x0,0x0,0x0,0x0,0x0,0x0,0x0,0x0,0x0,0x0,
        0x0,0x0,0x0,0x0,0x0,0x0,0x6B,0xFF,0xDE,0xB5,0xFF,0xFF,0xFF,0xFF,0xFF,0xFF,0xFF,0xFF,0xFF,0xFF,0xFF,0xFF,0xFF,0x4A,0x0,0x94,0xFF,0xFF,0xFF,0xFF,0xFF,0xFF,0xFF,0xFF,0xFF,0xFF,0xFF,0xFF,0xB5,0x21,0xDE,0xFF,0xFF,0xFF,0x21,0x0,0x0,0x0,0x0,0x0,0x0,0x0,0x0,0x0,0x0,0x0,
        0x0,0x0,0x0,0x0,0x0,0x0,0xDE,0xFF,0x4A,0x0,0x94,0xFF,0xFF,0xFF,0xFF,0xFF,0xFF,0xFF,0xFF,0xFF,0xFF,0xFF,0xFF,0x0,0x0,0xDE,0xFF,0xFF,0xFF,0xFF,0xFF,0xFF,0xFF,0xFF,0xFF,0xFF,0xFF,0xB5,0x0,0x21,0xFF,0xFF,0xFF,0xFF,0x0,0x0,0x0,0x0,0x0,0x0,0x0,0x0,0x0,0x0,0x0,0x0,
        0x0,0x0,0x0,0x0,0x0,0x0,0xDE,0xFF,0x94,0x0,0x0,0xFF,0xFF,0xFF,0xFF,0xFF,0xFF,0xFF,0xFF,0xFF,0xFF,0xFF,0xB5,0x0,0x21,0xFF,0xFF,0xFF,0xFF,0xFF,0xFF,0xFF,0xFF,0xFF,0xFF,0xFF,0xFF,0x6B,0x21,0x6B,0xFF,0xFF,0xFF,0xFF,0x4A,0x0,0x0,0x0,0x0,0x0,0x0,0x0,0x0,0x0,0x0,0x0,
        0x0,0x0,0x0,0x0,0x0,0x0,0x4A,0xFF,0xB5,0x0,0x0,0x94,0xFF,0xFF,0xFF,0xFF,0xFF,0xFF,0xFF,0xFF,0xFF,0xFF,0x6B,0x0,0x94,0xFF,0xFF,0xFF,0xFF,0xFF,0xFF,0xFF,0xFF,0xFF,0xFF,0xFF,0x21,0x94,0xDE,0xFF,0xFF,0xFF,0xFF,0xFF,0x6B,0x0,0x0,0x0,0x0,0x0,0x0,0x0,0x0,0x0,0x0,0x0,
        0x0,0x0,0x0,0x0,0x0,0x0,0x0,0xB5,0xB5,0x0,0x0,0x21,0xDE,0xFF,0xFF,0xFF,0xFF,0xFF,0xFF,0xFF,0xFF,0xFF,0x0,0x0,0xDE,0xFF,0xFF,0xFF,0xFF,0xFF,0xFF,0xFF,0xFF,0xFF,0xFF,0xFF,0xDE,0xFF,0xFF,0xFF,0xFF,0xFF,0xFF,0xFF,0x21,0x0,0x0,0x0,0x0,0x0,0x0,0x0,0x0,0x0,0x0,0x0,
        0x0,0x0,0x0,0x0,0x0,0x0,0x0,0x4A,0xFF,0x21,0x0,0x0,0x0,0xB5,0xFF,0xFF,0xFF,0xFF,0xFF,0xFF,0xFF,0xDE,0x0,0x21,0xFF,0xFF,0xFF,0xFF,0xFF,0xFF,0xFF,0xFF,0xFF,0xFF,0xFF,0xFF,0xFF,0xFF,0xFF,0xFF,0xFF,0xFF,0xFF,0xDE,0x0,0x0,0x0,0x0,0x0,0x0,0x0,0x0,0x0,0x0,0x0,0x0,
        0x0,0x0,0x0,0x0,0x0,0x0,0x0,0x0,0xB5,0xDE,0x0,0x0,0x0,0x21,0x94,0xFF,0xFF,0xFF,0xFF,0xFF,0xFF,0xFF,0xFF,0xDE,0xFF,0xFF,0xFF,0xFF,0xFF,0xFF,0xFF,0xFF,0xFF,0xFF,0xFF,0xFF,0xFF,0xFF,0xFF,0xFF,0xFF,0xFF,0xFF,0x6B,0x0,0x0,0x0,0x0,0x0,0x0,0x0,0x0,0x0,0x0,0x0,0x0,
        0x0,0x0,0x0,0x0,0x0,0x0,0x0,0x0,0x4A,0xFF,0x6B,0x0,0x0,0x0,0x21,0xDE,0xFF,0xFF,0xFF,0xFF,0xFF,0xFF,0xFF,0xFF,0xFF,0xFF,0xFF,0xFF,0xFF,0xFF,0xFF,0xFF,0xFF,0xFF,0xFF,0xFF,0xFF,0xFF,0xFF,0xFF,0xFF,0xFF,0x4A,0x0,0x0,0x0,0x0,0x0,0x0,0x0,0x0,0x0,0x0,0x0,0x0,0x0,
        0x0,0x0,0x0,0x0,0x0,0x0,0x0,0x0,0x0,0x0,0x0,0x0,0x0,0x0,0x0,0x0,0x94,0xFF,0xFF,0xFF,0xFF,0xFF,0xFF,0xFF,0xFF,0xFF,0xFF,0xFF,0xFF,0xFF,0xFF,0xFF,0xFF,0xFF,0xFF,0xFF,0xFF,0xFF,0xFF,0xFF,0xFF,0xB5,0x0,0x0,0x0,0x0,0x0,0x0,0x0,0x0,0x0,0x0,0x0,0x0,0x0,0x0,
        0x0,0x0,0x0,0x0,0x0,0x0,0x0,0x0,0x0,0x0,0x0,0x0,0x0,0x0,0x0,0x0,0x21,0xFF,0xFF,0xFF,0xFF,0xFF,0xFF,0xFF,0xFF,0xFF,0xFF,0xFF,0xFF,0xFF,0xFF,0xFF,0xFF,0xFF,0xDE,0x4A,0x6B,0xFF,0xFF,0xFF,0x6B,0x0,0x0,0x0,0x0,0x0,0x0,0x0,0x0,0x0,0x0,0x0,0x0,0x0,0x0,0x0,
        0x0,0x0,0x0,0x0,0x0,0x0,0x0,0x0,0x0,0x0,0x0,0x0,0x0,0x0,0x0,0x0,0x0,0xB5,0xFF,0xFF,0xFF,0xFF,0xFF,0xFF,0xFF,0xFF,0xFF,0xFF,0xFF,0xFF,0xDE,0xFF,0xDE,0x6B,0x0,0x0,0x0,0xFF,0xFF,0x6B,0x0,0x0,0x0,0x0,0x0,0x0,0x0,0x0,0x0,0x0,0x0,0x0,0x0,0x0,0x0,0x0,
        0x0,0x0,0x0,0x0,0x0,0x0,0x0,0x0,0x0,0x0,0x0,0x0,0x0,0x0,0x0,0x0,0x0,0x21,0xFF,0xFF,0xFF,0xFF,0xFF,0xFF,0xFF,0xFF,0x94,0xDE,0x4A,0x6B,0x21,0x0,0x0,0x0,0x0,0x4A,0xB5,0xFF,0xB5,0x0,0x0,0x0,0x0,0x0,0x0,0x0,0x0,0x0,0x0,0x0,0x0,0x0,0x0,0x0,0x0,0x0,
        0x0,0x0,0x0,0x0,0x0,0x0,0x0,0x0,0x0,0x0,0x0,0x0,0x0,0x0,0x0,0x0,0x0,0x0,0x94,0xFF,0xFF,0xFF,0xFF,0xDE,0x94,0x21,0x0,0x0,0x0,0x0,0x0,0x0,0x0,0x0,0x0,0xDE,0xFF,0xFF,0x6B,0x0,0x0,0x0,0x0,0x0,0x0,0x0,0x0,0x0,0x0,0x0,0x0,0x0,0x0,0x0,0x0,0x0,
        0x0,0x0,0x0,0x0,0x0,0x0,0x0,0x0,0x0,0x0,0x0,0x0,0x0,0x0,0x0,0x0,0x0,0x0,0x0,0xFF,0xFF,0xFF,0x94,0x21,0x0,0x0,0x0,0x0,0x0,0x0,0x0,0x0,0x21,0x6B,0xFF,0xFF,0xB5,0x0,0x0,0x0,0x0,0x0,0x0,0x0,0x0,0x0,0x0,0x0,0x0,0x0,0x0,0x0,0x0,0x0,0x0,0x0,
        0x0,0x0,0x0,0x0,0x0,0x0,0x0,0x0,0x0,0x0,0x0,0x0,0x0,0x0,0x0,0x0,0x0,0x0,0x21,0xFF,0xFF,0x0,0x0,0x0,0x0,0x0,0x0,0x0,0x0,0x0,0x0,0x6B,0xDE,0xFF,0x94,0x21,0x0,0x0,0x0,0x0,0x0,0x0,0x0,0x0,0x0,0x0,0x0,0x0,0x0,0x0,0x0,0x0,0x0,0x0,0x0,0x0,
        0x0,0x0,0x0,0x0,0x0,0x0,0x0,0x0,0x0,0x0,0x0,0x0,0x0,0x0,0x0,0x0,0x0,0x0,0x94,0xFF,0x94,0x0,0x0,0x0,0x0,0x0,0x0,0x0,0x0,0x0,0x0,0x21,0x94,0x21,0x0,0x0,0x0,0x0,0x0,0x0,0x0,0x0,0x0,0x0,0x0,0x0,0x0,0x0,0x0,0x0,0x0,0x0,0x0,0x0,0x0,0x0,
        0x0,0x0,0x0,0x0,0x0,0x0,0x0,0x0,0x0,0x0,0x0,0x0,0x0,0x0,0x0,0x0,0x0,0x0,0x0,0x0,0x0,0x0,0x0,0x0,0x0,0x0,0x0,0x0,0x0,0x0,0x0,0x0,0x0,0x0,0x0,0x0,0x0,0x0,0x0,0x0,0x0,0x0,0x0,0x0,0x0,0x0,0x0,0x0,0x0,0x0,0x0,0x0,0x0,0x0,0x0,0x0
    }
};

const gfx_sprite_t sprite_gaster_blaster_0_10 = {
    .width = 56,
    .height = 56,
    .data = {
        0x0,0x0,0x0,0x0,0x0,0x0,0x0,0x0,0x0,0x0,0x0,0x0,0x0,0x0,0x0,0x0,0x0,0x0,0x0,0x0,0x0,0x0,0x0,0x0,0x0,0x0,0x0,0x0,0x0,0x0,0x0,0x0,0x0,0x0,0x0,0x0,0x0,0x0,0x0,0x0,0x0,0x0,0x0,0x0,0x0,0x0,0x0,0x0,0x0,0x0,0x0,0x0,0x0,0x0,0x0,0x0,
        0x0,0x0,0x0,0x0,0x0,0x0,0x0,0x0,0x0,0x0,0x0,0x0,0x0,0x0,0x0,0x0,0x0,0x0,0x0,0x0,0x0,0x0,0x0,0x0,0x0,0x0,0x0,0x0,0x0,0x0,0x0,0x0,0x0,0x0,0x0,0x0,0x0,0x0,0x0,0x0,0x0,0x0,0x0,0x0,0x0,0x0,0x0,0x0,0x0,0x0,0x0,0x0,0x0,0x0,0x0,0x0,
        0x0,0x0,0x0,0x0,0x0,0x0,0x0,0x0,0x0,0x0,0x0,0x0,0x0,0x0,0x0,0x0,0x0,0x0,0x0,0x0,0x0,0x0,0x0,0x0,0xFF,0xFF,0xFF,0xFF,0xFF,0xFF,0xFF,0xFF,0x0,0x0,0x0,0x0,0x0,0x0,0x0,0x0,0x0,0x0,0x0,0x0,0x0,0x0,0x0,0x0,0x0,0x0,0x0,0x0,0x0,0x0,0x0,0x0,
        0x0,0x0,0x0,0x0,0x0,0x0,0x0,0x0,0x0,0x0,0x0,0x0,0x0,0x0,0x0,0x0,0x0,0x0,0x0,0x0,0x0,0x0,0x0,0xFF,0xFF,0xFF,0xFF,0xFF,0xFF,0xFF,0xFF,0xFF,0xFF,0x0,0x0,0x0,0x0,0x0,0x0,0x0,0x0,0x0,0x0,0x0,0x0,0x0,0x0,0x0,0x0,0x0,0x0,0x0,0x0,0x0,0x0,0x0,
        0x0,0x0,0x0,0x0,0x0,0x0,0x0,0x0,0x0,0x0,0x0,0x0,0x0,0x0,0x0,0x0,0x0,0x0,0x0,0x0,0x0,0x0,0x0,0xFF,0xFF,0xFF,0xFF,0xFF,0xFF,0xFF,0xFF,0xFF,0xFF,0x0,0x0,0x0,0x0,0x0,0x0,0x0,0x0,0x0,0x0,0x0,0x0,0x0,0x0,0x0,0x0,0x0,0x0,0x0,0x0,0x0,0x0,0x0,
        0x0,0x0,0x0,0x0,0x0,0x0,0x0,0x0,0x0,0x0,0x0,0x0,0x0,0x0,0x0,0x0,0x0,0x0,0x0,0x0,0x0,0x0,0xFF,0xFF,0xFF,0xFF,0xFF,0xFF,0xFF,0xFF,0xFF,0xFF,0xFF,0xFF,0x0,0x0,0x0,0x0,0x0,0x0,0x0,0x0,0x0,0x0,0x0,0x0,0x0,0x0,0x0,0x0,0x0,0x0,0x0,0x0,0x0,0x0,
        0x0,0x0,0x0,0x0,0x0,0x0,0x0,0x0,0x0,0x0,0x0,0x0,0x0,0x0,0x0,0x0,0x0,0x0,0x0,0x0,0x0,0x0,0xFF,0xFF,0x0,0xFF,0xFF,0xFF,0xFF,0xFF,0xFF,0x0,0xFF,0xFF,0x0,0x0,0x0,0x0,0x0,0x0,0x0,0x0,0x0,0x0,0x0,0x0,0x0,0x0,0x0,0x0,0x0,0x0,0x0,0x0,0x0,0x0,
        0x0,0x0,0x0,0x0,0x0,0x0,0x0,0x0,0x0,0x0,0x0,0x0,0x0,0x0,0x0,0x0,0x0,0x0,0x0,0x0,0x0,0xFF,0x0,0xFF,0x0,0xFF,0xFF,0xFF,0xFF,0xFF,0xFF,0x0,0xFF,0x0,0xFF,0x0,0x0,0x0,0x0,0x0,0x0,0x0,0x0,0x0,0x0,0x0,0x0,0x0,0x0,0x0,0x0,0x0,0x0,0x0,0x0,0x0,
        0x0,0x0,0x0,0x0,0x0,0x0,0x0,0x0,0x0,0x0,0x0,0x0,0x0,0x0,0x0,0x0,0x0,0x0,0x0,0x0,0x0,0xFF,0x0,0xFF,0x0,0x0,0xFF,0xFF,0xFF,0xFF,0x0,0x0,0xFF,0x0,0xFF,0x0,0x0,0x0,0x0,0x0,0x0,0x0,0x0,0x0,0x0,0x0,0x0,0x0,0x0,0x0,0x0,0x0,0x0,0x0,0x0,0x0,
        0x0,0x0,0x0,0x0,0x0,0x0,0x0,0x0,0x0,0x0,0x0,0x0,0x0,0x0,0x0,0x0,0x0,0x0,0x0,0x0,0xFF,0xFF,0x0,0xFF,0x0,0x0,0xFF,0xFF,0xFF,0xFF,0x0,0x0,0xFF,0x0,0xFF,0xFF,0x0,0x0,0x0,0x0,0x0,0x0,0x0,0x0,0x0,0x0,0x0,0x0,0x0,0x0,0x0,0x0,0x0,0x0,0x0,0x0,
        0x0,0x0,0x0,0x0,0x0,0x0,0x0,0x0,0x0,0x0,0x0,0x0,0x0,0x0,0x0,0x0,0x0,0x0,0x0,0xFF,0xFF,0xFF,0x0,0x0,0x0,0x0,0x0,0x0,0x0,0x0,0x0,0x0,0x0,0x0,0xFF,0xFF,0xFF,0x0,0x0,0x0,0x0,0x0,0x0,0x0,0x0,0x0,0x0,0x0,0x0,0x0,0x0,0x0,0x0,0x0,0x0,0x0,
        0x0,0x0,0x0,0x0,0x0,0x0,0x0,0x0,0x0,0x0,0x0,0x0,0x0,0x0,0x0,0x0,0x0,0x0,0xFF,0xFF,0xFF,0x0,0x0,0x0,0x0,0xFF,0x0,0x0,0x0,0x0,0xFF,0x0,0x0,0x0,0x0,0xFF,0xFF,0xFF,0x0,0x0,0x0,0x0,0x0,0x0,0x0,0x0,0x0,0x0,0x0,0x0,0x0,0x0,0x0,0x0,0x0,0x0,
        0x0,0x0,0x0,0x0,0x0,0x0,0x0,0x0,0x0,0x0,0x0,0x0,0x0,0x0,0x0,0x0,0x0,0xFF,0xFF,0xFF,0xFF,0x0,0x0,0x0,0x0,0xFF,0x0,0x0,0x0,0x0,0xFF,0x0,0x0,0x0,0x0,0xFF,0xFF,0xFF,0xFF,0x0,0x0,0x0,0x0,0x0,0x0,0x0,0x0,0x0,0x0,0x0,0x0,0x0,0x0,0x0,0x0,0x0,
        0x0,0x0,0x0,0x0,0x0,0x0,0x0,0x0,0x0,0x0,0x0,0x0,0x0,0x0,0x0,0xFF,0xFF,0xFF,0xFF,0x0,0xFF,0x0,0x0,0x0,0x0,0xFF,0x0,0x0,0x0,0x0,0xFF,0x0,0x0,0x0,0x0,0xFF,0x0,0xFF,0xFF,0xFF,0xFF,0x0,0x0,0x0,0x0,0x0,0x0,0x0,0x0,0x0,0x0,0x0,0x0,0x0,0x0,0x0,
        0x0,0x0,0x0,0x0,0x0,0x0,0x0,0x0,0x0,0x0,0x0,0x0,0x0,0x0,0xFF,0xFF,0xFF,0xFF,0x0,0x0,0xFF,0x0,0x0,0x0,0x0,0xFF,0x0,0x0,0x0,0x0,0xFF,0x0,0x0,0x0,0x0,0xFF,0x0,0x0,0xFF,0xFF,0xFF,0xFF,0x0,0x0,0x0,0x0,0x0,0x0,0x0,0x0,0x0,0x0,0x0,0x0,0x0,0x0,
        0x0,0x0,0x0,0x0,0x0,0x0,0x0,0x0,0x0,0x0,0x0,0x0,0x0,0xFF,0xFF,0xFF,0xFF,0xFF,0x0,0x0,0xFF,0x0,0x0,0x0,0x0,0xFF,0x0,0x0,0x0,0x0,0xFF,0x0,0x0,0x0,0x0,0xFF,0x0,0x0,0xFF,0xFF,0xFF,0xFF,0xFF,0x0,0x0,0x0,0x0,0x0,0x0,0x0,0x0,0x0,0x0,0x0,0x0,0x0,
        0x0,0x0,0x0,0x0,0x0,0x0,0x0,0x0,0x0,0x0,0x0,0x0,0xFF,0xFF,0xFF,0xFF,0xFF,0x0,0x0,0x0,0xFF,0x0,0xFF,0x0,0xFF,0xFF,0xFF,0x0,0x0,0xFF,0xFF,0xFF,0x0,0xFF,0x0,0xFF,0x0,0x0,0x0,0xFF,0xFF,0xFF,0xFF,0xFF,0x0,0x0,0x0,0x0,0x0,0x0,0x0,0x0,0x0,0x0,0x0,0x0,
        0x0,0x0,0x0,0x0,0x0,0x0,0x0,0x0,0x0,0x0,0x0,0xFF,0xFF,0xFF,0xFF,0xFF,0xFF,0x0,0x0,0x0,0xFF,0x0,0xFF,0xFF,0xFF,0xFF,0xFF,0xFF,0xFF,0xFF,0xFF,0xFF,0xFF,0xFF,0x0,0xFF,0x0,0x0,0x0,0xFF,0xFF,0xFF,0xFF,0xFF,0xFF,0x0,0x0,0x0,0x0,0x0,0x0,0x0,0x0,0x0,0x0,0x0,
        0x0,0x0,0x0,0x0,0x0,0x0,0x0,0x0,0x0,0x0,0x0,0xFF,0xFF,0xFF,0xFF,0xFF,0xFF,0x0,0x0,0x0,0xFF,0x0,0xFF,0xFF,0xFF,0xFF,0xFF,0xFF,0xFF,0xFF,0xFF,0xFF,0xFF,0xFF,0x0,0xFF,0x0,0x0,0x0,0xFF,0xFF,0xFF,0xFF,0xFF,0xFF,0x0,0x0,0x0,0x0,0x0,0x0,0x0,0x0,0x0,0x0,0x0,
        0x0,0x0,0x0,0x0,0x0,0x0,0x0,0x0,0x0,0x0,0xFF,0xFF,0xFF,0xFF,0xFF,0xFF,0xFF,0x0,0x0,0x0,0xFF,0xFF,0xFF,0xFF,0xFF,0xFF,0x0,0x0,0x0,0x0,0xFF,0xFF,0xFF,0xFF,0xFF,0xFF,0x0,0x0,0x0,0xFF,0xFF,0xFF,0xFF,0xFF,0xFF,0xFF,0x0,0x0,0x0,0x0,0x0,0x0,0x0,0x0,0x0,0x0,
        0x0,0x0,0x0,0x0,0x0,0x0,0x0,0x0,0x0,0x0,0xFF,0xFF,0xFF,0xFF,0xFF,0xFF,0x0,0xFF,0x0,0xFF,0xFF,0xFF,0xFF,0xFF,0xFF,0x0,0x0,0x0,0x0,0x0,0x0,0xFF,0xFF,0xFF,0xFF,0xFF,0xFF,0x0,0xFF,0x0,0xFF,0xFF,0xFF,0xFF,0xFF,0xFF,0x0,0x0,0x0,0x0,0x0,0x0,0x0,0x0,0x0,0x0,
        0x0,0x0,0x0,0x0,0x0,0x0,0x0,0x0,0x0,0x0,0xFF,0xFF,0x0,0xFF,0xFF,0x0,0x0,0xFF,0x0,0xFF,0xFF,0xFF,0xFF,0xFF,0xFF,0x0,0x0,0x0,0x0,0x0,0x0,0xFF,0xFF,0xFF,0xFF,0xFF,0xFF,0x0,0xFF,0x0,0x0,0xFF,0xFF,0x0,0xFF,0xFF,0x0,0x0,0x0,0x0,0x0,0x0,0x0,0x0,0x0,0x0,
        0x0,0x0,0x0,0x0,0x0,0x0,0x0,0x0,0x0,0x0,0xFF,0x0,0x0,0xFF,0xFF,0x0,0x0,0xFF,0xFF,0xFF,0xFF,0xFF,0xFF,0xFF,0xFF,0x0,0x0,0x0,0x0,0x0,0x0,0xFF,0xFF,0xFF,0xFF,0xFF,0xFF,0xFF,0xFF,0x0,0x0,0xFF,0xFF,0x0,0x0,0xFF,0x0,0x0,0x0,0x0,0x0,0x0,0x0,0x0,0x0,0x0,
        0x0,0x0,0x0,0x0,0x0,0x0,0x0,0x0,0xFF,0xFF,0x0,0x0,0x0,0xFF,0x0,0x0,0x0,0xFF,0xFF,0xFF,0xFF,0xFF,0xFF,0xFF,0xFF,0x0,0x0,0x0,0x0,0x0,0x0,0xFF,0xFF,0xFF,0xFF,0xFF,0xFF,0xFF,0xFF,0x0,0x0,0x0,0xFF,0x0,0x0,0x0,0xFF,0xFF,0x0,0x0,0x0,0x0,0x0,0x0,0x0,0x0,
        0x0,0x0,0x0,0x0,0x0,0x0,0x0,0x0,0x0,0x0,0x0,0x0,0x0,0xFF,0x0,0x0,0x0,0xFF,0xFF,0xFF,0xFF,0xFF,0xFF,0xFF,0xFF,0xFF,0x0,0x0,0x0,0x0,0xFF,0xFF,0xFF,0xFF,0xFF,0xFF,0xFF,0xFF,0xFF,0x0,0x0,0x0,0xFF,0x0,0x0,0x0,0x0,0x0,0x0,0x0,0x0,0x0,0x0,0x0,0x0,0x0,
        0x0,0x0,0x0,0x0,0x0,0x0,0x0,0x0,0x0,0x0,0x0,0x0,0xFF,0xFF,0x0,0x0,0x0,0xFF,0xFF,0xFF,0xFF,0xFF,0xFF,0xFF,0xFF,0xFF,0x0,0x0,0x0,0x0,0xFF,0xFF,0xFF,0xFF,0xFF,0xFF,0xFF,0xFF,0xFF,0x0,0x0,0x0,0xFF,0xFF,0x0,0x0,0x0,0x0,0x0,0x0,0x0,0x0,0x0,0x0,0x0,0x0,
        0x0,0x0,0x0,0x0,0x0,0x0,0x0,0x0,0x0,0x0,0x0,0x0,0xFF,0xFF,0x0,0x0,0xFF,0xFF,0xFF,0x0,0x0,0x0,0x0,0x0,0xFF,0xFF,0xFF,0x0,0x0,0xFF,0xFF,0xFF,0x0,0x0,0x0,0x0,0x0,0xFF,0xFF,0xFF,0x0,0x0,0xFF,0xFF,0x0,0x0,0x0,0x0,0x0,0x0,0x0,0x0,0x0,0x0,0x0,0x0,
        0x0,0x0,0x0,0x0,0x0,0x0,0x0,0x0,0x0,0x0,0x0,0x0,0xFF,0xFF,0x0,0x0,0xFF,0x0,0x0,0xFF,0xFF,0xFF,0x0,0x0,0xFF,0xFF,0xFF,0x0,0x0,0xFF,0xFF,0xFF,0x0,0x0,0xFF,0xFF,0xFF,0x0,0x0,0xFF,0x0,0x0,0xFF,0xFF,0x0,0x0,0x0,0x0,0x0,0x0,0x0,0x0,0x0,0x0,0x0,0x0,
        0x0,0x0,0x0,0x0,0x0,0x0,0x0,0x0,0x0,0x0,0x0,0x0,0xFF,0x0,0x0,0xFF,0xFF,0x0,0xFF,0xFF,0x0,0xFF,0x0,0x0,0xFF,0xFF,0xFF,0x0,0x0,0xFF,0xFF,0xFF,0x0,0x0,0xFF,0x0,0xFF,0xFF,0x0,0xFF,0xFF,0x0,0x0,0xFF,0x0,0x0,0x0,0x0,0x0,0x0,0x0,0x0,0x0,0x0,0x0,0x0,
        0x0,0x0,0x0,0x0,0x0,0x0,0x0,0x0,0x0,0x0,0x0,0xFF,0xFF,0x0,0x0,0xFF,0xFF,0x0,0xFF,0x0,0x0,0xFF,0x0,0xFF,0xFF,0xFF,0xFF,0x0,0x0,0xFF,0xFF,0xFF,0xFF,0x0,0xFF,0x0,0x0,0xFF,0x0,0xFF,0xFF,0x0,0x0,0xFF,0xFF,0x0,0x0,0x0,0x0,0x0,0x0,0x0,0x0,0x0,0x0,0x0,
        0x0,0x0,0x0,0x0,0x0,0x0,0x0,0x0,0x0,0x0,0x0,0xFF,0xFF,0x0,0x0,0xFF,0x0,0x0,0xFF,0x0,0x0,0xFF,0x0,0xFF,0xFF,0xFF,0xFF,0x0,0x0,0xFF,0xFF,0xFF,0xFF,0x0,0xFF,0x0,0x0,0xFF,0x0,0x0,0xFF,0x0,0x0,0xFF,0xFF,0x0,0x0,0x0,0x0,0x0,0x0,0x0,0x0,0x0,0x0,0x0,
        0x0,0x0,0x0,0x0,0x0,0x0,0x0,0x0,0x0,0x0,0x0,0xFF,0xFF,0x0,0x0,0xFF,0x0,0x0,0xFF,0xFF,0xFF,0xFF,0x0,0xFF,0xFF,0xFF,0xFF,0x0,0x0,0xFF,0xFF,0xFF,0xFF,0x0,0xFF,0xFF,0xFF,0xFF,0x0,0x0,0xFF,0x0,0x0,0xFF,0xFF,0x0,0x0,0x0,0x0,0x0,0x0,0x0,0x0,0x0,0x0,0x0,
        0x0,0x0,0x0,0x0,0x0,0x0,0x0,0x0,0x0,0x0,0x0,0xFF,0xFF,0x0,0x0,0xFF,0x0,0x0,0x0,0xFF,0xFF,0x0,0x0,0xFF,0xFF,0xFF,0xFF,0x0,0x0,0xFF,0xFF,0xFF,0xFF,0x0,0x0,0xFF,0xFF,0x0,0x0,0x0,0xFF,0x0,0x0,0xFF,0xFF,0x0,0x0,0x0,0x0,0x0,0x0,0x0,0x0,0x0,0x0,0x0,
        0x0,0x0,0x0,0x0,0x0,0x0,0x0,0x0,0x0,0x0,0xFF,0xFF,0xFF,0x0,0xFF,0xFF,0x0,0x0,0x0,0x0,0x0,0x0,0xFF,0xFF,0xFF,0xFF,0xFF,0x0,0x0,0xFF,0xFF,0xFF,0xFF,0xFF,0x0,0x0,0x0,0x0,0x0,0x0,0xFF,0xFF,0x0,0xFF,0xFF,0xFF,0x0,0x0,0x0,0x0,0x0,0x0,0x0,0x0,0x0,0x0,
        0x0,0x0,0x0,0x0,0x0,0x0,0x0,0x0,0x0,0xFF,0xFF,0xFF,0xFF,0x0,0xFF,0xFF,0x0,0x0,0x0,0x0,0x0,0xFF,0xFF,0xFF,0xFF,0xFF,0xFF,0x0,0x0,0xFF,0xFF,0xFF,0xFF,0xFF,0xFF,0x0,0x0,0x0,0x0,0x0,0xFF,0xFF,0x0,0xFF,0xFF,0xFF,0xFF,0x0,0x0,0x0,0x0,0x0,0x0,0x0,0x0,0x0,
        0x0,0x0,0x0,0x0,0x0,0x0,0x0,0x0,0x0,0xFF,0xFF,0xFF,0xFF,0x0,0xFF,0xFF,0xFF,0x0,0x0,0x0,0xFF,0xFF,0xFF,0xFF,0xFF,0xFF,0xFF,0x0,0x0,0xFF,0xFF,0xFF,0xFF,0xFF,0xFF,0xFF,0x0,0x0,0x0,0xFF,0xFF,0xFF,0x0,0xFF,0xFF,0xFF,0xFF,0x0,0x0,0x0,0x0,0x0,0x0,0x0,0x0,0x0,
        0x0,0x0,0x0,0x0,0x0,0x0,0x0,0x0,0xFF,0xFF,0xFF,0xFF,0xFF,0x0,0x0,0xFF,0xFF,0xFF,0xFF,0xFF,0xFF,0xFF,0xFF,0xFF,0xFF,0xFF,0xFF,0x0,0x0,0xFF,0xFF,0xFF,0xFF,0xFF,0xFF,0xFF,0xFF,0xFF,0xFF,0xFF,0xFF,0x0,0x0,0xFF,0xFF,0xFF,0xFF,0xFF,0x0,0x0,0x0,0x0,0x0,0x0,0x0,0x0,
        0x0,0x0,0x0,0x0,0x0,0x0,0x0,0x0,0xFF,0xFF,0xFF,0xFF,0xFF,0x0,0x0,0xFF,0xFF,0xFF,0xFF,0xFF,0xFF,0xFF,0xFF,0xFF,0xFF,0xFF,0xFF,0x0,0x0,0xFF,0xFF,0xFF,0xFF,0xFF,0xFF,0xFF,0xFF,0xFF,0xFF,0xFF,0xFF,0x0,0x0,0xFF,0xFF,0xFF,0xFF,0xFF,0x0,0x0,0x0,0x0,0x0,0x0,0x0,0x0,
        0x0,0x0,0x0,0x0,0x0,0x0,0x0,0x0,0xFF,0xFF,0xFF,0xFF,0xFF,0xFF,0x0,0xFF,0xFF,0xFF,0xFF,0xFF,0xFF,0xFF,0xFF,0xFF,0xFF,0xFF,0xFF,0x0,0x0,0xFF,0xFF,0xFF,0xFF,0xFF,0xFF,0xFF,0xFF,0xFF,0xFF,0xFF,0xFF,0x0,0xFF,0xFF,0xFF,0xFF,0xFF,0xFF,0x0,0x0,0x0,0x0,0x0,0x0,0x0,0x0,
        0x0,0x0,0x0,0x0,0x0,0x0,0x0,0x0,0xFF,0xFF,0xFF,0xFF,0xFF,0xFF,0xFF,0x0,0xFF,0xFF,0xFF,0xFF,0xFF,0xFF,0xFF,0xFF,0xFF,0xFF,0xFF,0x0,0x0,0xFF,0xFF,0xFF,0xFF,0xFF,0xFF,0xFF,0xFF,0xFF,0xFF,0xFF,0x0,0xFF,0xFF,0xFF,0xFF,0xFF,0xFF,0xFF,0x0,0x0,0x0,0x0,0x0,0x0,0x0,0x0,
        0x0,0x0,0x0,0x0,0x0,0x0,0x0,0x0,0xFF,0xFF,0xFF,0xFF,0xFF,0xFF,0xFF,0xFF,0xFF,0xFF,0xFF,0xFF,0xFF,0xFF,0xFF,0xFF,0xFF,0xFF,0xFF,0x0,0x0,0xFF,0xFF,0xFF,0xFF,0xFF,0xFF,0xFF,0xFF,0xFF,0xFF,0xFF,0xFF,0xFF,0xFF,0xFF,0xFF,0xFF,0xFF,0xFF,0x0,0x0,0x0,0x0,0x0,0x0,0x0,0x0,
        0x0,0x0,0x0,0x0,0x0,0x0,0x0,0x0,0x0,0xFF,0xFF,0xFF,0xFF,0xFF,0xFF,0xFF,0xFF,0xFF,0xFF,0xFF,0xFF,0xFF,0xFF,0xFF,0xFF,0xFF,0xFF,0x0,0x0,0xFF,0xFF,0xFF,0xFF,0xFF,0xFF,0xFF,0xFF,0xFF,0xFF,0xFF,0xFF,0xFF,0xFF,0xFF,0xFF,0xFF,0xFF,0x0,0x0,0x0,0x0,0x0,0x0,0x0,0x0,0x0,
        0x0,0x0,0x0,0x0,0x0,0x0,0x0,0x0,0x0,0xFF,0xFF,0xFF,0xFF,0xFF,0xFF,0xFF,0xFF,0xFF,0xFF,0xFF,0xFF,0xFF,0xFF,0xFF,0xFF,0xFF,0xFF,0x0,0x0,0xFF,0xFF,0xFF,0xFF,0xFF,0xFF,0xFF,0xFF,0xFF,0xFF,0xFF,0xFF,0xFF,0xFF,0xFF,0xFF,0xFF,0xFF,0x0,0x0,0x0,0x0,0x0,0x0,0x0,0x0,0x0,
        0x0,0x0,0x0,0x0,0x0,0x0,0x0,0x0,0x0,0x0,0xFF,0xFF,0xFF,0xFF,0xFF,0xFF,0xFF,0xFF,0xFF,0xFF,0xFF,0xFF,0xFF,0xFF,0xFF,0xFF,0xFF,0x0,0x0,0xFF,0xFF,0xFF,0xFF,0xFF,0xFF,0xFF,0xFF,0xFF,0xFF,0xFF,0xFF,0xFF,0xFF,0xFF,0xFF,0xFF,0x0,0x0,0x0,0x0,0x0,0x0,0x0,0x0,0x0,0x0,
        0x0,0x0,0x0,0x0,0x0,0x0,0x0,0x0,0x0,0x0,0xFF,0xFF,0xFF,0xFF,0xFF,0xFF,0xFF,0xFF,0xFF,0xFF,0xFF,0xFF,0xFF,0xFF,0xFF,0xFF,0xFF,0x0,0x0,0xFF,0xFF,0xFF,0xFF,0xFF,0xFF,0xFF,0xFF,0xFF,0xFF,0xFF,0xFF,0xFF,0xFF,0xFF,0xFF,0xFF,0x0,0x0,0x0,0x0,0x0,0x0,0x0,0x0,0x0,0x0,
        0x0,0x0,0x0,0x0,0x0,0x0,0x0,0x0,0x0,0x0,0x0,0xFF,0xFF,0x0,0x0,0xFF,0xFF,0xFF,0xFF,0xFF,0xFF,0xFF,0xFF,0xFF,0xFF,0xFF,0xFF,0x0,0x0,0xFF,0xFF,0xFF,0xFF,0xFF,0xFF,0xFF,0xFF,0xFF,0xFF,0xFF,0xFF,0x0,0x0,0xFF,0xFF,0x0,0x0,0x0,0x0,0x0,0x0,0x0,0x0,0x0,0x0,0x0,
        0x0,0x0,0x0,0x0,0x0,0x0,0x0,0x0,0x0,0x0,0x0,0xFF,0xFF,0x0,0x0,0x0,0xFF,0xFF,0xFF,0xFF,0xFF,0xFF,0xFF,0xFF,0xFF,0xFF,0xFF,0xFF,0xFF,0xFF,0xFF,0xFF,0xFF,0xFF,0xFF,0xFF,0xFF,0xFF,0xFF,0xFF,0x0,0x0,0x0,0xFF,0xFF,0x0,0x0,0x0,0x0,0x0,0x0,0x0,0x0,0x0,0x0,0x0,
        0x0,0x0,0x0,0x0,0x0,0x0,0x0,0x0,0x0,0x0,0x0,0xFF,0xFF,0xFF,0x0,0x0,0x0,0xFF,0xFF,0xFF,0xFF,0xFF,0xFF,0xFF,0xFF,0xFF,0xFF,0xFF,0xFF,0xFF,0xFF,0xFF,0xFF,0xFF,0xFF,0xFF,0xFF,0xFF,0xFF,0x0,0x0,0x0,0xFF,0xFF,0xFF,0x0,0x0,0x0,0x0,0x0,0x0,0x0,0x0,0x0,0x0,0x0,
        0x0,0x0,0x0,0x0,0x0,0x0,0x0,0x0,0x0,0x0,0x0,0x0,0xFF,0xFF,0x0,0x0,0x0,0x0,0x0,0xFF,0xFF,0xFF,0xFF,0xFF,0xFF,0xFF,0xFF,0xFF,0xFF,0xFF,0xFF,0xFF,0xFF,0xFF,0xFF,0xFF,0xFF,0x0,0x0,0x0,0x0,0x0,0xFF,0xFF,0x0,0x0,0x0,0x0,0x0,0x0,0x0,0x0,0x0,0x0,0x0,0x0,
        0x0,0x0,0x0,0x0,0x0,0x0,0x0,0x0,0x0,0x0,0x0,0x0,0x0,0xFF,0xFF,0x0,0x0,0x0,0x0,0x0,0x0,0xFF,0xFF,0xFF,0xFF,0xFF,0xFF,0xFF,0xFF,0xFF,0xFF,0xFF,0xFF,0xFF,0xFF,0x0,0x0,0x0,0x0,0x0,0x0,0xFF,0xFF,0x0,0x0,0x0,0x0,0x0,0x0,0x0,0x0,0x0,0x0,0x0,0x0,0x0,
        0x0,0x0,0x0,0x0,0x0,0x0,0x0,0x0,0x0,0x0,0x0,0x0,0x0,0x0,0xFF,0xFF,0x0,0x0,0x0,0x0,0x0,0x0,0x0,0xFF,0xFF,0xFF,0xFF,0xFF,0xFF,0xFF,0xFF,0xFF,0xFF,0x0,0x0,0x0,0x0,0x0,0x0,0x0,0xFF,0xFF,0x0,0x0,0x0,0x0,0x0,0x0,0x0,0x0,0x0,0x0,0x0,0x0,0x0,0x0,
        0x0,0x0,0x0,0x0,0x0,0x0,0x0,0x0,0x0,0x0,0x0,0x0,0x0,0x0,0x0,0xFF,0xFF,0x0,0x0,0x0,0x0,0x0,0x0,0x0,0xFF,0xFF,0xFF,0xFF,0xFF,0xFF,0xFF,0xFF,0x0,0x0,0x0,0x0,0x0,0x0,0x0,0xFF,0xFF,0x0,0x0,0x0,0x0,0x0,0x0,0x0,0x0,0x0,0x0,0x0,0x0,0x0,0x0,0x0,
        0x0,0x0,0x0,0x0,0x0,0x0,0x0,0x0,0x0,0x0,0x0,0x0,0x0,0x0,0x0,0x0,0x0,0x0,0x0,0x0,0x0,0x0,0x0,0x0,0x0,0xFF,0xFF,0xFF,0xFF,0xFF,0xFF,0x0,0x0,0x0,0x0,0x0,0x0,0x0,0x0,0x0,0x0,0x0,0x0,0x0,0x0,0x0,0x0,0x0,0x0,0x0,0x0,0x0,0x0,0x0,0x0,0x0,
        0x0,0x0,0x0,0x0,0x0,0x0,0x0,0x0,0x0,0x0,0x0,0x0,0x0,0x0,0x0,0x0,0x0,0x0,0x0,0x0,0x0,0x0,0x0,0x0,0x0,0x0,0xFF,0xFF,0xFF,0xFF,0x0,0x0,0x0,0x0,0x0,0x0,0x0,0x0,0x0,0x0,0x0,0x0,0x0,0x0,0x0,0x0,0x0,0x0,0x0,0x0,0x0,0x0,0x0,0x0,0x0,0x0,
        0x0,0x0,0x0,0x0,0x0,0x0,0x0,0x0,0x0,0x0,0x0,0x0,0x0,0x0,0x0,0x0,0x0,0x0,0x0,0x0,0x0,0x0,0x0,0x0,0x0,0x0,0x0,0xFF,0xFF,0x0,0x0,0x0,0x0,0x0,0x0,0x0,0x0,0x0,0x0,0x0,0x0,0x0,0x0,0x0,0x0,0x0,0x0,0x0,0x0,0x0,0x0,0x0,0x0,0x0,0x0,0x0,
        0x0,0x0,0x0,0x0,0x0,0x0,0x0,0x0,0x0,0x0,0x0,0x0,0x0,0x0,0x0,0x0,0x0,0x0,0x0,0x0,0x0,0x0,0x0,0x0,0x0,0x0,0x0,0xFF,0xFF,0x0,0x0,0x0,0x0,0x0,0x0,0x0,0x0,0x0,0x0,0x0,0x0,0x0,0x0,0x0,0x0,0x0,0x0,0x0,0x0,0x0,0x0,0x0,0x0,0x0,0x0,0x0
    }
};

const gfx_sprite_t sprite_gaster_blaster_0_11 = {
    .width = 56,
    .height = 56,
    .data = {
        0x0,0x0,0x0,0x0,0x0,0x0,0x0,0x0,0x0,0x0,0x0,0x0,0x0,0x0,0x0,0x0,0x0,0x0,0x0,0x0,0x0,0x0,0x0,0x0,0x0,0x0,0x0,0x0,0x0,0x0,0x0,0x0,0x0,0x0,0x0,0x0,0x0,0x0,0x0,0x0,0x0,0x0,0x0,0x0,0x0,0x0,0x0,0x0,0x0,0x0,0x0,0x0,0x0,0x0,0x0,0x0,
        0x0,0x0,0x0,0x0,0x0,0x0,0x0,0x0,0x0,0x0,0x0,0x0,0x0,0x0,0x0,0x0,0x0,0x0,0x0,0x0,0x0,0x0,0x0,0x0,0x0,0x0,0x0,0x0,0x0,0x0,0x0,0x0,0x0,0x0,0x0,0x0,0x0,0x0,0x0,0x0,0x0,0x0,0x0,0x0,0x0,0x0,0x0,0x0,0x0,0x0,0x0,0x0,0x0,0x0,0x0,0x0,
        0x0,0x0,0x0,0x0,0x0,0x0,0x0,0x0,0x0,0x0,0x0,0x0,0x0,0x0,0x0,0x0,0x0,0x0,0x0,0x0,0x0,0x0,0x6B,0x94,0x0,0x0,0x0,0x0,0x0,0x0,0x0,0x0,0x0,0x0,0x0,0x0,0x0,0x0,0x0,0x0,0x0,0x0,0x0,0x0,0x0,0x0,0x0,0x0,0x0,0x0,0x0,0x0,0x0,0x0,0x0,0x0,
        0x0,0x0,0x0,0x0,0x0,0x0,0x0,0x0,0x0,0x0,0x0,0x0,0x0,0x0,0x0,0x0,0x0,0x0,0x21,0x6B,0xB5,0xFF,0xFF,0xFF,0xFF,0x21,0x0,0x0,0x0,0x0,0x0,0x0,0x0,0x0,0x0,0x0,0x0,0x0,0x0,0x0,0x0,0x0,0x0,0x0,0x0,0x0,0x0,0x0,0x0,0x0,0x0,0x0,0x0,0x0,0x0,0x0,
        0x0,0x0,0x0,0x0,0x0,0x0,0x0,0x0,0x0,0x0,0x0,0x0,0x0,0x0,0x0,0x0,0x6B,0xDE,0xFF,0xFF,0xFF,0xFF,0xFF,0xFF,0xFF,0x94,0x4A,0x0,0x0,0x0,0x0,0x0,0x0,0x0,0x0,0x0,0x0,0x0,0x0,0x0,0x0,0x0,0x0,0x0,0x0,0x0,0x0,0x0,0x0,0x0,0x0,0x0,0x0,0x0,0x0,0x0,
        0x0,0x0,0x0,0x0,0x0,0x0,0x0,0x0,0x0,0x0,0x0,0x0,0x0,0x0,0x0,0x0,0xDE,0xFF,0xFF,0xFF,0xFF,0xFF,0xFF,0xFF,0xFF,0xFF,0xDE,0x0,0x0,0x0,0x0,0x0,0x0,0x0,0x0,0x0,0x0,0x0,0x0,0x0,0x0,0x0,0x0,0x0,0x0,0x0,0x0,0x0,0x0,0x0,0x0,0x0,0x0,0x0,0x0,0x0,
        0x0,0x0,0x0,0x0,0x0,0x0,0x0,0x0,0x0,0x0,0x0,0x0,0x0,0x0,0x0,0x6B,0xFF,0xFF,0xFF,0xFF,0xFF,0xFF,0xFF,0xFF,0x21,0xFF,0x94,0xB5,0x21,0x0,0x0,0x0,0x0,0x0,0x0,0x0,0x0,0x0,0x0,0x0,0x0,0x0,0x0,0x0,0x0,0x0,0x0,0x0,0x0,0x0,0x0,0x0,0x0,0x0,0x0,0x0,
        0x0,0x0,0x0,0x0,0x0,0x0,0x0,0x0,0x0,0x0,0x0,0x0,0x0,0x0,0x0,0x21,0xFF,0xFF,0xFF,0xFF,0xFF,0xFF,0xFF,0xFF,0x4A,0xB5,0x6B,0x94,0x94,0x21,0x0,0x0,0x0,0x0,0x0,0x0,0x0,0x0,0x0,0x0,0x0,0x0,0x0,0x0,0x0,0x0,0x0,0x0,0x0,0x0,0x0,0x0,0x0,0x0,0x0,0x0,
        0x0,0x0,0x0,0x0,0x0,0x0,0x0,0x0,0x0,0x0,0x0,0x0,0x0,0x0,0x0,0xDE,0xFF,0x94,0xB5,0xFF,0xFF,0xFF,0xFF,0xDE,0x21,0x4A,0xB5,0x21,0xFF,0xFF,0x94,0x0,0x0,0x0,0x0,0x0,0x0,0x0,0x0,0x0,0x0,0x0,0x0,0x0,0x0,0x0,0x0,0x0,0x0,0x0,0x0,0x0,0x0,0x0,0x0,0x0,
        0x0,0x0,0x0,0x0,0x0,0x0,0x0,0x0,0x0,0x0,0x0,0x0,0x0,0x0,0x0,0x94,0xFF,0x94,0x4A,0xFF,0xFF,0xFF,0xFF,0xFF,0x0,0x0,0xB5,0x0,0xDE,0xFF,0xFF,0xFF,0x6B,0x21,0x0,0x0,0x0,0x0,0x0,0x0,0x0,0x0,0x0,0x0,0x0,0x0,0x0,0x0,0x0,0x0,0x0,0x0,0x0,0x0,0x0,0x0,
        0x0,0x0,0x0,0x0,0x0,0x0,0x0,0x0,0x0,0x0,0x0,0x0,0x0,0x0,0x21,0xB5,0x21,0xFF,0x0,0x0,0xFF,0xFF,0xFF,0xB5,0x0,0x0,0x0,0x0,0x0,0x94,0xFF,0xFF,0xFF,0xDE,0xB5,0xDE,0x4A,0x0,0x0,0x0,0x0,0x0,0x0,0x0,0x0,0x0,0x0,0x0,0x0,0x0,0x0,0x0,0x0,0x0,0x0,0x0,
        0x0,0x0,0x0,0x0,0x0,0x0,0x0,0x0,0x0,0x0,0x0,0x0,0x0,0x0,0x0,0xFF,0x21,0xDE,0x4A,0x0,0x6B,0x4A,0x0,0x0,0x4A,0x94,0x0,0x0,0x0,0x21,0xFF,0x4A,0xFF,0xFF,0xFF,0xFF,0xFF,0xB5,0x21,0x0,0x0,0x0,0x0,0x0,0x0,0x0,0x0,0x0,0x0,0x0,0x0,0x0,0x0,0x0,0x0,0x0,
        0x0,0x0,0x0,0x0,0x0,0x0,0x0,0x0,0x0,0x0,0x0,0x0,0x0,0x0,0x4A,0xFF,0x6B,0x4A,0x21,0x0,0x21,0x0,0x0,0x0,0x21,0xFF,0x0,0x0,0x0,0x0,0xDE,0x21,0x0,0xB5,0xFF,0xFF,0xFF,0xFF,0xFF,0xB5,0x4A,0x0,0x0,0x0,0x0,0x0,0x0,0x0,0x0,0x0,0x0,0x0,0x0,0x0,0x0,0x0,
        0x0,0x0,0x0,0x0,0x0,0x0,0x0,0x0,0x0,0x0,0x0,0x0,0x0,0x0,0x94,0xFF,0xDE,0x0,0x0,0x0,0xFF,0x0,0x0,0x0,0x0,0xDE,0x4A,0x0,0x0,0x0,0x94,0x94,0x0,0x4A,0x94,0xFF,0xFF,0xFF,0xFF,0xFF,0xFF,0x0,0x0,0x0,0x0,0x0,0x0,0x0,0x0,0x0,0x0,0x0,0x0,0x0,0x0,0x0,
        0x0,0x0,0x0,0x0,0x0,0x0,0x0,0x0,0x0,0x0,0x0,0x0,0x0,0x0,0xFF,0xFF,0x0,0x0,0x0,0x0,0xB5,0x4A,0x0,0x0,0x0,0x6B,0x94,0x0,0x0,0x0,0x21,0xDE,0x0,0x0,0x0,0xFF,0xFF,0xFF,0xFF,0xFF,0xFF,0xDE,0x4A,0x0,0x0,0x0,0x0,0x0,0x0,0x0,0x0,0x0,0x0,0x0,0x0,0x0,
        0x0,0x0,0x0,0x0,0x0,0x0,0x0,0x0,0x0,0x0,0x0,0x0,0x0,0xB5,0xFF,0xFF,0x6B,0x0,0x0,0x0,0x6B,0xB5,0x0,0x0,0x0,0x21,0xFF,0x4A,0x0,0xFF,0x0,0xDE,0x21,0x0,0x0,0xB5,0xFF,0xFF,0xFF,0xFF,0xFF,0xFF,0xB5,0x0,0x0,0x0,0x0,0x0,0x0,0x0,0x0,0x0,0x0,0x0,0x0,0x0,
        0x0,0x0,0x0,0x0,0x0,0x0,0x0,0x0,0x0,0x0,0x0,0x0,0x4A,0xFF,0xFF,0x94,0xB5,0x0,0x0,0x0,0x0,0xFF,0x0,0x0,0x0,0x94,0xFF,0xFF,0xB5,0xFF,0x6B,0x94,0x6B,0x0,0x0,0x4A,0xFF,0xFF,0xFF,0xFF,0xB5,0xFF,0xFF,0x0,0x0,0x0,0x0,0x0,0x0,0x0,0x0,0x0,0x0,0x0,0x0,0x0,
        0x0,0x0,0x0,0x0,0x0,0x0,0x0,0x0,0x0,0x0,0x0,0x4A,0xB5,0xFF,0xB5,0x0,0xFF,0x0,0x0,0x0,0x0,0xDE,0xDE,0x4A,0x4A,0xDE,0xFF,0xFF,0xFF,0xFF,0xB5,0x94,0xDE,0x0,0x0,0xB5,0x0,0xB5,0xFF,0xFF,0x21,0x4A,0xB5,0x6B,0x6B,0x4A,0x0,0x0,0x0,0x0,0x0,0x0,0x0,0x0,0x0,0x0,
        0x0,0x0,0x0,0x0,0x0,0x0,0x0,0x0,0x0,0x0,0x0,0xFF,0xFF,0xFF,0x21,0x0,0xB5,0x4A,0x21,0x4A,0x6B,0xFF,0xFF,0xFF,0xFF,0xFF,0xFF,0xFF,0xFF,0xFF,0xFF,0xFF,0xFF,0xFF,0x21,0xB5,0x4A,0x0,0x94,0xFF,0x6B,0x0,0x0,0x4A,0x94,0x21,0x0,0x0,0x0,0x0,0x0,0x0,0x0,0x0,0x0,0x0,
        0x0,0x0,0x0,0x0,0x0,0x0,0x0,0x0,0x0,0x0,0x94,0xFF,0xFF,0xFF,0x6B,0x0,0x4A,0xB5,0x4A,0xFF,0xFF,0xFF,0xFF,0xFF,0xDE,0x6B,0x21,0xB5,0xFF,0xFF,0xFF,0xFF,0xFF,0xFF,0xB5,0xDE,0x94,0x0,0x21,0x4A,0xDE,0x0,0x0,0x0,0x0,0x0,0x0,0x0,0x0,0x0,0x0,0x0,0x0,0x0,0x0,0x0,
        0x0,0x0,0x0,0x0,0x0,0x0,0x0,0x0,0x0,0x21,0xFF,0xFF,0xFF,0xDE,0x0,0x0,0x0,0xFF,0x0,0xFF,0xFF,0xFF,0xFF,0x6B,0x0,0x0,0x0,0x0,0x6B,0xFF,0xFF,0xFF,0xFF,0xFF,0xFF,0xFF,0xFF,0x0,0x0,0x0,0xFF,0x94,0x21,0x0,0x0,0x0,0x0,0x0,0x0,0x0,0x0,0x0,0x0,0x0,0x0,0x0,
        0x0,0x0,0x0,0x0,0x0,0x0,0x0,0x0,0x0,0x94,0xFF,0xFF,0xFF,0xFF,0x21,0x0,0x0,0xB5,0x94,0xDE,0xFF,0xFF,0xDE,0x0,0x0,0x0,0x0,0x0,0x21,0xFF,0xFF,0xFF,0xFF,0xFF,0xFF,0xFF,0xFF,0x4A,0x0,0x0,0x94,0xFF,0x94,0x0,0x0,0x0,0x0,0x0,0x0,0x0,0x0,0x0,0x0,0x0,0x0,0x0,
        0x0,0x0,0x0,0x0,0x0,0x0,0x0,0x0,0x0,0xDE,0xFF,0xFF,0xFF,0xFF,0x6B,0x0,0x0,0x6B,0xFF,0xFF,0xFF,0xFF,0xDE,0x0,0x0,0x0,0x0,0x0,0x0,0xDE,0xFF,0xFF,0xFF,0xFF,0xFF,0xFF,0xFF,0x94,0x21,0x0,0x4A,0xFF,0xDE,0x0,0x0,0x0,0x0,0x0,0x0,0x0,0x0,0x0,0x0,0x0,0x0,0x0,
        0x0,0x0,0x0,0x0,0x0,0x0,0x0,0x0,0x94,0xFF,0xFF,0xFF,0xFF,0xFF,0xDE,0x21,0x0,0xDE,0xFF,0xFF,0xFF,0xFF,0xFF,0x21,0x0,0x0,0x0,0x0,0x21,0xDE,0xFF,0xFF,0xFF,0xFF,0xFF,0xB5,0xFF,0xFF,0xFF,0x0,0x0,0xB5,0xFF,0x21,0x0,0x0,0x0,0x0,0x0,0x0,0x0,0x0,0x0,0x0,0x0,0x0,
        0x0,0x0,0x0,0x0,0x0,0x0,0x0,0x0,0x21,0xFF,0xFF,0xFF,0xFF,0xFF,0x21,0xDE,0x21,0xDE,0xFF,0xFF,0xFF,0xFF,0xFF,0x94,0x0,0x0,0x0,0x0,0x21,0xFF,0xFF,0xDE,0x94,0x4A,0x0,0x4A,0x6B,0x0,0xB5,0xB5,0x4A,0x0,0x94,0xFF,0x94,0x0,0x0,0x0,0x0,0x0,0x0,0x0,0x0,0x0,0x0,0x0,
        0x0,0x0,0x0,0x0,0x0,0x0,0x0,0x0,0xDE,0xFF,0xFF,0xFF,0xFF,0xB5,0x0,0x94,0xB5,0xDE,0xFF,0xFF,0xFF,0xFF,0xFF,0xFF,0xDE,0x0,0x0,0x0,0x21,0xFF,0xFF,0x21,0x0,0x6B,0xFF,0xDE,0xDE,0x6B,0x6B,0xFF,0xB5,0x0,0x21,0xFF,0xDE,0x0,0x0,0x0,0x0,0x0,0x0,0x0,0x0,0x0,0x0,0x0,
        0x0,0x0,0x0,0x0,0x0,0x0,0x0,0x0,0x94,0xFF,0xB5,0x94,0xFF,0xB5,0x0,0x4A,0xFF,0xFF,0xFF,0xFF,0xFF,0xFF,0xFF,0xFF,0xFF,0x4A,0x21,0x0,0x94,0xFF,0xFF,0x94,0x0,0x4A,0xB5,0x21,0x94,0xDE,0x0,0x94,0xFF,0x0,0x0,0xFF,0xFF,0x21,0x0,0x0,0x0,0x0,0x0,0x0,0x0,0x0,0x0,0x0,
        0x0,0x0,0x0,0x0,0x0,0x0,0x0,0x0,0x4A,0xFF,0x6B,0x21,0xFF,0x94,0x0,0x0,0xFF,0xFF,0xFF,0xFF,0xFF,0xFF,0xDE,0xDE,0xFF,0xFF,0x94,0x0,0x4A,0xFF,0xFF,0xDE,0x4A,0x0,0xFF,0x0,0x0,0xDE,0x21,0x0,0xB5,0x4A,0x0,0x94,0xFF,0xB5,0x4A,0x0,0x0,0x0,0x0,0x0,0x0,0x0,0x0,0x0,
        0x0,0x0,0x0,0x0,0x0,0x0,0x0,0x0,0x0,0xDE,0x0,0x0,0xDE,0x4A,0x0,0x0,0x94,0xFF,0xFF,0xDE,0x6B,0x21,0x0,0x21,0xFF,0xFF,0xFF,0x0,0x0,0xFF,0xFF,0xFF,0xFF,0x21,0xB5,0x6B,0x6B,0xFF,0x6B,0x0,0x6B,0xB5,0x21,0x4A,0xFF,0xFF,0xFF,0xDE,0x0,0x0,0x0,0x0,0x0,0x0,0x0,0x0,
        0x0,0x0,0x0,0x0,0x0,0x0,0x0,0x4A,0xDE,0x4A,0x0,0x0,0x6B,0x94,0x0,0x0,0x6B,0xFF,0xDE,0x21,0x6B,0xDE,0x0,0x0,0xFF,0xFF,0xFF,0x4A,0x0,0xB5,0xFF,0xFF,0xFF,0x94,0x6B,0xFF,0xFF,0xDE,0x0,0x0,0x0,0xFF,0xFF,0x0,0xFF,0xFF,0xFF,0xFF,0x6B,0x21,0x0,0x0,0x0,0x0,0x0,0x0,
        0x0,0x0,0x0,0x0,0x0,0x0,0x0,0x21,0x4A,0x0,0x0,0x21,0xFF,0xFF,0x0,0x0,0xFF,0x94,0x21,0xDE,0xB5,0xDE,0x4A,0x21,0xDE,0xFF,0xFF,0x94,0x0,0x4A,0xFF,0xFF,0xFF,0xDE,0x0,0x0,0x94,0x4A,0x0,0x0,0x0,0xB5,0xFF,0x4A,0x94,0xFF,0xFF,0xFF,0xFF,0xB5,0x0,0x0,0x0,0x0,0x0,0x0,
        0x0,0x0,0x0,0x0,0x0,0x0,0x0,0x0,0x0,0x0,0x0,0x0,0xDE,0xFF,0x21,0x0,0xB5,0x6B,0x6B,0xFF,0x4A,0x6B,0xB5,0x4A,0xFF,0xFF,0xFF,0xDE,0x0,0x0,0xFF,0xFF,0xFF,0xFF,0xDE,0x4A,0x0,0x0,0x0,0x0,0x4A,0xFF,0xFF,0x4A,0x4A,0xFF,0xFF,0xFF,0xFF,0xFF,0x0,0x0,0x0,0x0,0x0,0x0,
        0x0,0x0,0x0,0x0,0x0,0x0,0x0,0x0,0x0,0x0,0x0,0x0,0x94,0xFF,0x4A,0x4A,0xFF,0xB5,0x4A,0xDE,0x0,0x0,0xFF,0x0,0xFF,0xFF,0xFF,0xFF,0x21,0x0,0xB5,0xFF,0xFF,0xFF,0xFF,0xFF,0xB5,0x6B,0x0,0x21,0x94,0xFF,0xFF,0x0,0x0,0xFF,0xFF,0xFF,0xFF,0xFF,0x4A,0x0,0x0,0x0,0x0,0x0,
        0x0,0x0,0x0,0x0,0x0,0x0,0x0,0x0,0x0,0x0,0x0,0x0,0x21,0xDE,0x0,0x0,0xFF,0xB5,0x0,0xFF,0x6B,0x94,0xFF,0x21,0xB5,0xFF,0xFF,0xFF,0x94,0x0,0x4A,0xFF,0xFF,0xFF,0xFF,0xFF,0xFF,0xFF,0xDE,0xFF,0xFF,0xFF,0xFF,0x4A,0x6B,0xFF,0xFF,0xFF,0xFF,0xFF,0x94,0x0,0x0,0x0,0x0,0x0,
        0x0,0x0,0x0,0x0,0x0,0x0,0x0,0x0,0x0,0x0,0x0,0x0,0xB5,0xFF,0x21,0x0,0xB5,0x4A,0x0,0x94,0xFF,0xFF,0x94,0x0,0xB5,0xFF,0xFF,0xFF,0xDE,0x0,0x0,0xFF,0xFF,0xFF,0xFF,0xFF,0xFF,0xFF,0xFF,0xFF,0xFF,0xFF,0xFF,0x94,0xDE,0xFF,0xFF,0xFF,0xFF,0xFF,0x6B,0x0,0x0,0x0,0x0,0x0,
        0x0,0x0,0x0,0x0,0x0,0x0,0x0,0x0,0x0,0x0,0x0,0x0,0x94,0xFF,0x6B,0x0,0x6B,0x94,0x0,0x0,0x21,0x94,0x21,0x21,0xFF,0xFF,0xFF,0xFF,0xFF,0x21,0x0,0xB5,0xFF,0xFF,0xFF,0xFF,0xFF,0xFF,0xFF,0xFF,0xFF,0xFF,0xDE,0x4A,0xFF,0xFF,0xFF,0xFF,0xFF,0xFF,0x21,0x0,0x0,0x0,0x0,0x0,
        0x0,0x0,0x0,0x0,0x0,0x0,0x0,0x0,0x0,0x0,0x0,0x0,0x4A,0xFF,0xDE,0x0,0x0,0xFF,0x0,0x0,0x0,0x0,0x0,0xDE,0xFF,0xFF,0xFF,0xFF,0xFF,0x94,0x0,0x6B,0xFF,0xFF,0xFF,0xFF,0xFF,0xFF,0xFF,0xFF,0xFF,0xFF,0xFF,0xFF,0xFF,0xFF,0xFF,0xFF,0xFF,0xFF,0x4A,0x0,0x0,0x0,0x0,0x0,
        0x0,0x0,0x0,0x0,0x0,0x0,0x0,0x0,0x0,0x0,0x0,0x0,0x0,0xFF,0xFF,0x21,0xB5,0xFF,0x4A,0x0,0x0,0x0,0x4A,0xFF,0xFF,0xFF,0xFF,0xFF,0xFF,0xDE,0x0,0x0,0xFF,0xFF,0xFF,0xFF,0xFF,0xFF,0xFF,0xFF,0xFF,0xFF,0xFF,0xFF,0xFF,0xFF,0xFF,0xFF,0xFF,0xDE,0x0,0x0,0x0,0x0,0x0,0x0,
        0x0,0x0,0x0,0x0,0x0,0x0,0x0,0x0,0x0,0x0,0x0,0x0,0x6B,0xFF,0xFF,0x6B,0x6B,0xFF,0xDE,0x6B,0x0,0x4A,0xB5,0xFF,0xFF,0xFF,0xFF,0xFF,0xFF,0xFF,0x21,0x0,0xB5,0xFF,0xFF,0xFF,0xFF,0xFF,0xFF,0xFF,0xFF,0xFF,0xFF,0xFF,0xFF,0xFF,0xFF,0xFF,0xFF,0xFF,0x0,0x0,0x0,0x0,0x0,0x0,
        0x0,0x0,0x0,0x0,0x0,0x0,0x0,0x0,0x0,0x0,0x0,0x0,0xB5,0xFF,0xFF,0xDE,0x21,0xFF,0xFF,0xFF,0xFF,0xFF,0xFF,0xFF,0xFF,0xFF,0xFF,0xFF,0xFF,0xFF,0x6B,0x0,0x6B,0xFF,0xFF,0xFF,0xFF,0xFF,0xFF,0xFF,0xFF,0xFF,0xFF,0xFF,0xFF,0xFF,0xFF,0xFF,0xFF,0x6B,0x0,0x0,0x0,0x0,0x0,0x0,
        0x0,0x0,0x0,0x0,0x0,0x0,0x0,0x0,0x0,0x0,0x0,0x0,0xFF,0xFF,0xFF,0xFF,0x0,0x0,0xDE,0xFF,0xFF,0xFF,0xFF,0xFF,0xFF,0xFF,0xFF,0xFF,0xFF,0xFF,0xDE,0x0,0x0,0xFF,0xFF,0xFF,0xFF,0xFF,0xFF,0xFF,0xFF,0xFF,0xFF,0xFF,0xFF,0xB5,0x0,0x4A,0xFF,0xB5,0x0,0x0,0x0,0x0,0x0,0x0,
        0x0,0x0,0x0,0x0,0x0,0x0,0x0,0x0,0x0,0x0,0x0,0x0,0xDE,0xFF,0xFF,0xFF,0x6B,0x0,0x6B,0xFF,0xFF,0xFF,0xFF,0xFF,0xFF,0xFF,0xFF,0xFF,0xFF,0xFF,0xFF,0x21,0x0,0xB5,0xFF,0xFF,0xFF,0xFF,0xFF,0xFF,0xFF,0xFF,0xFF,0xFF,0xFF,0x4A,0x0,0x4A,0xFF,0xFF,0x0,0x0,0x0,0x0,0x0,0x0,
        0x0,0x0,0x0,0x0,0x0,0x0,0x0,0x0,0x0,0x0,0x0,0x94,0xFF,0xFF,0xFF,0xFF,0xFF,0xB5,0x4A,0x94,0xFF,0xFF,0xFF,0xFF,0xFF,0xFF,0xFF,0xFF,0xFF,0xFF,0xFF,0x6B,0x0,0x6B,0xFF,0xFF,0xFF,0xFF,0xFF,0xFF,0xFF,0xFF,0xFF,0xFF,0xDE,0x0,0x0,0xB5,0xFF,0x6B,0x0,0x0,0x0,0x0,0x0,0x0,
        0x0,0x0,0x0,0x0,0x0,0x0,0x0,0x0,0x0,0x0,0x0,0x21,0xFF,0xFF,0xFF,0xFF,0xFF,0xFF,0xFF,0x94,0xFF,0xFF,0xFF,0xFF,0xFF,0xFF,0xFF,0xFF,0xFF,0xFF,0xFF,0xDE,0x0,0x0,0xFF,0xFF,0xFF,0xFF,0xFF,0xFF,0xFF,0xFF,0xFF,0xFF,0x4A,0x0,0x0,0x94,0xDE,0x21,0x0,0x0,0x0,0x0,0x0,0x0,
        0x0,0x0,0x0,0x0,0x0,0x0,0x0,0x0,0x0,0x0,0x0,0x0,0xDE,0xFF,0xFF,0xFF,0xFF,0xFF,0xFF,0xFF,0xFF,0xFF,0xFF,0xFF,0xFF,0xFF,0xFF,0xFF,0xFF,0xFF,0xFF,0xFF,0x21,0x0,0xDE,0xFF,0xFF,0xFF,0xFF,0xFF,0xFF,0xFF,0xDE,0x21,0x0,0x0,0x21,0xFF,0x94,0x0,0x0,0x0,0x0,0x0,0x0,0x0,
        0x0,0x0,0x0,0x0,0x0,0x0,0x0,0x0,0x0,0x0,0x0,0x0,0x94,0xFF,0xFF,0xFF,0xFF,0xFF,0xFF,0xFF,0xFF,0xFF,0xFF,0xFF,0xFF,0xFF,0xFF,0xFF,0xFF,0xFF,0xFF,0xFF,0xB5,0xB5,0xFF,0xFF,0xFF,0xFF,0xFF,0xFF,0xFF,0xDE,0x6B,0x0,0x0,0x0,0xB5,0xFF,0x21,0x0,0x0,0x0,0x0,0x0,0x0,0x0,
        0x0,0x0,0x0,0x0,0x0,0x0,0x0,0x0,0x0,0x0,0x0,0x0,0x21,0x94,0xFF,0xFF,0xFF,0xFF,0xFF,0xFF,0xFF,0xFF,0xFF,0xFF,0xFF,0xFF,0xFF,0xFF,0xFF,0xFF,0xFF,0xFF,0xFF,0xFF,0xFF,0xFF,0xFF,0xFF,0xFF,0xFF,0xFF,0x21,0x0,0x0,0x0,0x21,0xDE,0x6B,0x0,0x0,0x0,0x0,0x0,0x0,0x0,0x0,
        0x0,0x0,0x0,0x0,0x0,0x0,0x0,0x0,0x0,0x0,0x0,0x0,0x0,0x0,0xDE,0xFF,0xFF,0xFF,0xFF,0xFF,0xFF,0xFF,0xFF,0xFF,0xFF,0xFF,0xFF,0xFF,0xFF,0xFF,0xFF,0xFF,0xFF,0xFF,0xFF,0xFF,0xFF,0xFF,0xFF,0xB5,0x21,0x0,0x0,0x0,0x0,0x21,0x4A,0x0,0x0,0x0,0x0,0x0,0x0,0x0,0x0,0x0,
        0x0,0x0,0x0,0x0,0x0,0x0,0x0,0x0,0x0,0x0,0x0,0x0,0x0,0x0,0x21,0x6B,0xFF,0xFF,0xFF,0xDE,0x94,0xFF,0xFF,0xFF,0xFF,0xFF,0xFF,0xFF,0xFF,0xFF,0xFF,0xFF,0xFF,0xFF,0xFF,0xFF,0xFF,0xFF,0xFF,0x6B,0x0,0x0,0x0,0x0,0x0,0x0,0x0,0x0,0x0,0x0,0x0,0x0,0x0,0x0,0x0,0x0,
        0x0,0x0,0x0,0x0,0x0,0x0,0x0,0x0,0x0,0x0,0x0,0x0,0x0,0x0,0x0,0x21,0xDE,0xFF,0xFF,0x0,0x0,0x21,0xB5,0xFF,0xFF,0xFF,0xFF,0xFF,0xFF,0xFF,0xFF,0xFF,0xFF,0xFF,0xFF,0xFF,0xFF,0xFF,0xFF,0x0,0x0,0x0,0x0,0x0,0x0,0x0,0x0,0x0,0x0,0x0,0x0,0x0,0x0,0x0,0x0,0x0,
        0x0,0x0,0x0,0x0,0x0,0x0,0x0,0x0,0x0,0x0,0x0,0x0,0x0,0x0,0x0,0x0,0x0,0xB5,0xFF,0x6B,0x21,0x0,0x0,0x4A,0x4A,0x4A,0xB5,0x94,0xFF,0xDE,0xFF,0xFF,0xFF,0xFF,0xFF,0xFF,0xFF,0xFF,0x4A,0x0,0x0,0x0,0x0,0x0,0x0,0x0,0x0,0x0,0x0,0x0,0x0,0x0,0x0,0x0,0x0,0x0,
        0x0,0x0,0x0,0x0,0x0,0x0,0x0,0x0,0x0,0x0,0x0,0x0,0x0,0x0,0x0,0x0,0x0,0x6B,0xFF,0xFF,0xB5,0x0,0x0,0x0,0x0,0x0,0x0,0x0,0x0,0x0,0x6B,0xDE,0xFF,0xFF,0xFF,0xFF,0xFF,0xB5,0x0,0x0,0x0,0x0,0x0,0x0,0x0,0x0,0x0,0x0,0x0,0x0,0x0,0x0,0x0,0x0,0x0,0x0,
        0x0,0x0,0x0,0x0,0x0,0x0,0x0,0x0,0x0,0x0,0x0,0x0,0x0,0x0,0x0,0x0,0x0,0x0,0x4A,0xFF,0xFF,0xB5,0x0,0x0,0x0,0x0,0x0,0x0,0x0,0x0,0x0,0x0,0x4A,0xDE,0xFF,0xFF,0xFF,0x4A,0x0,0x0,0x0,0x0,0x0,0x0,0x0,0x0,0x0,0x0,0x0,0x0,0x0,0x0,0x0,0x0,0x0,0x0,
        0x0,0x0,0x0,0x0,0x0,0x0,0x0,0x0,0x0,0x0,0x0,0x0,0x0,0x0,0x0,0x0,0x0,0x0,0x0,0x0,0x6B,0xDE,0xFF,0x94,0x4A,0x0,0x0,0x0,0x0,0x0,0x0,0x0,0x0,0x0,0x4A,0xFF,0xFF,0x21,0x0,0x0,0x0,0x0,0x0,0x0,0x0,0x0,0x0,0x0,0x0,0x0,0x0,0x0,0x0,0x0,0x0,0x0,
        0x0,0x0,0x0,0x0,0x0,0x0,0x0,0x0,0x0,0x0,0x0,0x0,0x0,0x0,0x0,0x0,0x0,0x0,0x0,0x0,0x0,0x21,0x4A,0xDE,0x6B,0x0,0x0,0x0,0x0,0x0,0x0,0x0,0x0,0x0,0x0,0x94,0xFF,0x6B,0x0,0x0,0x0,0x0,0x0,0x0,0x0,0x0,0x0,0x0,0x0,0x0,0x0,0x0,0x0,0x0,0x0,0x0,
        0x0,0x0,0x0,0x0,0x0,0x0,0x0,0x0,0x0,0x0,0x0,0x0,0x0,0x0,0x0,0x0,0x0,0x0,0x0,0x0,0x0,0x0,0x0,0x0,0x0,0x0,0x0,0x0,0x0,0x0,0x0,0x0,0x0,0x0,0x0,0x4A,0x0,0x0,0x0,0x0,0x0,0x0,0x0,0x0,0x0,0x0,0x0,0x0,0x0,0x0,0x0,0x0,0x0,0x0,0x0,0x0
    }
};

const gfx_sprite_t sprite_gaster_blaster_0_12 = {
    .width = 56,
    .height = 56,
    .data = {
        0x0,0x0,0x0,0x0,0x0,0x0,0x0,0x0,0x0,0x0,0x0,0x0,0x0,0x0,0x0,0x0,0x0,0x0,0x0,0x0,0x0,0x0,0x0,0x0,0x0,0x0,0x0,0x0,0x0,0x0,0x0,0x0,0x0,0x0,0x0,0x0,0x0,0x0,0x0,0x0,0x0,0x0,0x0,0x0,0x0,0x0,0x0,0x0,0x0,0x0,0x0,0x0,0x0,0x0,0x0,0x0,
        0x0,0x0,0x0,0x0,0x0,0x0,0x0,0x0,0x0,0x0,0x0,0x0,0x0,0x0,0x0,0x0,0x0,0x0,0x0,0x0,0x0,0x0,0x0,0x0,0x0,0x0,0x0,0x0,0x0,0x0,0x0,0x0,0x0,0x0,0x0,0x0,0x0,0x0,0x0,0x0,0x0,0x0,0x0,0x0,0x0,0x0,0x0,0x0,0x0,0x0,0x0,0x0,0x0,0x0,0x0,0x0,
        0x0,0x0,0x0,0x0,0x0,0x0,0x0,0x0,0x0,0x0,0x0,0x0,0x0,0x0,0x0,0x0,0x0,0x0,0x0,0x0,0x0,0x0,0x0,0x0,0x0,0x0,0x0,0x0,0x0,0x0,0x0,0x0,0x0,0x0,0x0,0x0,0x0,0x0,0x0,0x0,0x0,0x0,0x0,0x0,0x0,0x0,0x0,0x0,0x0,0x0,0x0,0x0,0x0,0x0,0x0,0x0,
        0x0,0x0,0x0,0x0,0x0,0x0,0x0,0x0,0x0,0x0,0x0,0x0,0x0,0x0,0x0,0x0,0x0,0x0,0x0,0x0,0x0,0x0,0x0,0x0,0x0,0x0,0x0,0x0,0x0,0x0,0x0,0x0,0x0,0x0,0x0,0x0,0x0,0x0,0x0,0x0,0x0,0x0,0x0,0x0,0x0,0x0,0x0,0x0,0x0,0x0,0x0,0x0,0x0,0x0,0x0,0x0,
        0x0,0x0,0x0,0x0,0x0,0x0,0x0,0x0,0x0,0x0,0x0,0x0,0x0,0x0,0x0,0x0,0x0,0x0,0x0,0x0,0x0,0x0,0x0,0x0,0x0,0x0,0x0,0x0,0x0,0x0,0x0,0x0,0x0,0x0,0x0,0x0,0x0,0x0,0x0,0x0,0x0,0x0,0x0,0x0,0x0,0x0,0x0,0x0,0x0,0x0,0x0,0x0,0x0,0x0,0x0,0x0,
        0x0,0x0,0x0,0x0,0x0,0x0,0x0,0x0,0x0,0x0,0x0,0x0,0x0,0x0,0x21,0xB5,0x6B,0x4A,0x0,0x0,0x0,0x0,0x0,0x0,0x0,0x0,0x0,0x0,0x0,0x0,0x0,0x0,0x0,0x0,0x0,0x0,0x0,0x0,0x0,0x0,0x0,0x0,0x0,0x0,0x0,0x0,0x0,0x0,0x0,0x0,0x0,0x0,0x0,0x0,0x0,0x0,
        0x0,0x0,0x0,0x0,0x0,0x0,0x0,0x0,0x0,0x0,0x0,0x0,0x0,0x6B,0xFF,0xFF,0xFF,0xFF,0x6B,0x4A,0x0,0x0,0x0,0x0,0x0,0x0,0x0,0x0,0x0,0x0,0x0,0x0,0x0,0x0,0x0,0x0,0x0,0x0,0x0,0x0,0x0,0x0,0x0,0x0,0x0,0x0,0x0,0x0,0x0,0x0,0x0,0x0,0x0,0x0,0x0,0x0,
        0x0,0x0,0x0,0x0,0x0,0x0,0x0,0x0,0x0,0x0,0x0,0x0,0x94,0xFF,0xFF,0xFF,0xFF,0xFF,0xFF,0xFF,0x4A,0x4A,0x0,0x0,0x0,0x0,0x0,0x0,0x0,0x0,0x0,0x0,0x0,0x0,0x0,0x0,0x0,0x0,0x0,0x0,0x0,0x0,0x0,0x0,0x0,0x0,0x0,0x0,0x0,0x0,0x0,0x0,0x0,0x0,0x0,0x0,
        0x0,0x0,0x0,0x0,0x0,0x0,0x0,0x0,0x0,0x0,0x21,0xDE,0xFF,0xFF,0xFF,0xFF,0xFF,0xB5,0xB5,0xB5,0x4A,0xFF,0x4A,0x4A,0x21,0x0,0x0,0x0,0x0,0x21,0x0,0x0,0x0,0x0,0x0,0x0,0x0,0x0,0x0,0x0,0x0,0x0,0x0,0x0,0x0,0x0,0x0,0x0,0x0,0x0,0x0,0x0,0x0,0x0,0x0,0x0,
        0x0,0x0,0x0,0x0,0x0,0x0,0x0,0x0,0x0,0x4A,0xFF,0xFF,0xFF,0xFF,0xFF,0xFF,0xFF,0xB5,0x0,0xFF,0x4A,0x94,0xFF,0xFF,0xFF,0xFF,0xB5,0xB5,0xB5,0xFF,0xDE,0xB5,0x94,0x6B,0x21,0x0,0x0,0x0,0x0,0x0,0x0,0x0,0x0,0x0,0x0,0x0,0x0,0x0,0x0,0x0,0x0,0x0,0x0,0x0,0x0,0x0,
        0x0,0x0,0x0,0x0,0x0,0x0,0x0,0x0,0x0,0x6B,0xFF,0xFF,0xFF,0xFF,0xFF,0xFF,0xFF,0xFF,0x21,0x4A,0xFF,0x0,0xB5,0xDE,0xFF,0xFF,0xFF,0xFF,0xFF,0xFF,0xFF,0xFF,0xFF,0xFF,0xFF,0xDE,0x21,0x0,0x0,0x0,0x0,0x0,0x0,0x0,0x0,0x0,0x0,0x0,0x0,0x0,0x0,0x0,0x0,0x0,0x0,0x0,
        0x0,0x0,0x0,0x0,0x0,0x0,0x0,0x0,0x0,0x94,0xFF,0xFF,0xFF,0xFF,0xFF,0xFF,0xFF,0xFF,0x0,0x0,0x21,0x0,0x0,0x0,0xDE,0xB5,0x4A,0x6B,0xFF,0xFF,0xFF,0xFF,0xFF,0xFF,0xFF,0xFF,0xFF,0xB5,0x0,0x0,0x0,0x0,0x0,0x0,0x0,0x0,0x0,0x0,0x0,0x0,0x0,0x0,0x0,0x0,0x0,0x0,
        0x0,0x0,0x0,0x0,0x0,0x0,0x0,0x0,0x0,0x0,0xFF,0xFF,0xB5,0xFF,0xFF,0xFF,0xFF,0xFF,0x94,0x0,0x0,0x0,0x0,0x0,0x21,0xFF,0x21,0x0,0x6B,0x6B,0xFF,0xFF,0xFF,0xFF,0xFF,0xFF,0xFF,0xFF,0x94,0x0,0x0,0x0,0x0,0x0,0x0,0x0,0x0,0x0,0x0,0x0,0x0,0x0,0x0,0x0,0x0,0x0,
        0x0,0x0,0x0,0x0,0x0,0x0,0x0,0x0,0x0,0x4A,0xFF,0xFF,0x21,0xB5,0xB5,0xFF,0xFF,0x94,0x0,0x4A,0xB5,0x0,0x0,0x0,0x0,0x6B,0xDE,0x0,0x0,0x0,0x6B,0xFF,0xFF,0xFF,0xFF,0xFF,0x94,0xDE,0xFF,0x6B,0xFF,0x4A,0x0,0x0,0x0,0x0,0x0,0x0,0x0,0x0,0x0,0x0,0x0,0x0,0x0,0x0,
        0x0,0x0,0x0,0x0,0x0,0x0,0x0,0x0,0x0,0x0,0xB5,0xB5,0xB5,0x0,0x0,0xB5,0x6B,0x0,0x0,0x0,0xDE,0x6B,0x0,0x0,0x0,0x0,0x94,0x94,0x0,0x0,0x0,0xB5,0xFF,0xFF,0xFF,0xFF,0x4A,0x0,0x21,0x0,0x4A,0x0,0x0,0x0,0x0,0x0,0x0,0x0,0x0,0x0,0x0,0x0,0x0,0x0,0x0,0x0,
        0x0,0x0,0x0,0x0,0x0,0x0,0x0,0x0,0x0,0x0,0xDE,0x0,0xB5,0x6B,0x0,0x0,0x0,0x0,0x0,0x0,0x21,0xFF,0x21,0x0,0x0,0x94,0x0,0xDE,0x4A,0x0,0x0,0x4A,0x21,0x6B,0x6B,0xFF,0xFF,0x0,0x0,0x0,0x0,0x0,0x0,0x0,0x0,0x0,0x0,0x0,0x0,0x0,0x0,0x0,0x0,0x0,0x0,0x0,
        0x0,0x0,0x0,0x0,0x0,0x0,0x0,0x0,0x0,0x0,0x6B,0xB5,0x0,0x6B,0x0,0x4A,0xB5,0x0,0x0,0x0,0x0,0x6B,0xDE,0x4A,0x21,0xDE,0x94,0x21,0xFF,0x21,0x21,0x6B,0xB5,0x0,0x0,0x6B,0x94,0xB5,0x21,0x0,0x0,0x0,0x0,0x0,0x0,0x0,0x0,0x0,0x0,0x0,0x0,0x0,0x0,0x0,0x0,0x0,
        0x0,0x0,0x0,0x0,0x0,0x0,0x0,0x0,0x0,0x0,0x6B,0xFF,0x6B,0x0,0x0,0x0,0xDE,0x6B,0x0,0x0,0x0,0x0,0xDE,0xFF,0xFF,0xFF,0xFF,0xB5,0xFF,0xFF,0xFF,0x0,0xDE,0x6B,0x0,0x0,0x0,0xB5,0xFF,0xB5,0x0,0x0,0x0,0x0,0x0,0x0,0x0,0x0,0x0,0x0,0x0,0x0,0x0,0x0,0x0,0x0,
        0x0,0x0,0x0,0x0,0x0,0x0,0x0,0x0,0x0,0x0,0x94,0xFF,0x94,0x0,0x0,0x0,0x21,0xFF,0x21,0x0,0x0,0x21,0xFF,0xFF,0xFF,0xFF,0xFF,0xFF,0xFF,0xFF,0xFF,0xFF,0xFF,0xFF,0x4A,0x0,0x0,0x21,0xFF,0xFF,0x6B,0x0,0x0,0x0,0x0,0x0,0x0,0x0,0x0,0x0,0x0,0x0,0x0,0x0,0x0,0x0,
        0x0,0x0,0x0,0x0,0x0,0x0,0x0,0x0,0x0,0x0,0xDE,0xFF,0xB5,0x0,0x0,0x0,0x0,0x6B,0xDE,0x6B,0x21,0x94,0xFF,0xFF,0xFF,0xFF,0xFF,0xFF,0xFF,0xFF,0xFF,0xFF,0xFF,0xFF,0xDE,0x0,0x0,0x0,0x6B,0xDE,0xFF,0x6B,0x4A,0x0,0x0,0x0,0x0,0x0,0x0,0x0,0x0,0x0,0x0,0x0,0x0,0x0,
        0x0,0x0,0x0,0x0,0x0,0x0,0x0,0x0,0x0,0x0,0xFF,0xFF,0xFF,0x6B,0x0,0x0,0x0,0x0,0xDE,0xFF,0xFF,0xFF,0xFF,0x6B,0x6B,0x6B,0xFF,0xFF,0xFF,0xFF,0xFF,0xFF,0xFF,0xFF,0xFF,0xDE,0xDE,0x0,0x0,0x0,0x6B,0xFF,0xFF,0x21,0x0,0x0,0x0,0x0,0x0,0x0,0x0,0x0,0x0,0x0,0x0,0x0,
        0x0,0x0,0x0,0x0,0x0,0x0,0x0,0x0,0x0,0x0,0xFF,0xDE,0x21,0xFF,0x21,0x0,0x21,0x21,0xFF,0xFF,0xFF,0xDE,0x21,0x0,0x0,0x0,0x6B,0xFF,0xFF,0xFF,0xFF,0xFF,0xFF,0xDE,0xFF,0x94,0x94,0xDE,0xDE,0x0,0x0,0xB5,0xFF,0xB5,0x0,0x0,0x0,0x0,0x0,0x0,0x0,0x0,0x0,0x0,0x0,0x0,
        0x0,0x0,0x0,0x0,0x0,0x0,0x0,0x0,0x0,0x21,0xFF,0xFF,0x0,0x6B,0xDE,0x0,0xDE,0xDE,0xFF,0xFF,0xFF,0x21,0x0,0x0,0x0,0x0,0x0,0xB5,0xFF,0xFF,0xFF,0xFF,0x94,0x0,0x94,0x21,0x0,0xDE,0xFF,0x94,0x0,0x0,0xDE,0xFF,0xDE,0xDE,0xB5,0x0,0x0,0x0,0x0,0x0,0x0,0x0,0x0,0x0,
        0x0,0x0,0x0,0x0,0x0,0x0,0x0,0x0,0x21,0xDE,0xFF,0xDE,0x0,0x0,0x94,0x94,0x21,0xFF,0xFF,0xFF,0xFF,0x0,0x0,0x0,0x0,0x0,0x0,0x6B,0xFF,0xFF,0xDE,0x4A,0x4A,0xFF,0xFF,0xFF,0x94,0x21,0x21,0xDE,0x4A,0x0,0x4A,0xFF,0xFF,0xFF,0xFF,0xB5,0x94,0x0,0x0,0x0,0x0,0x0,0x0,0x0,
        0x0,0x0,0x0,0x0,0x0,0x0,0x0,0x0,0x21,0xFF,0xFF,0xFF,0x6B,0x0,0x0,0xDE,0x4A,0x94,0xFF,0xFF,0xFF,0x4A,0x0,0x0,0x0,0x0,0x0,0x94,0xFF,0xFF,0x0,0x0,0x94,0xB5,0x21,0x21,0xDE,0x4A,0x0,0x21,0xFF,0x6B,0x4A,0x6B,0xFF,0xFF,0xFF,0xFF,0xFF,0xB5,0x0,0x0,0x0,0x0,0x0,0x0,
        0x0,0x0,0x0,0x0,0x0,0x0,0x0,0x0,0x6B,0xFF,0xFF,0xFF,0x21,0x0,0x0,0x21,0xFF,0xFF,0xFF,0xFF,0xFF,0xFF,0x0,0x0,0x0,0x0,0x0,0x0,0xFF,0xFF,0x94,0x0,0x0,0xDE,0x6B,0x0,0x6B,0xFF,0x0,0x0,0x6B,0xFF,0xFF,0x0,0xB5,0xFF,0xFF,0xFF,0xFF,0xFF,0x6B,0x0,0x0,0x0,0x0,0x0,
        0x0,0x0,0x0,0x0,0x0,0x0,0x0,0x0,0x94,0xFF,0xFF,0xFF,0xDE,0x0,0x0,0x0,0xB5,0xFF,0xFF,0xFF,0xFF,0xFF,0xB5,0x6B,0x0,0x0,0x0,0x4A,0xFF,0xFF,0xFF,0x6B,0x6B,0x21,0xFF,0x94,0xFF,0xB5,0x0,0x0,0x0,0xB5,0xFF,0x94,0x0,0xFF,0xFF,0xFF,0xFF,0xFF,0xFF,0x21,0x0,0x0,0x0,0x0,
        0x0,0x0,0x0,0x0,0x0,0x0,0x0,0x0,0xB5,0xFF,0xFF,0xFF,0xFF,0x94,0x0,0x0,0xFF,0xFF,0xFF,0xFF,0xFF,0xFF,0xFF,0xFF,0xB5,0x4A,0x0,0x0,0x94,0xFF,0xFF,0xFF,0xFF,0x4A,0x6B,0xDE,0xFF,0x94,0x0,0x0,0x0,0xDE,0xFF,0x4A,0x0,0x6B,0xFF,0xFF,0xFF,0xFF,0xFF,0x21,0x0,0x0,0x0,0x0,
        0x0,0x0,0x0,0x0,0x0,0x0,0x0,0x0,0xDE,0xFF,0xFF,0xFF,0xFF,0xDE,0x94,0x94,0x4A,0xFF,0xFF,0xFF,0xFF,0xFF,0xFF,0xFF,0xFF,0xFF,0x94,0x0,0x0,0xDE,0xFF,0xFF,0xFF,0xFF,0x21,0x0,0x21,0x0,0x0,0x0,0x0,0xDE,0xFF,0xDE,0x0,0xB5,0xFF,0xFF,0xFF,0xFF,0xFF,0x6B,0x0,0x0,0x0,0x0,
        0x0,0x0,0x0,0x0,0x0,0x0,0x0,0x21,0xFF,0xFF,0xFF,0xFF,0xFF,0xB5,0x0,0xFF,0xDE,0xFF,0xFF,0xFF,0xFF,0xFF,0xB5,0x6B,0xFF,0xFF,0xFF,0x6B,0x0,0x21,0xFF,0xFF,0xFF,0xFF,0xDE,0xDE,0x94,0x4A,0x4A,0x4A,0xDE,0xFF,0xFF,0xFF,0x94,0xDE,0xFF,0xFF,0xFF,0xFF,0xFF,0xB5,0x0,0x0,0x0,0x0,
        0x0,0x0,0x0,0x0,0x0,0x0,0x0,0x0,0xB5,0xFF,0xFF,0xFF,0xFF,0x6B,0x0,0x4A,0xFF,0xFF,0xFF,0xFF,0xFF,0x6B,0x0,0x0,0x94,0xFF,0xFF,0xFF,0x21,0x0,0x6B,0xFF,0xFF,0xFF,0xFF,0xFF,0xFF,0xFF,0xFF,0xFF,0xFF,0xFF,0xFF,0xFF,0x21,0xDE,0xFF,0xFF,0xFF,0xFF,0xFF,0x94,0x0,0x0,0x0,0x0,
        0x0,0x0,0x0,0x0,0x0,0x0,0x0,0x0,0xB5,0xFF,0xFF,0xDE,0xFF,0xFF,0x0,0x0,0x94,0xFF,0xFF,0xDE,0x4A,0x4A,0x94,0x0,0x0,0xFF,0xFF,0xFF,0xDE,0x0,0x0,0xB5,0xFF,0xFF,0xFF,0xFF,0xFF,0xFF,0xFF,0xFF,0xFF,0xFF,0xFF,0xFF,0xFF,0xFF,0xFF,0xFF,0xFF,0xFF,0xFF,0xFF,0x21,0x0,0x0,0x0,
        0x0,0x0,0x0,0x0,0x0,0x0,0x0,0x0,0x6B,0xFF,0xFF,0x0,0xB5,0xDE,0x0,0x0,0x0,0xB5,0xFF,0xB5,0x94,0xFF,0xDE,0x6B,0x4A,0xFF,0xFF,0xFF,0xFF,0x94,0x0,0x0,0xFF,0xFF,0xFF,0xFF,0xFF,0xFF,0xFF,0xFF,0xFF,0xFF,0xFF,0xFF,0xFF,0xFF,0xFF,0xFF,0xFF,0xFF,0xFF,0xDE,0x0,0x0,0x0,0x0,
        0x0,0x0,0x0,0x0,0x0,0x0,0x0,0x0,0x0,0xB5,0xDE,0x0,0x0,0xFF,0x4A,0x0,0x0,0xB5,0xDE,0x21,0xB5,0xB5,0x21,0xFF,0x21,0xB5,0xFF,0xFF,0xFF,0xFF,0x4A,0x0,0x4A,0xFF,0xFF,0xFF,0xFF,0xFF,0xFF,0xFF,0xFF,0xFF,0xFF,0xFF,0xFF,0xFF,0xFF,0xFF,0xFF,0xB5,0xDE,0xFF,0x94,0x0,0x0,0x0,
        0x0,0x0,0x0,0x0,0x0,0x0,0x0,0x0,0x0,0x0,0xB5,0x0,0x0,0x4A,0xDE,0x0,0x0,0x94,0x94,0x0,0xFF,0x6B,0x0,0x6B,0xDE,0x0,0xDE,0xFF,0xFF,0xFF,0xFF,0x0,0x0,0x94,0xFF,0xFF,0xFF,0xFF,0xFF,0xFF,0xFF,0xFF,0xFF,0xFF,0xFF,0xFF,0xFF,0xFF,0x94,0x0,0x4A,0xFF,0xFF,0x21,0x0,0x0,
        0x0,0x0,0x0,0x0,0x0,0x0,0x0,0x0,0x0,0x6B,0x94,0x0,0x0,0xB5,0xFF,0xB5,0x0,0x21,0xFF,0x6B,0x6B,0xDE,0x21,0xB5,0xDE,0x0,0x94,0xFF,0xFF,0xFF,0xFF,0xB5,0x0,0x0,0xB5,0xFF,0xFF,0xFF,0xFF,0xFF,0xFF,0xFF,0xFF,0xFF,0xFF,0xFF,0xFF,0xFF,0x94,0x0,0x6B,0xFF,0xDE,0x0,0x0,0x0,
        0x0,0x0,0x0,0x0,0x0,0x0,0x0,0x0,0x0,0xB5,0x0,0x0,0x0,0x21,0xFF,0xFF,0x21,0x6B,0xFF,0xDE,0x0,0xB5,0xFF,0xFF,0xDE,0x0,0xDE,0xFF,0xFF,0xFF,0xFF,0xFF,0x6B,0x0,0x21,0xFF,0xFF,0xFF,0xFF,0xFF,0xFF,0xFF,0xFF,0xFF,0xFF,0xFF,0xFF,0xFF,0x6B,0x0,0x0,0xFF,0x94,0x0,0x0,0x0,
        0x0,0x0,0x0,0x0,0x0,0x0,0x0,0x0,0x0,0x0,0x0,0x0,0x0,0x0,0x6B,0xDE,0x0,0x0,0x94,0x94,0x0,0x0,0x21,0x6B,0x0,0x21,0xFF,0xFF,0xFF,0xFF,0xFF,0xFF,0xFF,0x21,0x0,0x4A,0xFF,0xFF,0xFF,0xFF,0xFF,0xFF,0xFF,0xFF,0xFF,0xFF,0xFF,0xFF,0x0,0x0,0x0,0xDE,0x94,0x0,0x0,0x0,
        0x0,0x0,0x0,0x0,0x0,0x0,0x0,0x0,0x0,0x0,0x0,0x0,0x0,0x0,0x0,0xDE,0x94,0x0,0x0,0xDE,0x4A,0x0,0x0,0x0,0x0,0x21,0xFF,0xFF,0xFF,0xFF,0xFF,0xFF,0xFF,0xDE,0x0,0x0,0x94,0xFF,0xFF,0xFF,0xFF,0xFF,0xFF,0xFF,0xFF,0xFF,0xFF,0xB5,0x0,0x0,0x0,0xFF,0x4A,0x0,0x0,0x0,
        0x0,0x0,0x0,0x0,0x0,0x0,0x0,0x0,0x0,0x0,0x0,0x0,0x0,0x0,0x21,0xFF,0xFF,0x4A,0x0,0x4A,0xFF,0x21,0x0,0x0,0x0,0x21,0xFF,0xFF,0xFF,0xFF,0xFF,0xFF,0xFF,0xFF,0x94,0x0,0x0,0xDE,0xFF,0xFF,0xFF,0xFF,0xFF,0xFF,0xFF,0xFF,0xFF,0x0,0x0,0x0,0x4A,0xFF,0x0,0x0,0x0,0x0,
        0x0,0x0,0x0,0x0,0x0,0x0,0x0,0x0,0x0,0x0,0x0,0x0,0x0,0x0,0x0,0x6B,0xFF,0xFF,0x21,0x4A,0xFF,0xB5,0x21,0x0,0x4A,0xFF,0xFF,0xFF,0xFF,0xFF,0xFF,0xFF,0xFF,0xFF,0xFF,0x6B,0x0,0x21,0xFF,0xFF,0xFF,0xFF,0xFF,0xFF,0xFF,0xFF,0xB5,0x0,0x0,0x0,0x6B,0xDE,0x0,0x0,0x0,0x0,
        0x0,0x0,0x0,0x0,0x0,0x0,0x0,0x0,0x0,0x0,0x0,0x0,0x0,0x0,0x0,0x0,0xB5,0xFF,0xB5,0x0,0xFF,0xFF,0xFF,0xDE,0xFF,0xFF,0xFF,0xFF,0xFF,0xFF,0xFF,0xFF,0xFF,0xFF,0xFF,0xFF,0x21,0x0,0x6B,0xFF,0xFF,0xFF,0xFF,0xFF,0xFF,0xFF,0x0,0x0,0x0,0x0,0x0,0x0,0x0,0x0,0x0,0x0,
        0x0,0x0,0x0,0x0,0x0,0x0,0x0,0x0,0x0,0x0,0x0,0x0,0x0,0x0,0x0,0x0,0x4A,0xFF,0xFF,0x94,0x4A,0xDE,0xFF,0xFF,0xFF,0xFF,0xFF,0xFF,0xFF,0xFF,0xFF,0xFF,0xFF,0xFF,0xFF,0xFF,0xDE,0x0,0x21,0xFF,0xFF,0xFF,0xFF,0xFF,0xFF,0xB5,0x0,0x0,0x0,0x0,0x0,0x0,0x0,0x0,0x0,0x0,
        0x0,0x0,0x0,0x0,0x0,0x0,0x0,0x0,0x0,0x0,0x0,0x0,0x0,0x0,0x0,0x0,0x94,0xFF,0xFF,0xFF,0x4A,0x0,0x4A,0xFF,0xFF,0xFF,0xFF,0xFF,0xFF,0xFF,0xFF,0xFF,0xFF,0xFF,0xFF,0xFF,0xFF,0xB5,0xFF,0xFF,0xFF,0xFF,0xFF,0xFF,0xFF,0x0,0x0,0x0,0x0,0x0,0x0,0x0,0x0,0x0,0x0,0x0,
        0x0,0x0,0x0,0x0,0x0,0x0,0x0,0x0,0x0,0x0,0x0,0x0,0x0,0x0,0x0,0x0,0xDE,0xFF,0xFF,0xFF,0xDE,0x0,0x0,0x94,0x94,0xFF,0xFF,0xFF,0xFF,0xFF,0xFF,0xFF,0xFF,0xFF,0xFF,0xFF,0xFF,0xFF,0xFF,0xFF,0xFF,0xFF,0xFF,0xFF,0xDE,0x0,0x0,0x0,0x0,0x0,0x0,0x0,0x0,0x0,0x0,0x0,
        0x0,0x0,0x0,0x0,0x0,0x0,0x0,0x0,0x0,0x0,0x0,0x0,0x0,0x0,0x0,0x0,0x4A,0xFF,0xFF,0xFF,0xFF,0xDE,0xFF,0xDE,0x94,0xFF,0xFF,0xFF,0xFF,0xFF,0xFF,0xFF,0xFF,0xFF,0xFF,0xFF,0xFF,0xFF,0xFF,0xFF,0xFF,0xFF,0xFF,0xFF,0xDE,0x0,0x0,0x0,0x0,0x0,0x0,0x0,0x0,0x0,0x0,0x0,
        0x0,0x0,0x0,0x0,0x0,0x0,0x0,0x0,0x0,0x0,0x0,0x0,0x0,0x0,0x0,0x0,0x4A,0xFF,0xFF,0xFF,0xFF,0xFF,0xFF,0xFF,0xFF,0xFF,0xFF,0xFF,0xFF,0xFF,0xFF,0xFF,0xFF,0xFF,0xFF,0xFF,0xFF,0xFF,0xFF,0xFF,0xFF,0xFF,0xFF,0xFF,0xB5,0x0,0x0,0x0,0x0,0x0,0x0,0x0,0x0,0x0,0x0,0x0,
        0x0,0x0,0x0,0x0,0x0,0x0,0x0,0x0,0x0,0x0,0x0,0x0,0x0,0x0,0x0,0x0,0x0,0xFF,0xFF,0xFF,0xFF,0xFF,0xFF,0xFF,0xFF,0xFF,0xFF,0xFF,0xFF,0xFF,0xFF,0xFF,0xFF,0xFF,0xFF,0xFF,0xFF,0xFF,0xFF,0xFF,0xFF,0xFF,0xFF,0xFF,0x6B,0x0,0x0,0x0,0x0,0x0,0x0,0x0,0x0,0x0,0x0,0x0,
        0x0,0x0,0x0,0x0,0x0,0x0,0x0,0x0,0x0,0x0,0x0,0x0,0x0,0x0,0x0,0x0,0x0,0x4A,0xFF,0xFF,0xFF,0xFF,0xFF,0xFF,0xFF,0xFF,0xFF,0xFF,0xFF,0xFF,0xFF,0xFF,0xFF,0xFF,0xFF,0xFF,0xFF,0xFF,0xFF,0xFF,0xFF,0xFF,0xFF,0xFF,0x4A,0x0,0x0,0x0,0x0,0x0,0x0,0x0,0x0,0x0,0x0,0x0,
        0x0,0x0,0x0,0x0,0x0,0x0,0x0,0x0,0x0,0x0,0x0,0x0,0x0,0x0,0x0,0x0,0x0,0x0,0x94,0xFF,0xFF,0xFF,0xFF,0xFF,0xFF,0xFF,0xFF,0xFF,0xFF,0xFF,0xFF,0xFF,0xFF,0xFF,0xB5,0xFF,0x6B,0xB5,0xDE,0xDE,0xFF,0xFF,0xFF,0xFF,0x6B,0x0,0x0,0x0,0x0,0x0,0x0,0x0,0x0,0x0,0x0,0x0,
        0x0,0x0,0x0,0x0,0x0,0x0,0x0,0x0,0x0,0x0,0x0,0x0,0x0,0x0,0x0,0x0,0x0,0x0,0x0,0x6B,0x94,0xFF,0xFF,0xFF,0xFF,0xFF,0x6B,0x21,0x4A,0x94,0xB5,0x6B,0x4A,0x4A,0x0,0x0,0x0,0x0,0x0,0x0,0x0,0x4A,0x6B,0xFF,0xFF,0x21,0x0,0x0,0x0,0x0,0x0,0x0,0x0,0x0,0x0,0x0,
        0x0,0x0,0x0,0x0,0x0,0x0,0x0,0x0,0x0,0x0,0x0,0x0,0x0,0x0,0x0,0x0,0x0,0x0,0x0,0x0,0x0,0x6B,0x94,0xFF,0xFF,0xFF,0x21,0x0,0x0,0x0,0x0,0x0,0x0,0x0,0x0,0x0,0x0,0x0,0x0,0x0,0x0,0x0,0x0,0x94,0x0,0x0,0x0,0x0,0x0,0x0,0x0,0x0,0x0,0x0,0x0,0x0,
        0x0,0x0,0x0,0x0,0x0,0x0,0x0,0x0,0x0,0x0,0x0,0x0,0x0,0x0,0x0,0x0,0x0,0x0,0x0,0x0,0x0,0x0,0x0,0x6B,0xB5,0xFF,0xDE,0xDE,0x0,0x0,0x0,0x0,0x0,0x0,0x0,0x0,0x0,0x0,0x0,0x0,0x0,0x0,0x0,0x0,0x0,0x0,0x0,0x0,0x0,0x0,0x0,0x0,0x0,0x0,0x0,0x0,
        0x0,0x0,0x0,0x0,0x0,0x0,0x0,0x0,0x0,0x0,0x0,0x0,0x0,0x0,0x0,0x0,0x0,0x0,0x0,0x0,0x0,0x0,0x0,0x0,0x0,0xDE,0xFF,0xFF,0xDE,0xB5,0x6B,0x4A,0x4A,0x0,0x0,0x0,0x0,0x0,0x0,0x0,0x0,0x0,0x0,0x0,0x0,0x0,0x0,0x0,0x0,0x0,0x0,0x0,0x0,0x0,0x0,0x0,
        0x0,0x0,0x0,0x0,0x0,0x0,0x0,0x0,0x0,0x0,0x0,0x0,0x0,0x0,0x0,0x0,0x0,0x0,0x0,0x0,0x0,0x0,0x0,0x0,0x0,0x21,0x21,0x6B,0xB5,0xB5,0xDE,0xFF,0x94,0x0,0x0,0x0,0x0,0x0,0x0,0x0,0x0,0x0,0x0,0x0,0x0,0x0,0x0,0x0,0x0,0x0,0x0,0x0,0x0,0x0,0x0,0x0,
        0x0,0x0,0x0,0x0,0x0,0x0,0x0,0x0,0x0,0x0,0x0,0x0,0x0,0x0,0x0,0x0,0x0,0x0,0x0,0x0,0x0,0x0,0x0,0x0,0x0,0x0,0x0,0x0,0x0,0x0,0x0,0x21,0x0,0x0,0x0,0x0,0x0,0x0,0x0,0x0,0x0,0x0,0x0,0x0,0x0,0x0,0x0,0x0,0x0,0x0,0x0,0x0,0x0,0x0,0x0,0x0
    }
};

const gfx_sprite_t sprite_gaster_blaster_0_13 = {
    .width = 56,
    .height = 56,
    .data = {
        0x0,0x0,0x0,0x0,0x0,0x0,0x0,0x0,0x0,0x0,0x0,0x0,0x0,0x0,0x0,0x0,0x0,0x0,0x0,0x0,0x0,0x0,0x0,0x0,0x0,0x0,0x0,0x0,0x0,0x0,0x0,0x0,0x0,0x0,0x0,0x0,0x0,0x0,0x0,0x0,0x0,0x0,0x0,0x0,0x0,0x0,0x0,0x0,0x0,0x0,0x0,0x0,0x0,0x0,0x0,0x0,
        0x0,0x0,0x0,0x0,0x0,0x0,0x0,0x0,0x0,0x0,0x0,0x0,0x0,0x0,0x0,0x0,0x0,0x0,0x0,0x0,0x0,0x0,0x0,0x0,0x0,0x0,0x0,0x0,0x0,0x0,0x0,0x0,0x0,0x0,0x0,0x0,0x0,0x0,0x0,0x0,0x0,0x0,0x0,0x0,0x0,0x0,0x0,0x0,0x0,0x0,0x0,0x0,0x0,0x0,0x0,0x0,
        0x0,0x0,0x0,0x0,0x0,0x0,0x0,0x0,0x0,0x0,0x0,0x0,0x0,0x0,0x0,0x0,0x0,0x0,0x0,0x0,0x0,0x0,0x0,0x0,0x0,0x0,0x0,0x0,0x0,0x0,0x0,0x0,0x0,0x0,0x0,0x0,0x0,0x0,0x0,0x0,0x0,0x0,0x0,0x0,0x0,0x0,0x0,0x0,0x0,0x0,0x0,0x0,0x0,0x0,0x0,0x0,
        0x0,0x0,0x0,0x0,0x0,0x0,0x0,0x0,0x0,0x0,0x0,0x0,0x0,0x0,0x0,0x0,0x0,0x0,0x0,0x0,0x0,0x0,0x0,0x0,0x0,0x0,0x0,0x0,0x0,0x0,0x0,0x0,0x0,0x0,0x0,0x0,0x0,0x0,0x0,0x0,0x0,0x0,0x0,0x0,0x0,0x0,0x0,0x0,0x0,0x0,0x0,0x0,0x0,0x0,0x0,0x0,
        0x0,0x0,0x0,0x0,0x0,0x0,0x0,0x0,0x0,0x0,0x0,0x0,0x0,0x0,0x0,0x0,0x0,0x0,0x0,0x0,0x0,0x0,0x0,0x0,0x0,0x0,0x0,0x0,0x0,0x0,0x0,0x0,0x0,0x0,0x0,0x0,0x0,0x0,0x0,0x0,0x0,0x0,0x0,0x0,0x0,0x0,0x0,0x0,0x0,0x0,0x0,0x0,0x0,0x0,0x0,0x0,
        0x0,0x0,0x0,0x0,0x0,0x0,0x0,0x0,0x0,0x0,0x0,0x0,0x0,0x0,0x0,0x0,0x0,0x0,0x0,0x0,0x0,0x0,0x0,0x0,0x0,0x0,0x0,0x0,0x0,0x0,0x0,0x0,0x0,0x0,0x0,0x0,0x0,0x0,0x0,0x0,0x0,0x0,0x0,0x0,0x0,0x0,0x0,0x0,0x0,0x0,0x0,0x0,0x0,0x0,0x0,0x0,
        0x0,0x0,0x0,0x0,0x0,0x0,0x0,0x0,0x0,0x0,0x0,0x0,0x0,0x0,0x0,0x0,0x0,0x0,0x0,0x0,0x0,0x0,0x0,0x0,0x0,0x0,0x0,0x0,0x0,0x0,0x0,0x0,0x0,0x0,0x0,0x0,0x0,0x0,0x0,0x0,0x0,0x0,0x0,0x0,0x0,0x0,0x0,0x0,0x0,0x0,0x0,0x0,0x0,0x0,0x0,0x0,
        0x0,0x0,0x0,0x0,0x0,0x0,0x0,0x0,0x0,0x0,0x0,0x0,0x0,0x0,0x0,0x0,0x0,0x0,0x0,0x0,0x0,0x0,0x0,0x0,0x0,0x0,0x0,0x0,0x0,0x0,0x0,0x0,0x0,0x0,0x0,0x0,0x0,0x0,0x0,0x0,0x0,0x0,0x0,0x0,0x0,0x0,0x0,0x0,0x0,0x0,0x0,0x0,0x0,0x0,0x0,0x0,
        0x0,0x0,0x0,0x0,0x0,0x0,0x0,0x0,0x0,0x0,0x0,0x0,0x0,0x0,0x0,0x0,0x0,0x0,0x0,0x0,0x0,0x0,0x0,0x0,0x0,0x0,0x0,0x21,0x21,0x21,0x0,0x0,0x0,0x0,0x0,0x0,0x0,0x0,0x0,0x0,0x0,0x0,0x0,0x0,0x0,0x0,0x0,0x0,0x0,0x0,0x0,0x0,0x0,0x0,0x0,0x0,
        0x0,0x0,0x0,0x0,0x0,0x0,0x0,0x0,0x0,0x0,0x0,0x0,0x0,0x0,0x0,0x0,0x0,0x0,0x0,0x0,0x0,0x0,0x0,0x6B,0x94,0xB5,0xDE,0xFF,0xFF,0xFF,0xB5,0xDE,0x4A,0x0,0x0,0x4A,0x0,0x0,0x0,0x0,0x0,0x0,0x0,0x0,0x0,0x0,0x0,0x0,0x0,0x0,0x0,0x0,0x0,0x0,0x0,0x0,
        0x0,0x0,0x0,0x0,0x0,0x0,0x0,0x0,0x21,0x94,0xDE,0x6B,0x6B,0x4A,0x0,0x0,0x0,0x0,0x0,0x0,0x21,0x6B,0x94,0xFF,0xFF,0xFF,0xFF,0xFF,0xFF,0xFF,0xFF,0xFF,0xFF,0x6B,0x4A,0xFF,0x0,0x0,0x0,0x0,0x0,0x0,0x0,0x0,0x0,0x0,0x0,0x0,0x0,0x0,0x0,0x0,0x0,0x0,0x0,0x0,
        0x0,0x0,0x0,0x0,0x0,0x0,0x0,0x0,0xDE,0xFF,0xFF,0xFF,0xFF,0xFF,0x94,0xFF,0x94,0xB5,0xFF,0xDE,0xFF,0xFF,0xFF,0xFF,0xFF,0xFF,0xFF,0xFF,0xFF,0xFF,0xFF,0xDE,0xDE,0xB5,0x4A,0x4A,0x0,0x0,0x0,0x0,0x0,0x0,0x0,0x0,0x0,0x0,0x0,0x0,0x0,0x0,0x0,0x0,0x0,0x0,0x0,0x0,
        0x0,0x0,0x0,0x0,0x0,0x0,0x0,0x94,0xFF,0xFF,0xFF,0xFF,0xB5,0xFF,0x4A,0x4A,0xFF,0xFF,0xFF,0xFF,0xFF,0xDE,0x94,0xFF,0xDE,0xFF,0xFF,0xFF,0xFF,0xFF,0xFF,0x4A,0x0,0x0,0x0,0x0,0x0,0x0,0x0,0x0,0x0,0x0,0x0,0x0,0x0,0x0,0x0,0x0,0x0,0x0,0x0,0x0,0x0,0x0,0x0,0x0,
        0x0,0x0,0x0,0x0,0x0,0x0,0x6B,0xFF,0xFF,0xFF,0xFF,0xFF,0x4A,0x4A,0xFF,0x94,0x0,0x6B,0x4A,0xDE,0xB5,0x0,0x0,0x21,0x0,0x4A,0xFF,0xFF,0xFF,0xFF,0xFF,0xFF,0x94,0x0,0x0,0x0,0x0,0x0,0x0,0x0,0x0,0x0,0x0,0x0,0x0,0x0,0x0,0x0,0x0,0x0,0x0,0x0,0x0,0x0,0x0,0x0,
        0x0,0x0,0x0,0x0,0x0,0x21,0xFF,0xFF,0xFF,0xFF,0xFF,0xFF,0xFF,0x21,0x0,0x94,0x0,0x0,0x0,0x0,0x94,0xDE,0x21,0x0,0x0,0x0,0x21,0xB5,0x6B,0x6B,0x6B,0xDE,0xB5,0xB5,0xB5,0x94,0x0,0x0,0x0,0x0,0x0,0x0,0x0,0x0,0x0,0x0,0x0,0x0,0x0,0x0,0x0,0x0,0x0,0x0,0x0,0x0,
        0x0,0x0,0x0,0x0,0x0,0xB5,0xFF,0xFF,0xFF,0xFF,0xFF,0xFF,0xFF,0x4A,0x0,0x0,0x0,0x0,0x0,0x0,0x0,0x6B,0xFF,0x6B,0x0,0x0,0x0,0x94,0x6B,0x0,0x0,0x0,0x0,0x6B,0xFF,0xFF,0xDE,0x21,0x4A,0x0,0x0,0x0,0x0,0x0,0x0,0x0,0x0,0x0,0x0,0x0,0x0,0x0,0x0,0x0,0x0,0x0,
        0x0,0x0,0x0,0x0,0x4A,0xFF,0xFF,0xFF,0xFF,0xFF,0xFF,0xFF,0xFF,0xFF,0x21,0x6B,0x4A,0x0,0x0,0x0,0x0,0x0,0x21,0xDE,0xB5,0x0,0x21,0x0,0xB5,0xB5,0x0,0x0,0x0,0x0,0x21,0xDE,0xB5,0xFF,0xFF,0xDE,0x21,0x0,0x0,0x0,0x0,0x0,0x0,0x0,0x0,0x0,0x0,0x0,0x0,0x0,0x0,0x0,
        0x0,0x0,0x0,0x0,0x0,0xFF,0xFF,0xFF,0xFF,0xFF,0xFF,0xFF,0xFF,0x94,0x0,0x4A,0xDE,0x94,0x0,0x0,0x0,0xB5,0xB5,0x0,0xB5,0xDE,0xFF,0xB5,0x94,0xFF,0xFF,0x4A,0x0,0x0,0x0,0x0,0x0,0x21,0xDE,0xFF,0xFF,0x6B,0xB5,0xDE,0xB5,0x4A,0x94,0x0,0x0,0x0,0x0,0x0,0x0,0x0,0x0,0x0,
        0x0,0x0,0x0,0x0,0x0,0x94,0xFF,0xFF,0x4A,0xFF,0xB5,0xFF,0xDE,0x0,0x0,0x0,0x0,0x94,0xDE,0x21,0x6B,0x6B,0xFF,0xDE,0xFF,0xFF,0xFF,0xFF,0xFF,0xFF,0xFF,0xFF,0xB5,0xFF,0x6B,0x94,0x21,0x0,0x0,0x94,0xFF,0xFF,0xFF,0xFF,0xFF,0xFF,0xFF,0xB5,0x21,0x0,0x0,0x0,0x0,0x0,0x0,0x0,
        0x0,0x0,0x0,0x0,0x0,0x0,0xFF,0xFF,0x6B,0x0,0x0,0x4A,0x21,0x0,0x0,0x0,0x0,0x0,0x6B,0xFF,0xFF,0xFF,0xFF,0xFF,0xFF,0xFF,0xFF,0xFF,0xFF,0xFF,0xFF,0xFF,0xFF,0x6B,0xDE,0xFF,0xFF,0x6B,0x0,0x0,0x4A,0xFF,0xFF,0xFF,0xFF,0xFF,0xFF,0xFF,0xFF,0x4A,0x0,0x0,0x0,0x0,0x0,0x0,
        0x0,0x0,0x0,0x0,0x0,0x0,0x94,0xB5,0xB5,0xB5,0x0,0x0,0x4A,0x4A,0x0,0x0,0x0,0x0,0x0,0xFF,0xFF,0xFF,0xFF,0xFF,0xFF,0xFF,0xFF,0xFF,0xFF,0xFF,0xFF,0x6B,0x6B,0x21,0x0,0x94,0x4A,0xDE,0xB5,0x21,0x6B,0x0,0xB5,0xFF,0xFF,0xFF,0xFF,0xFF,0xFF,0xDE,0x0,0x0,0x0,0x0,0x0,0x0,
        0x0,0x0,0x0,0x0,0x0,0x0,0x0,0xB5,0x0,0x6B,0x94,0x0,0x21,0xDE,0x94,0x0,0x0,0x0,0x0,0xB5,0xFF,0xFF,0xFF,0xDE,0xFF,0xFF,0xFF,0xFF,0xFF,0xFF,0x6B,0x4A,0xFF,0xFF,0xDE,0x21,0x0,0x0,0x94,0xFF,0xFF,0xB5,0x0,0x6B,0xFF,0xFF,0xFF,0xFF,0xFF,0xFF,0x6B,0x0,0x0,0x0,0x0,0x0,
        0x0,0x0,0x0,0x0,0x0,0x0,0x0,0x94,0xFF,0x4A,0x0,0x0,0x0,0x0,0x94,0xDE,0x21,0x4A,0x6B,0xFF,0xFF,0x21,0x0,0x0,0x94,0xFF,0xFF,0xFF,0xFF,0xB5,0x0,0xFF,0x6B,0x6B,0x6B,0xFF,0x6B,0x0,0x0,0x4A,0xFF,0xFF,0x21,0x0,0x94,0xFF,0xFF,0xFF,0xFF,0xFF,0xDE,0x0,0x0,0x0,0x0,0x0,
        0x0,0x0,0x0,0x0,0x0,0x0,0x0,0x0,0xFF,0xFF,0x4A,0x0,0x0,0x0,0x0,0x6B,0xFF,0xFF,0xFF,0xFF,0x6B,0x0,0x0,0x0,0x0,0x4A,0xFF,0xFF,0xFF,0x21,0x21,0xDE,0x94,0x0,0x0,0xDE,0x94,0x0,0x0,0x0,0xDE,0xFF,0xB5,0x21,0x6B,0xFF,0xFF,0xFF,0xFF,0xFF,0xFF,0x6B,0x0,0x0,0x0,0x0,
        0x0,0x0,0x0,0x0,0x0,0x0,0x0,0x0,0xB5,0xFF,0x4A,0x0,0x0,0x0,0x0,0x0,0xFF,0xFF,0xFF,0xB5,0x0,0x0,0x0,0x0,0x0,0x0,0xFF,0xFF,0xDE,0x21,0x0,0x0,0x94,0xDE,0x94,0xFF,0xFF,0x0,0x0,0x0,0x94,0xFF,0xFF,0xFF,0x94,0xFF,0xFF,0xFF,0xFF,0xFF,0xFF,0xDE,0x0,0x0,0x0,0x0,
        0x0,0x0,0x0,0x0,0x0,0x0,0x0,0x0,0xB5,0xFF,0xFF,0x94,0x0,0x0,0x0,0x21,0xB5,0xFF,0xFF,0xDE,0x0,0x0,0x0,0x0,0x0,0x0,0x4A,0xFF,0xFF,0xFF,0x6B,0x94,0x21,0x4A,0xDE,0x94,0x4A,0x0,0x0,0x21,0xFF,0xFF,0xFF,0xFF,0x4A,0xFF,0xFF,0xFF,0xFF,0xFF,0xFF,0xFF,0x6B,0x0,0x0,0x0,
        0x0,0x0,0x0,0x0,0x0,0x0,0x0,0x0,0x94,0xFF,0xB5,0x94,0xDE,0x21,0x21,0xFF,0xFF,0xFF,0xFF,0xDE,0x0,0x0,0x0,0x0,0x0,0x0,0x0,0xFF,0xFF,0xFF,0xFF,0xFF,0xFF,0x6B,0x0,0x21,0x21,0x21,0x6B,0xB5,0xFF,0xFF,0xFF,0xFF,0xFF,0xFF,0xFF,0xFF,0xFF,0xFF,0xB5,0xFF,0xFF,0xB5,0x0,0x0,
        0x0,0x0,0x0,0x0,0x0,0x0,0x0,0x0,0x4A,0xFF,0xDE,0x0,0x6B,0xFF,0x6B,0x21,0xDE,0xFF,0xFF,0xFF,0xFF,0x4A,0x0,0x0,0x0,0x0,0x0,0x21,0xDE,0xFF,0xFF,0xFF,0xFF,0xFF,0xB5,0xFF,0xFF,0xFF,0xFF,0xFF,0xFF,0xFF,0xFF,0xFF,0xFF,0xFF,0xFF,0xFF,0xFF,0x94,0x0,0x4A,0xFF,0xB5,0x0,0x0,
        0x0,0x0,0x0,0x0,0x0,0x0,0x0,0x0,0x21,0xFF,0xDE,0x0,0x0,0x21,0xDE,0xB5,0x4A,0xFF,0xFF,0xFF,0xFF,0xFF,0x94,0xFF,0x4A,0x6B,0x21,0x0,0x0,0x94,0xFF,0xFF,0xFF,0xFF,0xFF,0xFF,0xFF,0xFF,0xFF,0xFF,0xFF,0xFF,0xFF,0xFF,0xFF,0xFF,0xFF,0xFF,0xFF,0xB5,0x0,0x4A,0xFF,0xDE,0x0,0x0,
        0x0,0x0,0x0,0x0,0x0,0x0,0x0,0x0,0x6B,0xFF,0xFF,0xDE,0x0,0x0,0x0,0x94,0xFF,0xFF,0xFF,0xFF,0xFF,0xFF,0xFF,0xFF,0xFF,0xFF,0xFF,0x6B,0x0,0x0,0x4A,0xFF,0xFF,0xFF,0xFF,0xFF,0xFF,0xFF,0xFF,0xFF,0xFF,0xFF,0xFF,0xFF,0xFF,0xFF,0xFF,0xFF,0xFF,0xB5,0x0,0x0,0x4A,0xFF,0x21,0x0,
        0x0,0x0,0x0,0x0,0x0,0x0,0x0,0x0,0x94,0xFF,0xFF,0xDE,0x0,0x0,0x0,0x0,0xB5,0xFF,0xFF,0xFF,0xFF,0xFF,0xFF,0xFF,0xFF,0xFF,0xFF,0xFF,0x94,0x0,0x0,0x21,0xB5,0xFF,0xFF,0xFF,0xFF,0xFF,0xFF,0xFF,0xFF,0xFF,0xFF,0xFF,0xFF,0xFF,0xFF,0xFF,0xFF,0xFF,0x0,0x0,0x4A,0xFF,0x4A,0x0,
        0x0,0x0,0x0,0x0,0x0,0x0,0x0,0x0,0x6B,0xFF,0xFF,0xFF,0xDE,0x21,0x0,0x0,0x94,0xFF,0xFF,0xFF,0xFF,0xFF,0xFF,0x4A,0x21,0xDE,0xFF,0xFF,0xFF,0xDE,0x4A,0x0,0x0,0x94,0xFF,0xFF,0xFF,0xFF,0xFF,0xFF,0xFF,0xFF,0xFF,0xFF,0xFF,0xFF,0xFF,0xFF,0xFF,0xFF,0x21,0x0,0x0,0xFF,0x4A,0x0,
        0x0,0x0,0x0,0x0,0x0,0x0,0x0,0x0,0x21,0xFF,0xFF,0xFF,0xFF,0xFF,0x6B,0xB5,0x4A,0x94,0xFF,0xFF,0xFF,0xFF,0x94,0x0,0x0,0x0,0xFF,0xFF,0xFF,0xFF,0xFF,0x6B,0x0,0x0,0x4A,0xDE,0xFF,0xFF,0xFF,0xFF,0xFF,0xFF,0xFF,0xFF,0xFF,0xFF,0xFF,0xFF,0xFF,0xB5,0x0,0x0,0x0,0xDE,0x94,0x0,
        0x0,0x0,0x0,0x0,0x0,0x0,0x0,0x0,0x21,0xFF,0xFF,0xFF,0xFF,0xFF,0x94,0x4A,0xFF,0xFF,0xFF,0xFF,0xFF,0xB5,0x0,0xDE,0x6B,0x0,0xDE,0xFF,0xFF,0xFF,0xFF,0xFF,0xB5,0x0,0x0,0x0,0xB5,0xFF,0xFF,0xFF,0xFF,0xFF,0xFF,0xFF,0xFF,0xFF,0xFF,0xFF,0xFF,0xB5,0x0,0x0,0x0,0x94,0x0,0x0,
        0x0,0x0,0x0,0x0,0x0,0x0,0x0,0x0,0x21,0xFF,0xFF,0xFF,0xFF,0xFF,0xDE,0x0,0x0,0xB5,0xFF,0xFF,0xFF,0x21,0xB5,0x94,0xDE,0x94,0x0,0x94,0xFF,0xFF,0xFF,0xFF,0xFF,0xFF,0x4A,0x0,0x0,0x6B,0xFF,0xFF,0xFF,0xFF,0xFF,0xFF,0xFF,0xFF,0xFF,0xFF,0xFF,0x6B,0x0,0x0,0x0,0x0,0x0,0x0,
        0x0,0x0,0x0,0x0,0x0,0x0,0x0,0x0,0x0,0xDE,0xFF,0xFF,0xFF,0xFF,0xFF,0x4A,0x0,0x0,0x6B,0xFF,0xFF,0x94,0xDE,0x94,0x0,0x94,0xDE,0x21,0x6B,0xFF,0xFF,0xFF,0xFF,0xFF,0xFF,0x94,0x0,0x0,0x21,0xDE,0xFF,0xFF,0xFF,0xFF,0xFF,0xFF,0xFF,0xFF,0xFF,0x4A,0x0,0x0,0x0,0x0,0x0,0x0,
        0x0,0x0,0x0,0x0,0x0,0x0,0x0,0x0,0x0,0x4A,0xFF,0xFF,0xFF,0xDE,0xFF,0xDE,0x0,0x0,0x0,0x94,0xDE,0x0,0xDE,0x94,0x0,0x4A,0xFF,0x21,0x4A,0xFF,0xFF,0xFF,0xFF,0xFF,0xFF,0xFF,0xDE,0x21,0x0,0x0,0x94,0xFF,0xFF,0xFF,0xFF,0xFF,0xFF,0xFF,0xFF,0x4A,0x0,0x0,0x0,0x0,0x0,0x0,
        0x0,0x0,0x0,0x0,0x0,0x0,0x0,0x0,0x0,0x0,0xDE,0xFF,0xFF,0x0,0x6B,0xFF,0x4A,0x0,0x0,0x6B,0xFF,0x6B,0x21,0xDE,0xB5,0xDE,0xFF,0x6B,0x21,0xFF,0xFF,0xFF,0xFF,0xFF,0xFF,0xFF,0xFF,0xFF,0x6B,0x0,0x0,0x4A,0xFF,0xFF,0xFF,0xFF,0xFF,0xFF,0xDE,0x0,0x0,0x0,0x0,0x0,0x0,0x0,
        0x0,0x0,0x0,0x0,0x0,0x0,0x0,0x0,0x0,0x0,0x4A,0xFF,0xFF,0x21,0x0,0x4A,0xFF,0x94,0x0,0x0,0x94,0xFF,0x94,0x0,0x94,0x94,0x94,0x0,0x0,0xDE,0xFF,0xFF,0xFF,0xFF,0xFF,0xFF,0xFF,0xFF,0xFF,0x94,0x0,0x0,0x4A,0xFF,0xFF,0xFF,0xFF,0xFF,0xFF,0x0,0x0,0x0,0x0,0x0,0x0,0x0,
        0x0,0x0,0x0,0x0,0x0,0x0,0x0,0x0,0x0,0x0,0x0,0x0,0xB5,0x6B,0x0,0x0,0xDE,0xFF,0xDE,0x21,0x6B,0xFF,0xB5,0x0,0x0,0x0,0x0,0x0,0x0,0xDE,0xFF,0xFF,0xFF,0xFF,0xFF,0xFF,0xFF,0xFF,0xFF,0xFF,0xDE,0x4A,0xDE,0xFF,0xFF,0xFF,0xFF,0xFF,0xFF,0x4A,0x0,0x0,0x0,0x0,0x0,0x0,
        0x0,0x0,0x0,0x0,0x0,0x0,0x0,0x0,0x0,0x0,0x0,0x0,0x0,0x94,0x0,0x0,0x21,0xDE,0xFF,0x21,0x0,0x21,0xDE,0xB5,0x0,0x0,0x0,0x0,0x0,0xDE,0xFF,0xFF,0xFF,0xFF,0xFF,0xFF,0xFF,0xFF,0xFF,0xFF,0xFF,0xFF,0xFF,0xFF,0xFF,0xFF,0xFF,0xFF,0xFF,0x4A,0x0,0x0,0x0,0x0,0x0,0x0,
        0x0,0x0,0x0,0x0,0x0,0x0,0x0,0x0,0x0,0x0,0x0,0x0,0xB5,0x6B,0x0,0x0,0x0,0x0,0x94,0xDE,0x21,0x0,0x0,0x94,0xDE,0x4A,0x0,0x0,0xB5,0xFF,0xFF,0xFF,0xFF,0xFF,0xFF,0xFF,0xFF,0xFF,0xFF,0xFF,0xFF,0xFF,0xFF,0xFF,0xFF,0xFF,0xFF,0xFF,0xFF,0x6B,0x0,0x0,0x0,0x0,0x0,0x0,
        0x0,0x0,0x0,0x0,0x0,0x0,0x0,0x0,0x0,0x0,0x0,0x0,0x21,0x0,0x0,0x0,0x0,0x0,0x0,0xFF,0xFF,0x6B,0x0,0x21,0xFF,0xFF,0xDE,0xFF,0xFF,0xFF,0xFF,0xFF,0xFF,0xFF,0xFF,0xFF,0xFF,0xFF,0xFF,0xFF,0xFF,0xFF,0xFF,0xFF,0xFF,0xFF,0xFF,0xFF,0xFF,0xDE,0x0,0x0,0x0,0x0,0x0,0x0,
        0x0,0x0,0x0,0x0,0x0,0x0,0x0,0x0,0x0,0x0,0x0,0x0,0x0,0x0,0x0,0x0,0x0,0x0,0x0,0x94,0xFF,0xFF,0xB5,0x0,0x94,0xFF,0xFF,0xFF,0xFF,0xFF,0xFF,0xFF,0xFF,0xFF,0xFF,0xFF,0xFF,0xFF,0xFF,0xFF,0xFF,0xFF,0xFF,0xFF,0xFF,0xFF,0xFF,0xFF,0xFF,0xDE,0x21,0x0,0x0,0x0,0x0,0x0,
        0x0,0x0,0x0,0x0,0x0,0x0,0x0,0x0,0x0,0x0,0x0,0x0,0x0,0x0,0x0,0x0,0x0,0x0,0x0,0x0,0x4A,0xFF,0xFF,0xFF,0x4A,0x4A,0x21,0x6B,0xFF,0xFF,0xFF,0xFF,0xFF,0xFF,0xFF,0xFF,0xFF,0xFF,0xFF,0xFF,0xFF,0xFF,0xFF,0xFF,0xFF,0xFF,0xFF,0xFF,0xFF,0xFF,0xFF,0x0,0x0,0x0,0x0,0x0,
        0x0,0x0,0x0,0x0,0x0,0x0,0x0,0x0,0x0,0x0,0x0,0x0,0x0,0x0,0x0,0x0,0x0,0x0,0x0,0x0,0x0,0x6B,0xFF,0xFF,0xFF,0x94,0x0,0x0,0x21,0x4A,0xDE,0xFF,0xFF,0xFF,0xFF,0xFF,0xFF,0xFF,0xFF,0xFF,0xFF,0xFF,0xDE,0xFF,0xB5,0x6B,0x4A,0x4A,0x0,0x94,0xFF,0x0,0x0,0x0,0x0,0x0,
        0x0,0x0,0x0,0x0,0x0,0x0,0x0,0x0,0x0,0x0,0x0,0x0,0x0,0x0,0x0,0x0,0x0,0x0,0x0,0x0,0x0,0x4A,0xFF,0xFF,0xFF,0xFF,0xB5,0xDE,0xDE,0xFF,0xFF,0xFF,0xFF,0xFF,0xFF,0xFF,0xFF,0xFF,0xFF,0xFF,0xDE,0xFF,0x0,0x0,0x0,0x0,0x0,0x0,0x0,0x0,0x0,0x0,0x0,0x0,0x0,0x0,
        0x0,0x0,0x0,0x0,0x0,0x0,0x0,0x0,0x0,0x0,0x0,0x0,0x0,0x0,0x0,0x0,0x0,0x0,0x0,0x0,0x0,0x4A,0xFF,0xFF,0xFF,0xFF,0xFF,0xFF,0xFF,0xFF,0xFF,0xFF,0xFF,0xFF,0xFF,0xFF,0xFF,0xFF,0xDE,0xFF,0x0,0x0,0x0,0x0,0x0,0x0,0x0,0x0,0x0,0x0,0x0,0x0,0x0,0x0,0x0,0x0,
        0x0,0x0,0x0,0x0,0x0,0x0,0x0,0x0,0x0,0x0,0x0,0x0,0x0,0x0,0x0,0x0,0x0,0x0,0x0,0x0,0x0,0x0,0x4A,0xFF,0xFF,0xFF,0xFF,0xFF,0xFF,0xFF,0xFF,0xFF,0xFF,0xFF,0xFF,0xFF,0xFF,0xFF,0x21,0x0,0x0,0x0,0x0,0x0,0x0,0x0,0x0,0x0,0x0,0x0,0x0,0x0,0x0,0x0,0x0,0x0,
        0x0,0x0,0x0,0x0,0x0,0x0,0x0,0x0,0x0,0x0,0x0,0x0,0x0,0x0,0x0,0x0,0x0,0x0,0x0,0x0,0x0,0x0,0x21,0xFF,0xFF,0xFF,0xFF,0xFF,0xFF,0xFF,0xFF,0xFF,0xFF,0x94,0x6B,0x0,0x21,0x0,0x0,0x0,0x0,0x0,0x0,0x0,0x0,0x0,0x0,0x0,0x0,0x0,0x0,0x0,0x0,0x0,0x0,0x0,
        0x0,0x0,0x0,0x0,0x0,0x0,0x0,0x0,0x0,0x0,0x0,0x0,0x0,0x0,0x0,0x0,0x0,0x0,0x0,0x0,0x0,0x0,0x0,0x4A,0xDE,0xFF,0xFF,0xFF,0xFF,0xFF,0xFF,0xFF,0xFF,0x0,0x0,0x0,0x0,0x0,0x0,0x0,0x0,0x0,0x0,0x0,0x0,0x0,0x0,0x0,0x0,0x0,0x0,0x0,0x0,0x0,0x0,0x0,
        0x0,0x0,0x0,0x0,0x0,0x0,0x0,0x0,0x0,0x0,0x0,0x0,0x0,0x0,0x0,0x0,0x0,0x0,0x0,0x0,0x0,0x0,0x0,0x0,0x0,0xB5,0xFF,0xDE,0xFF,0xFF,0xFF,0xFF,0xFF,0xB5,0x6B,0x6B,0x0,0x4A,0x6B,0x6B,0x6B,0x0,0x0,0x0,0x0,0x0,0x0,0x0,0x0,0x0,0x0,0x0,0x0,0x0,0x0,0x0,
        0x0,0x0,0x0,0x0,0x0,0x0,0x0,0x0,0x0,0x0,0x0,0x0,0x0,0x0,0x0,0x0,0x0,0x0,0x0,0x0,0x0,0x0,0x0,0x0,0x0,0x0,0x21,0x0,0x94,0x21,0xDE,0xB5,0xFF,0xFF,0xFF,0xFF,0xFF,0xFF,0xFF,0xFF,0x21,0x0,0x0,0x0,0x0,0x0,0x0,0x0,0x0,0x0,0x0,0x0,0x0,0x0,0x0,0x0,
        0x0,0x0,0x0,0x0,0x0,0x0,0x0,0x0,0x0,0x0,0x0,0x0,0x0,0x0,0x0,0x0,0x0,0x0,0x0,0x0,0x0,0x0,0x0,0x0,0x0,0x0,0x0,0x0,0x0,0x0,0x0,0x0,0x21,0xB5,0x94,0x94,0x6B,0x0,0x21,0x0,0x0,0x0,0x0,0x0,0x0,0x0,0x0,0x0,0x0,0x0,0x0,0x0,0x0,0x0,0x0,0x0,
        0x0,0x0,0x0,0x0,0x0,0x0,0x0,0x0,0x0,0x0,0x0,0x0,0x0,0x0,0x0,0x0,0x0,0x0,0x0,0x0,0x0,0x0,0x0,0x0,0x0,0x0,0x0,0x0,0x0,0x0,0x0,0x0,0x0,0x0,0x0,0x0,0x0,0x0,0x0,0x0,0x0,0x0,0x0,0x0,0x0,0x0,0x0,0x0,0x0,0x0,0x0,0x0,0x0,0x0,0x0,0x0,
        0x0,0x0,0x0,0x0,0x0,0x0,0x0,0x0,0x0,0x0,0x0,0x0,0x0,0x0,0x0,0x0,0x0,0x0,0x0,0x0,0x0,0x0,0x0,0x0,0x0,0x0,0x0,0x0,0x0,0x0,0x0,0x0,0x0,0x0,0x0,0x0,0x0,0x0,0x0,0x0,0x0,0x0,0x0,0x0,0x0,0x0,0x0,0x0,0x0,0x0,0x0,0x0,0x0,0x0,0x0,0x0
    }
};

const gfx_sprite_t sprite_gaster_blaster_0_14 = {
    .width = 56,
    .height = 56,
    .data = {
        0x0,0x0,0x0,0x0,0x0,0x0,0x0,0x0,0x0,0x0,0x0,0x0,0x0,0x0,0x0,0x0,0x0,0x0,0x0,0x0,0x0,0x0,0x0,0x0,0x0,0x0,0x0,0x0,0x0,0x0,0x0,0x0,0x0,0x0,0x0,0x0,0x0,0x0,0x0,0x0,0x0,0x0,0x0,0x0,0x0,0x0,0x0,0x0,0x0,0x0,0x0,0x0,0x0,0x0,0x0,0x0,
        0x0,0x0,0x0,0x0,0x0,0x0,0x0,0x0,0x0,0x0,0x0,0x0,0x0,0x0,0x0,0x0,0x0,0x0,0x0,0x0,0x0,0x0,0x0,0x0,0x0,0x0,0x0,0x0,0x0,0x0,0x0,0x0,0x0,0x0,0x0,0x0,0x0,0x0,0x0,0x0,0x0,0x0,0x0,0x0,0x0,0x0,0x0,0x0,0x0,0x0,0x0,0x0,0x0,0x0,0x0,0x0,
        0x0,0x0,0x0,0x0,0x0,0x0,0x0,0x0,0x0,0x0,0x0,0x0,0x0,0x0,0x0,0x0,0x0,0x0,0x0,0x0,0x0,0x0,0x0,0x0,0x0,0x0,0x0,0x0,0x0,0x0,0x0,0x0,0x0,0x0,0x0,0x0,0x0,0x0,0x0,0x0,0x0,0x0,0x0,0x0,0x0,0x0,0x0,0x0,0x0,0x0,0x0,0x0,0x0,0x0,0x0,0x0,
        0x0,0x0,0x0,0x0,0x0,0x0,0x0,0x0,0x0,0x0,0x0,0x0,0x0,0x0,0x0,0x0,0x0,0x0,0x0,0x0,0x0,0x0,0x0,0x0,0x0,0x0,0x0,0x0,0x0,0x0,0x0,0x0,0x0,0x0,0x0,0x0,0x0,0x0,0x0,0x0,0x0,0x0,0x0,0x0,0x0,0x0,0x0,0x0,0x0,0x0,0x0,0x0,0x0,0x0,0x0,0x0,
        0x0,0x0,0x0,0x0,0x0,0x0,0x0,0x0,0x0,0x0,0x0,0x0,0x0,0x0,0x0,0x0,0x0,0x0,0x0,0x0,0x0,0x0,0x0,0x0,0x0,0x0,0x0,0x0,0x0,0x0,0x0,0x0,0x0,0x0,0x0,0x0,0x0,0x0,0x0,0x0,0x0,0x0,0x0,0x0,0x0,0x0,0x0,0x0,0x0,0x0,0x0,0x0,0x0,0x0,0x0,0x0,
        0x0,0x0,0x0,0x0,0x0,0x0,0x0,0x0,0x0,0x0,0x0,0x0,0x0,0x0,0x0,0x0,0x0,0x0,0x0,0x0,0x0,0x0,0x0,0x0,0x0,0x0,0x0,0x0,0x0,0x0,0x0,0x0,0x0,0x0,0x0,0x0,0x0,0x0,0x0,0x0,0x0,0x0,0x0,0x0,0x0,0x0,0x0,0x0,0x0,0x0,0x0,0x0,0x0,0x0,0x0,0x0,
        0x0,0x0,0x0,0x0,0x0,0x0,0x0,0x0,0x0,0x0,0x0,0x0,0x0,0x0,0x0,0x0,0x0,0x0,0x0,0x0,0x0,0x0,0x0,0x0,0x0,0x0,0x0,0x0,0x0,0x0,0x0,0x0,0x0,0x0,0x0,0x0,0x0,0x0,0x0,0x0,0x0,0x0,0x0,0x0,0x0,0x0,0x0,0x0,0x0,0x0,0x0,0x0,0x0,0x0,0x0,0x0,
        0x0,0x0,0x0,0x0,0x0,0x0,0x0,0x0,0x0,0x0,0x0,0x0,0x0,0x0,0x0,0x0,0x0,0x0,0x0,0x0,0x0,0x0,0x0,0x0,0x0,0x0,0x0,0x0,0x0,0x0,0x0,0x0,0x0,0x0,0x0,0x0,0x0,0x0,0x0,0x0,0x0,0x0,0x0,0x0,0x0,0x0,0x0,0x0,0x0,0x0,0x0,0x0,0x0,0x0,0x0,0x0,
        0x0,0x0,0x0,0x0,0x0,0x0,0x0,0x0,0x0,0x0,0x0,0x0,0x0,0x0,0x0,0x0,0x0,0x0,0x0,0x0,0x0,0x0,0x0,0x0,0x0,0x0,0x0,0x0,0x0,0x94,0x0,0x0,0x0,0x0,0x0,0x0,0x0,0x0,0x0,0x0,0x0,0x0,0x0,0x0,0x0,0x0,0x0,0x0,0x0,0x0,0x0,0x0,0x0,0x0,0x0,0x0,
        0x0,0x0,0x0,0x0,0x0,0x0,0x0,0x0,0x0,0x0,0x0,0x0,0x0,0x0,0x0,0x0,0x0,0x0,0x0,0x0,0x0,0x0,0x4A,0x6B,0x6B,0xDE,0x94,0x21,0x21,0xFF,0x0,0x0,0x0,0x0,0x0,0x0,0x0,0x0,0x0,0x0,0x0,0x0,0x0,0x0,0x0,0x0,0x0,0x0,0x0,0x0,0x0,0x0,0x0,0x0,0x0,0x0,
        0x0,0x0,0x0,0x0,0x0,0x0,0x0,0x0,0x0,0x0,0x0,0x0,0x0,0x0,0x0,0x0,0x0,0x0,0x0,0x0,0x4A,0xDE,0xFF,0xFF,0xFF,0xFF,0xFF,0xFF,0x94,0x4A,0x0,0x0,0x0,0x0,0x0,0x0,0x0,0x0,0x0,0x0,0x0,0x0,0x0,0x0,0x0,0x0,0x0,0x0,0x0,0x0,0x0,0x0,0x0,0x0,0x0,0x0,
        0x0,0x0,0x0,0x0,0x0,0x0,0x0,0x0,0x0,0x0,0x0,0x0,0x0,0x0,0x0,0x0,0x0,0x0,0x21,0xB5,0xFF,0xFF,0xFF,0xFF,0xFF,0xFF,0x94,0x21,0x0,0x0,0x0,0x0,0x0,0x0,0x0,0x0,0x0,0x0,0x0,0x0,0x0,0x0,0x0,0x0,0x0,0x0,0x0,0x0,0x0,0x0,0x0,0x0,0x0,0x0,0x0,0x0,
        0x0,0x0,0x0,0x0,0x0,0x0,0x0,0x0,0x0,0x0,0x0,0x0,0x0,0x0,0x0,0x0,0x0,0x94,0xFF,0xFF,0xFF,0xFF,0xFF,0xFF,0xFF,0xFF,0x6B,0x0,0x0,0x0,0x21,0x0,0x0,0x0,0x0,0x0,0x0,0x0,0x0,0x21,0x0,0x4A,0x6B,0x21,0x0,0x0,0x0,0x0,0x0,0x0,0x0,0x0,0x0,0x0,0x0,0x0,
        0x0,0x0,0x0,0x0,0x0,0x0,0x0,0x0,0x0,0x0,0x0,0x0,0x0,0x0,0x0,0x0,0x6B,0xFF,0xFF,0xFF,0xFF,0xFF,0xFF,0xFF,0xFF,0xFF,0xFF,0xFF,0xB5,0x94,0xFF,0xDE,0x6B,0x4A,0xFF,0x94,0x4A,0x0,0x94,0xFF,0xFF,0xFF,0xFF,0xFF,0xDE,0x6B,0x0,0x0,0x0,0x0,0x0,0x0,0x0,0x0,0x0,0x0,
        0x0,0x0,0x0,0x0,0x0,0x0,0x0,0x0,0x0,0x0,0x0,0x0,0x0,0x21,0x4A,0xDE,0xFF,0xFF,0xFF,0xFF,0xDE,0xFF,0xFF,0xFF,0xFF,0x6B,0xB5,0x4A,0x4A,0x94,0xFF,0xFF,0xDE,0xDE,0xFF,0xFF,0xFF,0xFF,0xFF,0xFF,0xFF,0xFF,0xFF,0xFF,0xFF,0xFF,0x4A,0x0,0x0,0x0,0x0,0x0,0x0,0x0,0x0,0x0,
        0x0,0x0,0x0,0x0,0x0,0x0,0x0,0x0,0x0,0x0,0x21,0x0,0x6B,0xDE,0xFF,0xFF,0xDE,0x6B,0x4A,0x4A,0x0,0x21,0x94,0xB5,0x0,0x0,0x0,0x0,0x0,0x0,0x0,0x4A,0x21,0x0,0x21,0x94,0xDE,0xFF,0xFF,0xFF,0xFF,0xFF,0xFF,0xFF,0xFF,0xFF,0xFF,0xB5,0x0,0x0,0x0,0x0,0x0,0x0,0x0,0x0,
        0x0,0x0,0x0,0x0,0x0,0x4A,0x6B,0x4A,0xDE,0x6B,0xDE,0xDE,0xFF,0xFF,0xFF,0xFF,0x6B,0x0,0x0,0x0,0x0,0x0,0x0,0x6B,0xDE,0x94,0x21,0x0,0x0,0x0,0x0,0x0,0x4A,0x0,0x0,0x0,0x0,0x21,0x94,0xDE,0xFF,0xFF,0xFF,0xFF,0xFF,0xFF,0xFF,0xFF,0x6B,0x0,0x0,0x0,0x0,0x0,0x0,0x0,
        0x0,0x0,0x0,0x0,0xB5,0xFF,0xFF,0xFF,0xFF,0xB5,0x0,0x21,0x94,0x94,0x21,0x6B,0xDE,0xFF,0xB5,0x4A,0x0,0x0,0x0,0x0,0x21,0xFF,0xFF,0xDE,0x94,0xB5,0xFF,0xDE,0xFF,0xFF,0xB5,0x4A,0x4A,0xDE,0x6B,0x21,0x21,0x6B,0xFF,0xFF,0xFF,0xFF,0xFF,0xFF,0xFF,0x6B,0x0,0x0,0x0,0x0,0x0,0x0,
        0x0,0x0,0x0,0x21,0xFF,0xFF,0xFF,0xFF,0x6B,0xB5,0xFF,0xB5,0x21,0x0,0x0,0x0,0x0,0x0,0x6B,0xB5,0xFF,0xB5,0x6B,0xFF,0xDE,0xFF,0xFF,0xFF,0xFF,0xFF,0x4A,0x6B,0xB5,0x4A,0x4A,0xB5,0xFF,0xFF,0xFF,0xB5,0x0,0x21,0xDE,0xFF,0xFF,0xFF,0xFF,0xFF,0xFF,0xFF,0xB5,0x6B,0x0,0x0,0x0,0x0,
        0x0,0x0,0x0,0x6B,0xFF,0xFF,0xFF,0xFF,0x94,0x4A,0x0,0x4A,0x0,0x0,0x0,0x0,0x0,0x0,0x4A,0x21,0x0,0xB5,0xFF,0xFF,0xFF,0xFF,0xFF,0xFF,0xFF,0xB5,0x0,0x94,0x21,0x0,0x0,0x0,0x0,0x4A,0xFF,0xFF,0xB5,0x6B,0x94,0xFF,0xFF,0xFF,0xFF,0xFF,0xFF,0xFF,0xFF,0xFF,0x0,0x0,0x0,0x0,
        0x0,0x0,0x0,0xB5,0xFF,0xFF,0xFF,0xFF,0xFF,0xB5,0x0,0x0,0x0,0x0,0x0,0x0,0x0,0x0,0x94,0xFF,0xDE,0xFF,0xFF,0xFF,0xFF,0xFF,0xFF,0xFF,0x6B,0x6B,0xDE,0xDE,0xDE,0xDE,0x6B,0x0,0x0,0x0,0xB5,0xFF,0xFF,0xFF,0x21,0xDE,0xFF,0xFF,0xFF,0xFF,0x6B,0x0,0xB5,0xFF,0xB5,0x0,0x0,0x0,
        0x0,0x0,0x0,0xFF,0xFF,0xFF,0xFF,0xFF,0xFF,0xFF,0xFF,0x21,0x6B,0xFF,0xB5,0x4A,0x0,0x4A,0x94,0xFF,0xFF,0xFF,0xFF,0xFF,0xFF,0xFF,0xFF,0xFF,0x21,0xDE,0x6B,0x21,0x0,0xB5,0xB5,0x0,0x0,0x0,0x4A,0xFF,0xFF,0xFF,0xFF,0xFF,0xFF,0xFF,0xFF,0xFF,0x4A,0x0,0x4A,0xDE,0xFF,0x21,0x0,0x0,
        0x0,0x0,0x6B,0xFF,0xFF,0xFF,0xFF,0xFF,0xFF,0xFF,0xFF,0x0,0x0,0x0,0x6B,0xB5,0xFF,0xFF,0xFF,0xFF,0xFF,0xFF,0xFF,0xFF,0xFF,0xFF,0xFF,0xDE,0x0,0xFF,0xB5,0x4A,0x0,0xFF,0xFF,0x21,0x0,0x0,0xB5,0xFF,0xFF,0xFF,0xFF,0xFF,0xFF,0xFF,0xFF,0xFF,0xDE,0x0,0x0,0x0,0xFF,0x94,0x0,0x0,
        0x0,0x0,0xB5,0xFF,0xFF,0xFF,0xFF,0xFF,0xFF,0xFF,0xB5,0x0,0x0,0x0,0x0,0x0,0x0,0xFF,0xFF,0xFF,0xFF,0xB5,0xFF,0xFF,0xFF,0xFF,0xFF,0x6B,0x0,0x0,0x4A,0xB5,0xFF,0xDE,0x94,0x0,0x0,0x6B,0xFF,0xFF,0xFF,0xFF,0xFF,0xFF,0xFF,0xFF,0xFF,0xFF,0xFF,0x6B,0x0,0x0,0x6B,0xFF,0x21,0x0,
        0x0,0x0,0xDE,0xFF,0xFF,0xFF,0xFF,0xFF,0xB5,0xFF,0x4A,0x0,0x0,0x0,0x0,0x0,0x0,0x94,0xFF,0xDE,0x4A,0x0,0x0,0x4A,0x94,0xFF,0xFF,0x94,0x21,0x0,0x6B,0x4A,0x0,0x21,0x21,0x6B,0xDE,0xFF,0xFF,0xFF,0xFF,0xFF,0xFF,0xFF,0xFF,0xFF,0xFF,0xFF,0xFF,0xDE,0x0,0x0,0x21,0xDE,0x94,0x0,
        0x0,0x0,0x4A,0xFF,0xFF,0xDE,0x0,0x4A,0x0,0x0,0x0,0x4A,0x0,0x0,0x0,0x0,0x0,0x94,0xFF,0x6B,0x0,0x0,0x0,0x0,0x21,0xFF,0xFF,0xFF,0xFF,0xDE,0xFF,0xFF,0xFF,0x94,0xDE,0xFF,0xFF,0xFF,0xFF,0xFF,0xFF,0xFF,0xFF,0xFF,0xFF,0xFF,0xFF,0xFF,0xFF,0xFF,0x0,0x0,0x0,0x6B,0x21,0x0,
        0x0,0x0,0x0,0x21,0xDE,0xFF,0xFF,0x94,0x4A,0x0,0x0,0xB5,0xFF,0xB5,0x6B,0x21,0xDE,0xFF,0xFF,0x21,0x0,0x0,0x0,0x0,0x0,0x0,0x94,0xFF,0xFF,0xFF,0xFF,0xFF,0xFF,0xFF,0xFF,0xFF,0xFF,0xFF,0xFF,0xFF,0xFF,0xFF,0xFF,0xFF,0xFF,0xFF,0xFF,0xFF,0xFF,0xDE,0x21,0x0,0x0,0x0,0x0,0x0,
        0x0,0x0,0x0,0x0,0x6B,0xDE,0x4A,0x6B,0xDE,0x4A,0x0,0x0,0x0,0x4A,0x94,0xFF,0xFF,0xFF,0xDE,0x0,0x0,0x0,0x0,0x0,0x0,0x0,0x4A,0xB5,0xFF,0xFF,0xFF,0xFF,0xFF,0xFF,0xFF,0xFF,0xFF,0xFF,0xFF,0xFF,0xFF,0xFF,0xFF,0xFF,0xFF,0xFF,0xFF,0xFF,0xFF,0xFF,0x6B,0x0,0x0,0x0,0x0,0x0,
        0x0,0x0,0x0,0x0,0x0,0x0,0xDE,0x6B,0x21,0x0,0x0,0x0,0x0,0x0,0x0,0x94,0xFF,0xFF,0xFF,0x6B,0x0,0x0,0x0,0x0,0x0,0x0,0x0,0x0,0x0,0x4A,0x94,0xFF,0xFF,0xFF,0xFF,0xFF,0xFF,0xFF,0xFF,0xFF,0xFF,0xFF,0xFF,0xFF,0xFF,0xFF,0xFF,0xFF,0xFF,0xFF,0x4A,0x0,0x0,0x0,0x0,0x0,
        0x0,0x0,0x0,0x0,0x0,0x0,0x21,0xB5,0xFF,0x94,0x0,0x0,0x0,0x0,0x0,0x0,0xFF,0xFF,0xFF,0xDE,0x6B,0x0,0x0,0x4A,0x21,0x6B,0x94,0x4A,0x0,0x0,0x0,0x0,0x4A,0x94,0xFF,0xFF,0xFF,0xFF,0xFF,0xFF,0xFF,0xFF,0xFF,0xFF,0xFF,0xFF,0xFF,0xFF,0xFF,0xFF,0xDE,0x0,0x0,0x0,0x0,0x0,
        0x0,0x0,0x0,0x0,0x0,0x0,0x0,0x6B,0xFF,0xDE,0x6B,0x21,0x0,0x0,0x21,0xFF,0xFF,0xFF,0xFF,0xFF,0xFF,0xFF,0xDE,0xFF,0xFF,0xFF,0xFF,0xFF,0xFF,0x94,0x4A,0x0,0x0,0x0,0x0,0x4A,0x94,0xFF,0xFF,0xFF,0xFF,0xFF,0xFF,0xFF,0xFF,0xFF,0xFF,0xFF,0xFF,0xFF,0x94,0x0,0x0,0x0,0x0,0x0,
        0x0,0x0,0x0,0x0,0x0,0x0,0x0,0x0,0xDE,0xFF,0xFF,0xFF,0xDE,0x6B,0x21,0x21,0x6B,0xDE,0xFF,0xFF,0xFF,0xFF,0xFF,0xFF,0xFF,0xFF,0xFF,0xFF,0xFF,0xFF,0xFF,0xFF,0x94,0x4A,0x0,0x0,0x0,0x0,0x21,0x94,0xDE,0xFF,0xFF,0xFF,0xFF,0xFF,0xFF,0xFF,0xFF,0xFF,0xFF,0x21,0x0,0x0,0x0,0x0,
        0x0,0x0,0x0,0x0,0x0,0x0,0x0,0x0,0x21,0xFF,0xFF,0x0,0x4A,0x94,0xDE,0xDE,0x94,0xDE,0xFF,0xFF,0xFF,0xFF,0xFF,0xFF,0x94,0x4A,0x94,0xFF,0xFF,0xFF,0xFF,0xFF,0xFF,0xFF,0xFF,0xB5,0x4A,0x0,0x0,0x0,0x0,0x21,0x94,0xDE,0xFF,0xFF,0xFF,0xFF,0xFF,0xFF,0xFF,0x94,0x0,0x0,0x0,0x0,
        0x0,0x0,0x0,0x0,0x0,0x0,0x0,0x0,0x0,0xB5,0xFF,0x94,0x0,0x0,0x0,0x21,0x94,0xDE,0xFF,0xFF,0xFF,0xFF,0xFF,0xFF,0x4A,0x0,0x0,0x94,0xFF,0xFF,0xFF,0xFF,0xFF,0xFF,0xFF,0xFF,0xFF,0xFF,0xB5,0x4A,0x0,0x0,0x0,0x0,0x21,0xDE,0xFF,0xFF,0xFF,0xFF,0xFF,0xDE,0x21,0x0,0x0,0x0,
        0x0,0x0,0x0,0x0,0x0,0x0,0x0,0x0,0x0,0x4A,0xFF,0xFF,0xB5,0x21,0x0,0x0,0x0,0x4A,0xFF,0xFF,0xFF,0xFF,0xFF,0xFF,0x0,0xB5,0x4A,0x0,0x4A,0x94,0xFF,0xFF,0xFF,0xFF,0xFF,0xFF,0xFF,0xFF,0xFF,0xFF,0xFF,0xB5,0x6B,0x0,0x0,0xFF,0xFF,0xFF,0xFF,0xFF,0xFF,0xFF,0x94,0x0,0x0,0x0,
        0x0,0x0,0x0,0x0,0x0,0x0,0x0,0x0,0x0,0x0,0xFF,0xFF,0xFF,0x4A,0x0,0x0,0x0,0x0,0x4A,0xDE,0xFF,0xFF,0xFF,0x94,0x4A,0xDE,0xB5,0xFF,0xB5,0x4A,0x0,0xFF,0xFF,0xFF,0xFF,0xFF,0xFF,0xFF,0xFF,0xFF,0xFF,0xFF,0xFF,0xFF,0xDE,0xFF,0xFF,0xFF,0xFF,0xFF,0xFF,0xFF,0xFF,0x0,0x0,0x0,
        0x0,0x0,0x0,0x0,0x0,0x0,0x0,0x0,0x0,0x21,0xFF,0xFF,0xFF,0xFF,0xFF,0x94,0x4A,0xFF,0xB5,0xFF,0xFF,0xFF,0xFF,0x6B,0xB5,0xB5,0x0,0x0,0xB5,0xB5,0x0,0x94,0xFF,0xFF,0xFF,0xFF,0xFF,0xFF,0xFF,0xFF,0xFF,0xFF,0xFF,0xFF,0xFF,0xFF,0xFF,0xFF,0xFF,0xFF,0xFF,0xFF,0xFF,0xFF,0x94,0x0,
        0x0,0x0,0x0,0x0,0x0,0x0,0x0,0x0,0x0,0x0,0x94,0xFF,0xFF,0xFF,0xFF,0xFF,0xB5,0x0,0x4A,0xB5,0xFF,0xFF,0xFF,0xFF,0x21,0xFF,0x4A,0x0,0xDE,0xFF,0x4A,0x21,0xDE,0xFF,0xFF,0xFF,0xFF,0xFF,0xFF,0xFF,0xFF,0xFF,0xFF,0xFF,0xFF,0xFF,0xFF,0xFF,0xFF,0xFF,0xFF,0xFF,0xFF,0xFF,0xFF,0x0,
        0x0,0x0,0x0,0x0,0x0,0x0,0x0,0x0,0x0,0x0,0x0,0xFF,0xFF,0xFF,0xFF,0xFF,0xFF,0x4A,0x0,0x0,0x0,0x4A,0xDE,0xB5,0x0,0x94,0xDE,0xDE,0xFF,0xDE,0x0,0x0,0xB5,0xFF,0xFF,0xFF,0xFF,0xFF,0xFF,0xFF,0xFF,0xFF,0xFF,0xFF,0xFF,0xFF,0xFF,0xFF,0xFF,0xFF,0xFF,0x94,0x0,0x21,0x94,0x0,
        0x0,0x0,0x0,0x0,0x0,0x0,0x0,0x0,0x0,0x0,0x0,0x6B,0xFF,0xFF,0xFF,0xFF,0xFF,0xDE,0x94,0x0,0x0,0x0,0x6B,0xFF,0xB5,0x6B,0x0,0x21,0x4A,0x0,0x0,0x0,0x21,0xFF,0xFF,0xFF,0xFF,0xFF,0xFF,0xFF,0xFF,0xFF,0xFF,0xFF,0xFF,0xFF,0xFF,0xFF,0xFF,0xB5,0x21,0x0,0x0,0x0,0x0,0x0,
        0x0,0x0,0x0,0x0,0x0,0x0,0x0,0x0,0x0,0x0,0x0,0x21,0xDE,0xFF,0xFF,0xFF,0xFF,0xFF,0xFF,0x21,0x0,0x0,0x0,0x0,0xFF,0xFF,0x21,0x0,0x0,0x0,0x0,0x0,0x94,0xFF,0xFF,0xFF,0xFF,0xFF,0xFF,0xFF,0xFF,0xFF,0xFF,0xFF,0xFF,0xFF,0xFF,0x94,0x21,0x0,0x0,0x0,0x0,0x0,0x0,0x0,
        0x0,0x0,0x0,0x0,0x0,0x0,0x0,0x0,0x0,0x0,0x0,0x0,0x94,0xFF,0xFF,0xFF,0x6B,0x21,0x94,0xDE,0xDE,0x94,0x21,0x0,0x6B,0xB5,0xFF,0xB5,0x4A,0x0,0x0,0x6B,0xDE,0xFF,0xFF,0xFF,0xFF,0xFF,0xFF,0xFF,0xFF,0xFF,0xFF,0xFF,0xFF,0xFF,0xDE,0x0,0x0,0x0,0x0,0x0,0x0,0x0,0x0,0x0,
        0x0,0x0,0x0,0x0,0x0,0x0,0x0,0x0,0x0,0x0,0x0,0x0,0x0,0x0,0xFF,0xFF,0xFF,0x0,0x0,0x0,0xDE,0xFF,0xFF,0x4A,0x0,0x0,0x0,0x4A,0xDE,0xFF,0xDE,0xFF,0xFF,0xFF,0xFF,0xFF,0xFF,0xFF,0xFF,0xFF,0xFF,0xFF,0xFF,0xFF,0xFF,0x94,0x21,0x0,0x0,0x0,0x0,0x0,0x0,0x0,0x0,0x0,
        0x0,0x0,0x0,0x0,0x0,0x0,0x0,0x0,0x0,0x0,0x0,0x0,0x0,0x0,0x6B,0xB5,0xFF,0x94,0x0,0x0,0x4A,0x94,0xFF,0xDE,0x6B,0x21,0x0,0x0,0x6B,0xFF,0xFF,0xDE,0xFF,0xFF,0xDE,0xFF,0xFF,0xFF,0xFF,0xFF,0xFF,0xFF,0xFF,0xFF,0xB5,0x21,0x0,0x0,0x0,0x0,0x0,0x0,0x0,0x0,0x0,0x0,
        0x0,0x0,0x0,0x0,0x0,0x0,0x0,0x0,0x0,0x0,0x0,0x0,0x0,0x0,0x0,0x0,0x0,0x6B,0x21,0x0,0x0,0x0,0x0,0x6B,0xFF,0xFF,0xDE,0x94,0x21,0x0,0x6B,0x21,0x0,0x4A,0x6B,0x94,0xFF,0xFF,0xFF,0xFF,0xFF,0xFF,0xFF,0xDE,0x0,0x0,0x0,0x0,0x0,0x0,0x0,0x0,0x0,0x0,0x0,0x0,
        0x0,0x0,0x0,0x0,0x0,0x0,0x0,0x0,0x0,0x0,0x0,0x0,0x0,0x0,0x0,0x0,0x0,0xDE,0x4A,0x0,0x0,0x0,0x0,0x21,0x94,0xFF,0xFF,0xFF,0xFF,0xDE,0x94,0x21,0x0,0x94,0xFF,0xFF,0xFF,0xFF,0xFF,0xFF,0xFF,0xFF,0x94,0x21,0x0,0x0,0x0,0x0,0x0,0x0,0x0,0x0,0x0,0x0,0x0,0x0,
        0x0,0x0,0x0,0x0,0x0,0x0,0x0,0x0,0x0,0x0,0x0,0x0,0x0,0x0,0x0,0x0,0x0,0x6B,0x0,0x0,0x0,0x0,0x0,0x0,0x0,0x0,0x4A,0xDE,0xFF,0xFF,0xFF,0xFF,0xFF,0xFF,0xFF,0xFF,0xFF,0xFF,0xFF,0xFF,0x94,0x0,0x0,0x0,0x0,0x0,0x6B,0x0,0x0,0x0,0x0,0x0,0x0,0x0,0x0,0x0,
        0x0,0x0,0x0,0x0,0x0,0x0,0x0,0x0,0x0,0x0,0x0,0x0,0x0,0x0,0x0,0x0,0x0,0x0,0x0,0x0,0x0,0x0,0x0,0x0,0x0,0x0,0x0,0x94,0xFF,0xFF,0xFF,0xFF,0xFF,0xFF,0xFF,0xFF,0xFF,0xFF,0xFF,0xB5,0x0,0x0,0x0,0x0,0x21,0xDE,0xFF,0x0,0x0,0x0,0x0,0x0,0x0,0x0,0x0,0x0,
        0x0,0x0,0x0,0x0,0x0,0x0,0x0,0x0,0x0,0x0,0x0,0x0,0x0,0x0,0x0,0x0,0x0,0x0,0x0,0x0,0x0,0x0,0x0,0x0,0x0,0x0,0x0,0x21,0xFF,0xFF,0xFF,0xFF,0xFF,0xFF,0xFF,0xFF,0xFF,0xFF,0xFF,0xDE,0x4A,0x94,0xB5,0xB5,0xFF,0xB5,0x6B,0x0,0x0,0x0,0x0,0x0,0x0,0x0,0x0,0x0,
        0x0,0x0,0x0,0x0,0x0,0x0,0x0,0x0,0x0,0x0,0x0,0x0,0x0,0x0,0x0,0x0,0x0,0x0,0x0,0x0,0x0,0x0,0x0,0x0,0x0,0x0,0x0,0x0,0x0,0x94,0xFF,0xFF,0xFF,0xFF,0xFF,0xFF,0xFF,0xFF,0xFF,0xFF,0xFF,0xFF,0xFF,0xB5,0x4A,0x0,0x0,0x0,0x0,0x0,0x0,0x0,0x0,0x0,0x0,0x0,
        0x0,0x0,0x0,0x0,0x0,0x0,0x0,0x0,0x0,0x0,0x0,0x0,0x0,0x0,0x0,0x0,0x0,0x0,0x0,0x0,0x0,0x0,0x0,0x0,0x0,0x0,0x0,0x0,0x0,0x4A,0xB5,0xFF,0xFF,0xFF,0xFF,0xFF,0xDE,0xDE,0xB5,0x6B,0xDE,0xDE,0x4A,0x0,0x0,0x0,0x0,0x0,0x0,0x0,0x0,0x0,0x0,0x0,0x0,0x0,
        0x0,0x0,0x0,0x0,0x0,0x0,0x0,0x0,0x0,0x0,0x0,0x0,0x0,0x0,0x0,0x0,0x0,0x0,0x0,0x0,0x0,0x0,0x0,0x0,0x0,0x0,0x0,0x0,0x0,0x0,0x0,0x0,0x4A,0xB5,0x21,0x4A,0x21,0x0,0x0,0x0,0x0,0x0,0x0,0x0,0x0,0x0,0x0,0x0,0x0,0x0,0x0,0x0,0x0,0x0,0x0,0x0,
        0x0,0x0,0x0,0x0,0x0,0x0,0x0,0x0,0x0,0x0,0x0,0x0,0x0,0x0,0x0,0x0,0x0,0x0,0x0,0x0,0x0,0x0,0x0,0x0,0x0,0x0,0x0,0x0,0x0,0x0,0x0,0x0,0x0,0x0,0x0,0x0,0x0,0x0,0x0,0x0,0x0,0x0,0x0,0x0,0x0,0x0,0x0,0x0,0x0,0x0,0x0,0x0,0x0,0x0,0x0,0x0,
        0x0,0x0,0x0,0x0,0x0,0x0,0x0,0x0,0x0,0x0,0x0,0x0,0x0,0x0,0x0,0x0,0x0,0x0,0x0,0x0,0x0,0x0,0x0,0x0,0x0,0x0,0x0,0x0,0x0,0x0,0x0,0x0,0x0,0x0,0x0,0x0,0x0,0x0,0x0,0x0,0x0,0x0,0x0,0x0,0x0,0x0,0x0,0x0,0x0,0x0,0x0,0x0,0x0,0x0,0x0,0x0,
        0x0,0x0,0x0,0x0,0x0,0x0,0x0,0x0,0x0,0x0,0x0,0x0,0x0,0x0,0x0,0x0,0x0,0x0,0x0,0x0,0x0,0x0,0x0,0x0,0x0,0x0,0x0,0x0,0x0,0x0,0x0,0x0,0x0,0x0,0x0,0x0,0x0,0x0,0x0,0x0,0x0,0x0,0x0,0x0,0x0,0x0,0x0,0x0,0x0,0x0,0x0,0x0,0x0,0x0,0x0,0x0,
        0x0,0x0,0x0,0x0,0x0,0x0,0x0,0x0,0x0,0x0,0x0,0x0,0x0,0x0,0x0,0x0,0x0,0x0,0x0,0x0,0x0,0x0,0x0,0x0,0x0,0x0,0x0,0x0,0x0,0x0,0x0,0x0,0x0,0x0,0x0,0x0,0x0,0x0,0x0,0x0,0x0,0x0,0x0,0x0,0x0,0x0,0x0,0x0,0x0,0x0,0x0,0x0,0x0,0x0,0x0,0x0
    }
};

const gfx_sprite_t sprite_gaster_blaster_0_15 = {
    .width = 56,
    .height = 56,
    .data = {
        0x0,0x0,0x0,0x0,0x0,0x0,0x0,0x0,0x0,0x0,0x0,0x0,0x0,0x0,0x0,0x0,0x0,0x0,0x0,0x0,0x0,0x0,0x0,0x0,0x0,0x0,0x0,0x0,0x0,0x0,0x0,0x0,0x0,0x0,0x0,0x0,0x0,0x0,0x0,0x0,0x0,0x0,0x0,0x0,0x0,0x0,0x0,0x0,0x0,0x0,0x0,0x0,0x0,0x0,0x0,0x0,
        0x0,0x0,0x0,0x0,0x0,0x0,0x0,0x0,0x0,0x0,0x0,0x0,0x0,0x0,0x0,0x0,0x0,0x0,0x0,0x0,0x0,0x0,0x0,0x0,0x0,0x0,0x0,0x0,0x0,0x0,0x0,0x0,0x0,0x0,0x0,0x0,0x0,0x0,0x0,0x0,0x0,0x0,0x0,0x0,0x0,0x0,0x0,0x0,0x0,0x0,0x0,0x0,0x0,0x0,0x0,0x0,
        0x0,0x0,0x0,0x0,0x0,0x0,0x0,0x0,0x0,0x0,0x0,0x0,0x0,0x0,0x0,0x0,0x0,0x0,0x0,0x0,0x0,0x0,0x0,0x0,0x0,0x0,0x0,0x0,0x0,0x0,0x0,0x0,0x0,0x0,0x0,0x0,0x0,0x0,0x0,0x0,0x0,0x0,0x0,0x0,0x0,0x0,0x0,0x0,0x0,0x0,0x0,0x0,0x0,0x0,0x0,0x0,
        0x0,0x0,0x0,0x0,0x0,0x0,0x0,0x0,0x0,0x0,0x0,0x0,0x0,0x0,0x0,0x0,0x0,0x0,0x0,0x0,0x0,0x0,0x0,0x0,0x0,0x0,0x0,0x0,0x0,0x0,0x0,0x0,0x0,0x0,0x0,0x0,0x0,0x0,0x0,0x0,0x0,0x0,0x0,0x0,0x0,0x0,0x0,0x0,0x0,0x0,0x0,0x0,0x0,0x0,0x0,0x0,
        0x0,0x0,0x0,0x0,0x0,0x0,0x0,0x0,0x0,0x0,0x0,0x0,0x0,0x0,0x0,0x0,0x0,0x0,0x0,0x0,0x0,0x0,0x0,0x0,0x0,0x0,0x0,0x0,0x0,0x0,0x0,0x0,0x0,0x0,0x0,0x0,0x0,0x0,0x0,0x0,0x0,0x0,0x0,0x0,0x0,0x0,0x0,0x0,0x0,0x0,0x0,0x0,0x0,0x0,0x0,0x0,
        0x0,0x0,0x0,0x0,0x0,0x0,0x0,0x0,0x0,0x0,0x0,0x0,0x0,0x0,0x0,0x0,0x0,0x0,0x0,0x0,0x0,0x0,0x0,0x0,0x0,0x0,0x0,0x0,0x0,0x0,0x0,0x0,0x0,0x0,0x0,0x0,0x0,0x0,0x0,0x0,0x0,0x0,0x0,0x0,0x0,0x0,0x0,0x0,0x0,0x0,0x0,0x0,0x0,0x0,0x0,0x0,
        0x0,0x0,0x0,0x0,0x0,0x0,0x0,0x0,0x0,0x0,0x0,0x0,0x0,0x0,0x0,0x0,0x0,0x0,0x0,0x0,0x0,0x0,0x0,0x0,0x0,0x0,0x0,0x0,0x0,0x0,0x0,0x0,0x0,0x0,0x0,0x0,0x0,0x0,0x0,0x0,0x0,0x0,0x0,0x0,0x0,0x0,0x0,0x0,0x0,0x0,0x0,0x0,0x0,0x0,0x0,0x0,
        0x0,0x0,0x0,0x0,0x0,0x0,0x0,0x0,0x0,0x0,0x0,0x0,0x0,0x0,0x0,0x0,0x0,0x0,0x0,0x0,0x0,0x0,0x0,0x0,0x0,0x0,0x0,0x0,0x0,0x0,0x0,0x0,0x0,0x0,0x0,0x0,0x0,0x0,0x0,0x0,0x0,0x0,0x0,0x0,0x0,0x0,0x0,0x0,0x0,0x0,0x0,0x0,0x0,0x0,0x0,0x0,
        0x0,0x0,0x0,0x0,0x0,0x0,0x0,0x0,0x0,0x0,0x0,0x0,0x0,0x0,0x0,0x0,0x0,0x0,0x0,0x0,0x0,0x0,0x0,0x0,0x0,0x0,0x0,0x0,0x0,0x0,0x0,0x0,0x0,0x0,0x0,0x0,0x0,0x0,0x0,0x0,0x0,0x0,0x0,0x0,0x0,0x0,0x0,0x0,0x0,0x0,0x0,0x0,0x0,0x0,0x0,0x0,
        0x0,0x0,0x0,0x0,0x0,0x0,0x0,0x0,0x0,0x0,0x0,0x0,0x0,0x0,0x0,0x0,0x0,0x0,0x0,0x0,0x0,0x0,0x0,0xFF,0x0,0x0,0x0,0x0,0x0,0x0,0x0,0x0,0x0,0x0,0x0,0x0,0xFF,0xFF,0xFF,0xFF,0xFF,0x0,0x0,0x0,0x0,0x0,0x0,0x0,0x0,0x0,0x0,0x0,0x0,0x0,0x0,0x0,
        0x0,0x0,0x0,0x0,0x0,0x0,0x0,0x0,0x0,0x0,0x0,0x0,0x0,0x0,0x0,0x0,0x0,0x0,0x0,0x0,0x0,0x0,0x0,0xFF,0x0,0x0,0x0,0x0,0x0,0x0,0x0,0x0,0x0,0x0,0xFF,0xFF,0xFF,0xFF,0xFF,0xFF,0xFF,0xFF,0xFF,0x0,0x0,0x0,0x0,0x0,0x0,0x0,0x0,0x0,0x0,0x0,0x0,0x0,
        0x0,0x0,0x0,0x0,0x0,0x0,0x0,0x0,0x0,0x0,0x0,0x0,0x0,0x0,0x0,0x0,0x0,0x0,0x0,0xFF,0xFF,0xFF,0xFF,0x0,0x0,0x0,0x0,0x0,0x0,0x0,0x0,0x0,0x0,0xFF,0xFF,0xFF,0xFF,0xFF,0xFF,0xFF,0xFF,0xFF,0xFF,0xFF,0xFF,0x0,0x0,0x0,0x0,0x0,0x0,0x0,0x0,0x0,0x0,0x0,
        0x0,0x0,0x0,0x0,0x0,0x0,0x0,0x0,0x0,0x0,0x0,0x0,0x0,0x0,0x0,0x0,0x0,0xFF,0xFF,0xFF,0xFF,0xFF,0x0,0x0,0x0,0x0,0x0,0x0,0x0,0xFF,0xFF,0xFF,0xFF,0xFF,0xFF,0xFF,0xFF,0xFF,0xFF,0xFF,0xFF,0xFF,0xFF,0xFF,0xFF,0xFF,0xFF,0xFF,0x0,0x0,0x0,0x0,0x0,0x0,0x0,0x0,
        0x0,0x0,0x0,0x0,0x0,0x0,0x0,0x0,0x0,0x0,0x0,0x0,0x0,0x0,0x0,0x0,0xFF,0xFF,0xFF,0xFF,0xFF,0x0,0x0,0x0,0x0,0xFF,0xFF,0xFF,0xFF,0xFF,0xFF,0xFF,0xFF,0xFF,0xFF,0xFF,0xFF,0xFF,0xFF,0xFF,0xFF,0xFF,0xFF,0xFF,0xFF,0xFF,0xFF,0xFF,0xFF,0x0,0x0,0x0,0x0,0x0,0x0,0x0,
        0x0,0x0,0x0,0x0,0x0,0x0,0x0,0x0,0x0,0x0,0x0,0x0,0x0,0x0,0x0,0xFF,0xFF,0xFF,0xFF,0xFF,0xFF,0xFF,0xFF,0xFF,0xFF,0xFF,0xFF,0xFF,0x0,0x0,0x0,0x0,0x0,0x0,0x0,0x0,0x0,0x0,0xFF,0xFF,0xFF,0xFF,0xFF,0xFF,0xFF,0x0,0x0,0xFF,0xFF,0xFF,0x0,0x0,0x0,0x0,0x0,0x0,
        0x0,0x0,0x0,0x0,0x0,0x0,0x0,0x0,0x0,0x0,0x0,0x0,0x0,0x0,0xFF,0xFF,0xFF,0xFF,0xFF,0xFF,0xFF,0xFF,0xFF,0x0,0x0,0x0,0x0,0x0,0x0,0x0,0x0,0x0,0x0,0xFF,0xFF,0xFF,0x0,0x0,0x0,0xFF,0xFF,0xFF,0xFF,0xFF,0xFF,0x0,0x0,0x0,0x0,0xFF,0xFF,0x0,0x0,0x0,0x0,0x0,
        0x0,0x0,0x0,0x0,0x0,0x0,0x0,0x0,0x0,0x0,0x0,0x0,0x0,0xFF,0xFF,0xFF,0xFF,0xFF,0xFF,0xFF,0xFF,0x0,0x0,0x0,0x0,0x0,0x0,0x0,0xFF,0xFF,0xFF,0xFF,0xFF,0xFF,0xFF,0xFF,0xFF,0xFF,0xFF,0x0,0xFF,0xFF,0xFF,0xFF,0xFF,0xFF,0x0,0x0,0x0,0x0,0xFF,0xFF,0x0,0x0,0x0,0x0,
        0x0,0x0,0x0,0x0,0x0,0x0,0x0,0x0,0x0,0x0,0x0,0x0,0x0,0xFF,0xFF,0xFF,0xFF,0xFF,0xFF,0xFF,0x0,0x0,0x0,0x0,0x0,0x0,0xFF,0xFF,0xFF,0xFF,0x0,0x0,0x0,0x0,0x0,0xFF,0xFF,0xFF,0xFF,0xFF,0xFF,0xFF,0xFF,0xFF,0xFF,0xFF,0xFF,0x0,0x0,0x0,0x0,0xFF,0x0,0x0,0x0,0x0,
        0x0,0x0,0x0,0x0,0x0,0x0,0x0,0x0,0x0,0x0,0x0,0x0,0xFF,0xFF,0xFF,0xFF,0x0,0x0,0x0,0x0,0xFF,0xFF,0xFF,0xFF,0xFF,0xFF,0xFF,0x0,0x0,0x0,0x0,0x0,0x0,0x0,0x0,0x0,0xFF,0xFF,0xFF,0xFF,0xFF,0xFF,0xFF,0xFF,0xFF,0xFF,0xFF,0xFF,0x0,0x0,0x0,0x0,0x0,0x0,0x0,0x0,
        0x0,0x0,0x0,0x0,0x0,0x0,0x0,0x0,0x0,0x0,0x0,0xFF,0xFF,0xFF,0x0,0x0,0x0,0x0,0x0,0x0,0x0,0x0,0xFF,0xFF,0xFF,0xFF,0xFF,0x0,0xFF,0xFF,0xFF,0xFF,0x0,0x0,0x0,0x0,0xFF,0xFF,0xFF,0xFF,0xFF,0xFF,0xFF,0xFF,0xFF,0xFF,0xFF,0xFF,0x0,0x0,0x0,0x0,0x0,0x0,0x0,0x0,
        0x0,0x0,0x0,0x0,0x0,0x0,0x0,0x0,0x0,0x0,0xFF,0xFF,0xFF,0x0,0x0,0x0,0x0,0x0,0x0,0x0,0xFF,0xFF,0xFF,0xFF,0xFF,0xFF,0x0,0xFF,0xFF,0x0,0x0,0xFF,0xFF,0x0,0x0,0x0,0xFF,0xFF,0xFF,0xFF,0xFF,0xFF,0xFF,0xFF,0xFF,0xFF,0xFF,0xFF,0xFF,0x0,0x0,0x0,0x0,0x0,0x0,0x0,
        0x0,0x0,0x0,0x0,0x0,0x0,0x0,0x0,0x0,0xFF,0xFF,0xFF,0xFF,0xFF,0xFF,0xFF,0xFF,0xFF,0xFF,0xFF,0xFF,0xFF,0xFF,0xFF,0xFF,0xFF,0x0,0xFF,0x0,0x0,0x0,0xFF,0xFF,0x0,0x0,0xFF,0xFF,0xFF,0xFF,0xFF,0xFF,0xFF,0xFF,0xFF,0xFF,0xFF,0xFF,0xFF,0xFF,0x0,0x0,0x0,0x0,0x0,0x0,0x0,
        0x0,0x0,0x0,0x0,0x0,0x0,0x0,0xFF,0xFF,0xFF,0xFF,0x0,0x0,0x0,0x0,0x0,0x0,0x0,0x0,0xFF,0xFF,0xFF,0xFF,0xFF,0xFF,0xFF,0x0,0xFF,0xFF,0xFF,0xFF,0xFF,0x0,0x0,0xFF,0xFF,0xFF,0xFF,0xFF,0xFF,0xFF,0xFF,0xFF,0xFF,0xFF,0xFF,0xFF,0xFF,0xFF,0xFF,0x0,0x0,0x0,0x0,0x0,0x0,
        0x0,0x0,0x0,0x0,0x0,0xFF,0xFF,0x0,0x0,0x0,0x0,0x0,0x0,0x0,0x0,0x0,0xFF,0xFF,0xFF,0xFF,0xFF,0xFF,0xFF,0xFF,0xFF,0xFF,0x0,0x0,0x0,0x0,0x0,0x0,0x0,0xFF,0xFF,0xFF,0xFF,0xFF,0xFF,0xFF,0xFF,0xFF,0xFF,0xFF,0xFF,0xFF,0xFF,0xFF,0xFF,0xFF,0x0,0x0,0x0,0x0,0x0,0x0,
        0x0,0x0,0x0,0xFF,0xFF,0xFF,0xFF,0xFF,0xFF,0xFF,0x0,0x0,0x0,0x0,0x0,0x0,0x0,0xFF,0xFF,0xFF,0xFF,0xFF,0xFF,0xFF,0xFF,0xFF,0x0,0x0,0x0,0xFF,0xFF,0xFF,0xFF,0xFF,0xFF,0xFF,0xFF,0xFF,0xFF,0xFF,0xFF,0xFF,0xFF,0xFF,0xFF,0xFF,0xFF,0xFF,0xFF,0xFF,0xFF,0x0,0x0,0x0,0x0,0x0,
        0x0,0x0,0xFF,0xFF,0xFF,0xFF,0x0,0x0,0x0,0x0,0x0,0x0,0x0,0x0,0x0,0x0,0xFF,0xFF,0xFF,0xFF,0xFF,0xFF,0xFF,0xFF,0xFF,0xFF,0xFF,0xFF,0xFF,0xFF,0xFF,0xFF,0xFF,0xFF,0xFF,0xFF,0xFF,0xFF,0xFF,0xFF,0xFF,0xFF,0xFF,0xFF,0xFF,0xFF,0xFF,0xFF,0xFF,0xFF,0xFF,0xFF,0x0,0x0,0x0,0x0,
        0x0,0x0,0xFF,0xFF,0xFF,0xFF,0xFF,0xFF,0x0,0x0,0x0,0xFF,0xFF,0xFF,0xFF,0xFF,0xFF,0xFF,0xFF,0xFF,0x0,0x0,0x0,0x0,0xFF,0xFF,0xFF,0xFF,0xFF,0xFF,0xFF,0xFF,0xFF,0xFF,0xFF,0xFF,0xFF,0xFF,0xFF,0xFF,0xFF,0xFF,0xFF,0xFF,0xFF,0xFF,0xFF,0xFF,0xFF,0xFF,0xFF,0xFF,0xFF,0x0,0x0,0x0,
        0x0,0x0,0xFF,0xFF,0xFF,0xFF,0xFF,0xFF,0xFF,0xFF,0x0,0x0,0x0,0x0,0x0,0x0,0xFF,0xFF,0xFF,0x0,0x0,0x0,0x0,0x0,0x0,0x0,0xFF,0xFF,0xFF,0xFF,0xFF,0xFF,0xFF,0xFF,0xFF,0xFF,0xFF,0xFF,0xFF,0xFF,0xFF,0xFF,0xFF,0xFF,0xFF,0xFF,0xFF,0xFF,0xFF,0xFF,0xFF,0xFF,0xFF,0xFF,0x0,0x0,
        0x0,0x0,0xFF,0xFF,0xFF,0xFF,0xFF,0xFF,0xFF,0xFF,0x0,0x0,0x0,0x0,0x0,0x0,0x0,0xFF,0xFF,0x0,0x0,0x0,0x0,0x0,0x0,0x0,0x0,0x0,0x0,0x0,0x0,0x0,0x0,0x0,0x0,0x0,0x0,0x0,0x0,0x0,0x0,0x0,0x0,0x0,0x0,0x0,0xFF,0xFF,0xFF,0xFF,0xFF,0xFF,0xFF,0xFF,0xFF,0xFF,
        0x0,0x0,0xFF,0xFF,0xFF,0xFF,0xFF,0xFF,0xFF,0xFF,0x0,0x0,0x0,0x0,0x0,0x0,0x0,0xFF,0xFF,0x0,0x0,0x0,0x0,0x0,0x0,0x0,0x0,0x0,0x0,0x0,0x0,0x0,0x0,0x0,0x0,0x0,0x0,0x0,0x0,0x0,0x0,0x0,0x0,0x0,0x0,0x0,0xFF,0xFF,0xFF,0xFF,0xFF,0xFF,0xFF,0xFF,0xFF,0xFF,
        0x0,0x0,0xFF,0xFF,0xFF,0xFF,0xFF,0xFF,0xFF,0xFF,0x0,0x0,0x0,0x0,0x0,0x0,0xFF,0xFF,0xFF,0x0,0x0,0x0,0x0,0x0,0x0,0x0,0xFF,0xFF,0xFF,0xFF,0xFF,0xFF,0xFF,0xFF,0xFF,0xFF,0xFF,0xFF,0xFF,0xFF,0xFF,0xFF,0xFF,0xFF,0xFF,0xFF,0xFF,0xFF,0xFF,0xFF,0xFF,0xFF,0xFF,0xFF,0x0,0x0,
        0x0,0x0,0xFF,0xFF,0xFF,0xFF,0xFF,0xFF,0x0,0x0,0x0,0xFF,0xFF,0xFF,0xFF,0xFF,0xFF,0xFF,0xFF,0xFF,0x0,0x0,0x0,0x0,0xFF,0xFF,0xFF,0xFF,0xFF,0xFF,0xFF,0xFF,0xFF,0xFF,0xFF,0xFF,0xFF,0xFF,0xFF,0xFF,0xFF,0xFF,0xFF,0xFF,0xFF,0xFF,0xFF,0xFF,0xFF,0xFF,0xFF,0xFF,0xFF,0x0,0x0,0x0,
        0x0,0x0,0xFF,0xFF,0xFF,0xFF,0x0,0x0,0x0,0x0,0x0,0x0,0x0,0x0,0x0,0x0,0xFF,0xFF,0xFF,0xFF,0xFF,0xFF,0xFF,0xFF,0xFF,0xFF,0xFF,0xFF,0xFF,0xFF,0xFF,0xFF,0xFF,0xFF,0xFF,0xFF,0xFF,0xFF,0xFF,0xFF,0xFF,0xFF,0xFF,0xFF,0xFF,0xFF,0xFF,0xFF,0xFF,0xFF,0xFF,0xFF,0x0,0x0,0x0,0x0,
        0x0,0x0,0x0,0xFF,0xFF,0xFF,0xFF,0xFF,0xFF,0xFF,0x0,0x0,0x0,0x0,0x0,0x0,0x0,0xFF,0xFF,0xFF,0xFF,0xFF,0xFF,0xFF,0xFF,0xFF,0x0,0x0,0x0,0xFF,0xFF,0xFF,0xFF,0xFF,0xFF,0xFF,0xFF,0xFF,0xFF,0xFF,0xFF,0xFF,0xFF,0xFF,0xFF,0xFF,0xFF,0xFF,0xFF,0xFF,0xFF,0x0,0x0,0x0,0x0,0x0,
        0x0,0x0,0x0,0x0,0x0,0xFF,0xFF,0x0,0x0,0x0,0x0,0x0,0x0,0x0,0x0,0x0,0xFF,0xFF,0xFF,0xFF,0xFF,0xFF,0xFF,0xFF,0xFF,0xFF,0x0,0x0,0x0,0x0,0x0,0x0,0x0,0xFF,0xFF,0xFF,0xFF,0xFF,0xFF,0xFF,0xFF,0xFF,0xFF,0xFF,0xFF,0xFF,0xFF,0xFF,0xFF,0xFF,0x0,0x0,0x0,0x0,0x0,0x0,
        0x0,0x0,0x0,0x0,0x0,0x0,0x0,0xFF,0xFF,0xFF,0xFF,0x0,0x0,0x0,0x0,0x0,0x0,0x0,0x0,0xFF,0xFF,0xFF,0xFF,0xFF,0xFF,0xFF,0x0,0xFF,0xFF,0xFF,0xFF,0xFF,0x0,0x0,0xFF,0xFF,0xFF,0xFF,0xFF,0xFF,0xFF,0xFF,0xFF,0xFF,0xFF,0xFF,0xFF,0xFF,0xFF,0xFF,0x0,0x0,0x0,0x0,0x0,0x0,
        0x0,0x0,0x0,0x0,0x0,0x0,0x0,0x0,0x0,0xFF,0xFF,0xFF,0xFF,0xFF,0xFF,0xFF,0xFF,0xFF,0xFF,0xFF,0xFF,0xFF,0xFF,0xFF,0xFF,0xFF,0x0,0xFF,0x0,0x0,0x0,0xFF,0xFF,0x0,0x0,0xFF,0xFF,0xFF,0xFF,0xFF,0xFF,0xFF,0xFF,0xFF,0xFF,0xFF,0xFF,0xFF,0xFF,0x0,0x0,0x0,0x0,0x0,0x0,0x0,
        0x0,0x0,0x0,0x0,0x0,0x0,0x0,0x0,0x0,0x0,0xFF,0xFF,0xFF,0x0,0x0,0x0,0x0,0x0,0x0,0x0,0xFF,0xFF,0xFF,0xFF,0xFF,0xFF,0x0,0xFF,0xFF,0x0,0x0,0xFF,0xFF,0x0,0x0,0x0,0xFF,0xFF,0xFF,0xFF,0xFF,0xFF,0xFF,0xFF,0xFF,0xFF,0xFF,0xFF,0xFF,0x0,0x0,0x0,0x0,0x0,0x0,0x0,
        0x0,0x0,0x0,0x0,0x0,0x0,0x0,0x0,0x0,0x0,0x0,0xFF,0xFF,0xFF,0x0,0x0,0x0,0x0,0x0,0x0,0x0,0x0,0xFF,0xFF,0xFF,0xFF,0xFF,0x0,0xFF,0xFF,0xFF,0xFF,0x0,0x0,0x0,0x0,0xFF,0xFF,0xFF,0xFF,0xFF,0xFF,0xFF,0xFF,0xFF,0xFF,0xFF,0xFF,0x0,0x0,0x0,0x0,0x0,0x0,0x0,0x0,
        0x0,0x0,0x0,0x0,0x0,0x0,0x0,0x0,0x0,0x0,0x0,0x0,0xFF,0xFF,0xFF,0xFF,0x0,0x0,0x0,0x0,0xFF,0xFF,0xFF,0xFF,0xFF,0xFF,0xFF,0x0,0x0,0x0,0x0,0x0,0x0,0x0,0x0,0x0,0xFF,0xFF,0xFF,0xFF,0xFF,0xFF,0xFF,0xFF,0xFF,0xFF,0xFF,0xFF,0x0,0x0,0x0,0x0,0x0,0x0,0x0,0x0,
        0x0,0x0,0x0,0x0,0x0,0x0,0x0,0x0,0x0,0x0,0x0,0x0,0x0,0xFF,0xFF,0xFF,0xFF,0xFF,0xFF,0xFF,0x0,0x0,0x0,0x0,0x0,0x0,0xFF,0xFF,0xFF,0xFF,0x0,0x0,0x0,0x0,0x0,0xFF,0xFF,0xFF,0xFF,0xFF,0xFF,0xFF,0xFF,0xFF,0xFF,0xFF,0xFF,0x0,0x0,0x0,0x0,0xFF,0x0,0x0,0x0,0x0,
        0x0,0x0,0x0,0x0,0x0,0x0,0x0,0x0,0x0,0x0,0x0,0x0,0x0,0xFF,0xFF,0xFF,0xFF,0xFF,0xFF,0xFF,0xFF,0x0,0x0,0x0,0x0,0x0,0x0,0x0,0xFF,0xFF,0xFF,0xFF,0xFF,0xFF,0xFF,0xFF,0xFF,0xFF,0xFF,0x0,0xFF,0xFF,0xFF,0xFF,0xFF,0xFF,0x0,0x0,0x0,0x0,0xFF,0xFF,0x0,0x0,0x0,0x0,
        0x0,0x0,0x0,0x0,0x0,0x0,0x0,0x0,0x0,0x0,0x0,0x0,0x0,0x0,0xFF,0xFF,0xFF,0xFF,0xFF,0xFF,0xFF,0xFF,0xFF,0x0,0x0,0x0,0x0,0x0,0x0,0x0,0x0,0x0,0x0,0xFF,0xFF,0xFF,0x0,0x0,0x0,0xFF,0xFF,0xFF,0xFF,0xFF,0xFF,0x0,0x0,0x0,0x0,0xFF,0xFF,0x0,0x0,0x0,0x0,0x0,
        0x0,0x0,0x0,0x0,0x0,0x0,0x0,0x0,0x0,0x0,0x0,0x0,0x0,0x0,0x0,0xFF,0xFF,0xFF,0xFF,0xFF,0xFF,0xFF,0xFF,0xFF,0xFF,0xFF,0xFF,0xFF,0x0,0x0,0x0,0x0,0x0,0x0,0x0,0x0,0x0,0x0,0xFF,0xFF,0xFF,0xFF,0xFF,0xFF,0xFF,0x0,0x0,0xFF,0xFF,0xFF,0x0,0x0,0x0,0x0,0x0,0x0,
        0x0,0x0,0x0,0x0,0x0,0x0,0x0,0x0,0x0,0x0,0x0,0x0,0x0,0x0,0x0,0x0,0xFF,0xFF,0xFF,0xFF,0xFF,0x0,0x0,0x0,0x0,0xFF,0xFF,0xFF,0xFF,0xFF,0xFF,0xFF,0xFF,0xFF,0xFF,0xFF,0xFF,0xFF,0xFF,0xFF,0xFF,0xFF,0xFF,0xFF,0xFF,0xFF,0xFF,0xFF,0xFF,0x0,0x0,0x0,0x0,0x0,0x0,0x0,
        0x0,0x0,0x0,0x0,0x0,0x0,0x0,0x0,0x0,0x0,0x0,0x0,0x0,0x0,0x0,0x0,0x0,0xFF,0xFF,0xFF,0xFF,0xFF,0x0,0x0,0x0,0x0,0x0,0x0,0x0,0xFF,0xFF,0xFF,0xFF,0xFF,0xFF,0xFF,0xFF,0xFF,0xFF,0xFF,0xFF,0xFF,0xFF,0xFF,0xFF,0xFF,0xFF,0xFF,0x0,0x0,0x0,0x0,0x0,0x0,0x0,0x0,
        0x0,0x0,0x0,0x0,0x0,0x0,0x0,0x0,0x0,0x0,0x0,0x0,0x0,0x0,0x0,0x0,0x0,0x0,0x0,0xFF,0xFF,0xFF,0xFF,0x0,0x0,0x0,0x0,0x0,0x0,0x0,0x0,0x0,0x0,0xFF,0xFF,0xFF,0xFF,0xFF,0xFF,0xFF,0xFF,0xFF,0xFF,0xFF,0xFF,0x0,0x0,0x0,0x0,0x0,0x0,0x0,0x0,0x0,0x0,0x0,
        0x0,0x0,0x0,0x0,0x0,0x0,0x0,0x0,0x0,0x0,0x0,0x0,0x0,0x0,0x0,0x0,0x0,0x0,0x0,0x0,0x0,0x0,0x0,0xFF,0x0,0x0,0x0,0x0,0x0,0x0,0x0,0x0,0x0,0x0,0xFF,0xFF,0xFF,0xFF,0xFF,0xFF,0xFF,0xFF,0xFF,0x0,0x0,0x0,0x0,0x0,0x0,0x0,0x0,0x0,0x0,0x0,0x0,0x0,
        0x0,0x0,0x0,0x0,0x0,0x0,0x0,0x0,0x0,0x0,0x0,0x0,0x0,0x0,0x0,0x0,0x0,0x0,0x0,0x0,0x0,0x0,0x0,0xFF,0x0,0x0,0x0,0x0,0x0,0x0,0x0,0x0,0x0,0x0,0x0,0x0,0xFF,0xFF,0xFF,0xFF,0xFF,0x0,0x0,0x0,0x0,0x0,0x0,0x0,0x0,0x0,0x0,0x0,0x0,0x0,0x0,0x0,
        0x0,0x0,0x0,0x0,0x0,0x0,0x0,0x0,0x0,0x0,0x0,0x0,0x0,0x0,0x0,0x0,0x0,0x0,0x0,0x0,0x0,0x0,0x0,0x0,0x0,0x0,0x0,0x0,0x0,0x0,0x0,0x0,0x0,0x0,0x0,0x0,0x0,0x0,0x0,0x0,0x0,0x0,0x0,0x0,0x0,0x0,0x0,0x0,0x0,0x0,0x0,0x0,0x0,0x0,0x0,0x0,
        0x0,0x0,0x0,0x0,0x0,0x0,0x0,0x0,0x0,0x0,0x0,0x0,0x0,0x0,0x0,0x0,0x0,0x0,0x0,0x0,0x0,0x0,0x0,0x0,0x0,0x0,0x0,0x0,0x0,0x0,0x0,0x0,0x0,0x0,0x0,0x0,0x0,0x0,0x0,0x0,0x0,0x0,0x0,0x0,0x0,0x0,0x0,0x0,0x0,0x0,0x0,0x0,0x0,0x0,0x0,0x0,
        0x0,0x0,0x0,0x0,0x0,0x0,0x0,0x0,0x0,0x0,0x0,0x0,0x0,0x0,0x0,0x0,0x0,0x0,0x0,0x0,0x0,0x0,0x0,0x0,0x0,0x0,0x0,0x0,0x0,0x0,0x0,0x0,0x0,0x0,0x0,0x0,0x0,0x0,0x0,0x0,0x0,0x0,0x0,0x0,0x0,0x0,0x0,0x0,0x0,0x0,0x0,0x0,0x0,0x0,0x0,0x0,
        0x0,0x0,0x0,0x0,0x0,0x0,0x0,0x0,0x0,0x0,0x0,0x0,0x0,0x0,0x0,0x0,0x0,0x0,0x0,0x0,0x0,0x0,0x0,0x0,0x0,0x0,0x0,0x0,0x0,0x0,0x0,0x0,0x0,0x0,0x0,0x0,0x0,0x0,0x0,0x0,0x0,0x0,0x0,0x0,0x0,0x0,0x0,0x0,0x0,0x0,0x0,0x0,0x0,0x0,0x0,0x0,
        0x0,0x0,0x0,0x0,0x0,0x0,0x0,0x0,0x0,0x0,0x0,0x0,0x0,0x0,0x0,0x0,0x0,0x0,0x0,0x0,0x0,0x0,0x0,0x0,0x0,0x0,0x0,0x0,0x0,0x0,0x0,0x0,0x0,0x0,0x0,0x0,0x0,0x0,0x0,0x0,0x0,0x0,0x0,0x0,0x0,0x0,0x0,0x0,0x0,0x0,0x0,0x0,0x0,0x0,0x0,0x0,
        0x0,0x0,0x0,0x0,0x0,0x0,0x0,0x0,0x0,0x0,0x0,0x0,0x0,0x0,0x0,0x0,0x0,0x0,0x0,0x0,0x0,0x0,0x0,0x0,0x0,0x0,0x0,0x0,0x0,0x0,0x0,0x0,0x0,0x0,0x0,0x0,0x0,0x0,0x0,0x0,0x0,0x0,0x0,0x0,0x0,0x0,0x0,0x0,0x0,0x0,0x0,0x0,0x0,0x0,0x0,0x0,
        0x0,0x0,0x0,0x0,0x0,0x0,0x0,0x0,0x0,0x0,0x0,0x0,0x0,0x0,0x0,0x0,0x0,0x0,0x0,0x0,0x0,0x0,0x0,0x0,0x0,0x0,0x0,0x0,0x0,0x0,0x0,0x0,0x0,0x0,0x0,0x0,0x0,0x0,0x0,0x0,0x0,0x0,0x0,0x0,0x0,0x0,0x0,0x0,0x0,0x0,0x0,0x0,0x0,0x0,0x0,0x0
    }
};

const gfx_sprite_t sprite_gaster_blaster_0_16 = {
    .width = 56,
    .height = 56,
    .data = {
        0x0,0x0,0x0,0x0,0x0,0x0,0x0,0x0,0x0,0x0,0x0,0x0,0x0,0x0,0x0,0x0,0x0,0x0,0x0,0x0,0x0,0x0,0x0,0x0,0x0,0x0,0x0,0x0,0x0,0x0,0x0,0x0,0x0,0x0,0x0,0x0,0x0,0x0,0x0,0x0,0x0,0x0,0x0,0x0,0x0,0x0,0x0,0x0,0x0,0x0,0x0,0x0,0x0,0x0,0x0,0x0,
        0x0,0x0,0x0,0x0,0x0,0x0,0x0,0x0,0x0,0x0,0x0,0x0,0x0,0x0,0x0,0x0,0x0,0x0,0x0,0x0,0x0,0x0,0x0,0x0,0x0,0x0,0x0,0x0,0x0,0x0,0x0,0x0,0x0,0x0,0x0,0x0,0x0,0x0,0x0,0x0,0x0,0x0,0x0,0x0,0x0,0x0,0x0,0x0,0x0,0x0,0x0,0x0,0x0,0x0,0x0,0x0,
        0x0,0x0,0x0,0x0,0x0,0x0,0x0,0x0,0x0,0x0,0x0,0x0,0x0,0x0,0x0,0x0,0x0,0x0,0x0,0x0,0x0,0x0,0x0,0x0,0x0,0x0,0x0,0x0,0x0,0x0,0x0,0x0,0x0,0x0,0x0,0x0,0x0,0x0,0x0,0x0,0x0,0x0,0x0,0x0,0x0,0x0,0x0,0x0,0x0,0x0,0x0,0x0,0x0,0x0,0x0,0x0,
        0x0,0x0,0x0,0x0,0x0,0x0,0x0,0x0,0x0,0x0,0x0,0x0,0x0,0x0,0x0,0x0,0x0,0x0,0x0,0x0,0x0,0x0,0x0,0x0,0x0,0x0,0x0,0x0,0x0,0x0,0x0,0x0,0x0,0x0,0x0,0x0,0x0,0x0,0x0,0x0,0x0,0x0,0x0,0x0,0x0,0x0,0x0,0x0,0x0,0x0,0x0,0x0,0x0,0x0,0x0,0x0,
        0x0,0x0,0x0,0x0,0x0,0x0,0x0,0x0,0x0,0x0,0x0,0x0,0x0,0x0,0x0,0x0,0x0,0x0,0x0,0x0,0x0,0x0,0x0,0x0,0x0,0x0,0x0,0x0,0x0,0x0,0x0,0x0,0x0,0x0,0x0,0x0,0x0,0x0,0x0,0x0,0x0,0x0,0x0,0x0,0x0,0x0,0x0,0x0,0x0,0x0,0x0,0x0,0x0,0x0,0x0,0x0,
        0x0,0x0,0x0,0x0,0x0,0x0,0x0,0x0,0x0,0x0,0x0,0x0,0x0,0x0,0x0,0x0,0x0,0x0,0x0,0x0,0x0,0x0,0x0,0x0,0x0,0x0,0x0,0x0,0x0,0x0,0x0,0x0,0x0,0x0,0x0,0x0,0x0,0x0,0x0,0x0,0x0,0x0,0x0,0x0,0x0,0x0,0x0,0x0,0x0,0x0,0x0,0x0,0x0,0x0,0x0,0x0,
        0x0,0x0,0x0,0x0,0x0,0x0,0x0,0x0,0x0,0x0,0x0,0x0,0x0,0x0,0x0,0x0,0x0,0x0,0x0,0x0,0x0,0x0,0x0,0x0,0x0,0x0,0x0,0x0,0x0,0x0,0x0,0x0,0x4A,0x94,0x6B,0x21,0x4A,0x0,0x0,0x0,0x0,0x0,0x0,0x0,0x0,0x0,0x0,0x0,0x0,0x0,0x0,0x0,0x0,0x0,0x0,0x0,
        0x0,0x0,0x0,0x0,0x0,0x0,0x0,0x0,0x0,0x0,0x0,0x0,0x0,0x0,0x0,0x0,0x0,0x0,0x0,0x0,0x0,0x0,0x0,0x0,0x0,0x0,0x0,0x0,0x0,0x21,0xB5,0xFF,0xFF,0xFF,0xFF,0xFF,0xFF,0xDE,0xFF,0x6B,0xB5,0xFF,0x6B,0x21,0x0,0x0,0x0,0x0,0x0,0x0,0x0,0x0,0x0,0x0,0x0,0x0,
        0x0,0x0,0x0,0x0,0x0,0x0,0x0,0x0,0x0,0x0,0x0,0x0,0x0,0x0,0x0,0x0,0x0,0x0,0x0,0x0,0x0,0x0,0x0,0x0,0x0,0x0,0x0,0x0,0x0,0x6B,0xFF,0xFF,0xFF,0xFF,0xFF,0xFF,0xFF,0xFF,0xFF,0xFF,0xFF,0xFF,0xFF,0xDE,0x94,0x21,0x0,0x0,0x0,0x0,0x0,0x0,0x0,0x0,0x0,0x0,
        0x0,0x0,0x0,0x0,0x0,0x0,0x0,0x0,0x0,0x0,0x0,0x0,0x0,0x0,0x0,0x0,0x0,0x0,0x0,0x0,0x0,0x0,0x0,0x0,0x0,0x0,0x0,0x0,0xDE,0xFF,0xFF,0xFF,0xFF,0xFF,0xFF,0xFF,0xFF,0xFF,0xFF,0xFF,0x4A,0x4A,0xB5,0x94,0xFF,0xFF,0x6B,0x0,0x0,0x0,0x0,0x0,0x0,0x0,0x0,0x0,
        0x0,0x0,0x0,0x0,0x0,0x0,0x0,0x0,0x0,0x0,0x0,0x0,0x0,0x0,0x0,0x0,0x0,0x0,0x0,0x0,0x0,0x0,0x0,0x0,0x0,0x0,0x0,0x4A,0xFF,0xFF,0xFF,0xFF,0xFF,0xFF,0xFF,0xFF,0xFF,0xFF,0xFF,0xFF,0x0,0x0,0x0,0x0,0x21,0xB5,0xDE,0x4A,0x0,0x0,0x0,0x0,0x0,0x0,0x0,0x0,
        0x0,0x0,0x0,0x0,0x0,0x0,0x0,0x0,0x0,0x0,0x0,0x0,0x0,0x0,0x0,0x0,0x0,0x4A,0x21,0x0,0x0,0x0,0x0,0x0,0x0,0x0,0x21,0xB5,0xFF,0xFF,0xFF,0xFF,0xFF,0xFF,0xFF,0xFF,0xFF,0xFF,0xFF,0xFF,0xB5,0x4A,0x0,0x0,0x0,0x0,0x21,0x21,0x0,0x0,0x0,0x0,0x0,0x0,0x0,0x0,
        0x0,0x0,0x0,0x0,0x0,0x0,0x0,0x0,0x0,0x0,0x0,0x0,0x0,0x0,0x0,0x0,0x0,0x6B,0x94,0x0,0x0,0x0,0x0,0x0,0x94,0xDE,0xFF,0xFF,0xFF,0xFF,0x94,0x4A,0x0,0x6B,0xDE,0xFF,0xFF,0xFF,0xFF,0xFF,0xFF,0xFF,0xDE,0x4A,0x0,0x0,0x0,0x0,0x0,0x0,0x0,0x0,0x0,0x0,0x0,0x0,
        0x0,0x0,0x0,0x0,0x0,0x0,0x0,0x0,0x0,0x0,0x0,0x0,0x0,0x0,0x0,0x0,0x0,0x6B,0x4A,0x0,0x0,0x0,0x0,0x21,0xFF,0xFF,0xFF,0x94,0x4A,0x0,0x4A,0x4A,0x0,0x4A,0x94,0x4A,0xFF,0xFF,0xFF,0xFF,0xFF,0xFF,0xFF,0xFF,0x21,0x0,0x0,0x0,0x0,0x0,0x0,0x0,0x0,0x0,0x0,0x0,
        0x0,0x0,0x0,0x0,0x0,0x0,0x0,0x0,0x0,0x0,0x0,0x0,0x0,0x0,0x4A,0xB5,0xFF,0xB5,0x0,0x0,0x21,0x94,0xDE,0xFF,0x94,0x21,0x0,0x0,0x21,0xFF,0xFF,0xFF,0xFF,0xFF,0xFF,0xDE,0xFF,0xFF,0xFF,0xFF,0xFF,0xFF,0xFF,0xFF,0xDE,0x6B,0x0,0x0,0x0,0x0,0x0,0x0,0x0,0x0,0x0,0x0,
        0x0,0x0,0x0,0x0,0x0,0x0,0x0,0x0,0x0,0x0,0x0,0x0,0x0,0x0,0xDE,0xFF,0xFF,0x4A,0x0,0x0,0x94,0xFF,0xFF,0xB5,0x0,0x0,0x0,0x4A,0xB5,0xFF,0xB5,0xFF,0xFF,0xFF,0xFF,0xFF,0xFF,0xFF,0xFF,0xFF,0xFF,0xFF,0xFF,0xFF,0xFF,0xDE,0x21,0x0,0x0,0x0,0x0,0x0,0x0,0x0,0x0,0x0,
        0x0,0x0,0x0,0x0,0x0,0x0,0x0,0x0,0x0,0x0,0x0,0x0,0x4A,0xFF,0xFF,0xFF,0xB5,0x21,0x6B,0xDE,0xFF,0x94,0x4A,0x0,0x4A,0xB5,0xFF,0xB5,0x6B,0x0,0x0,0x4A,0x94,0xFF,0xFF,0xFF,0xFF,0xFF,0xFF,0xFF,0xFF,0xFF,0xFF,0xFF,0xFF,0xFF,0xFF,0x21,0x0,0x0,0x0,0x0,0x0,0x0,0x0,0x0,
        0x0,0x0,0x0,0x0,0x0,0x0,0x0,0x0,0x0,0x0,0x0,0x0,0xB5,0xFF,0xFF,0xFF,0xFF,0xFF,0xFF,0x4A,0x0,0x0,0x0,0x0,0xB5,0xFF,0x94,0x0,0x0,0x0,0x0,0x0,0x21,0xFF,0xFF,0xFF,0xFF,0xFF,0xFF,0xFF,0xFF,0xFF,0xFF,0xFF,0xFF,0xFF,0xFF,0xB5,0x6B,0x0,0x0,0x0,0x0,0x0,0x0,0x0,
        0x0,0x0,0x0,0x0,0x0,0x0,0x0,0x0,0x0,0x0,0x0,0x21,0xFF,0xFF,0xFF,0xFF,0xFF,0xFF,0x94,0x21,0x0,0x0,0x21,0xFF,0xB5,0x6B,0x0,0x21,0x6B,0x0,0x0,0x0,0x0,0xDE,0xFF,0xFF,0xFF,0xFF,0xFF,0xFF,0xFF,0xFF,0xFF,0xFF,0xFF,0xFF,0xFF,0xFF,0xFF,0xFF,0x4A,0x0,0x0,0x0,0x0,0x0,
        0x0,0x0,0x0,0x0,0x0,0x0,0x0,0x0,0x0,0x0,0x0,0xB5,0xFF,0xFF,0xFF,0xFF,0xFF,0xB5,0x0,0x0,0x0,0x4A,0x94,0xFF,0x0,0x6B,0xDE,0xDE,0xFF,0xDE,0x4A,0x0,0x6B,0xFF,0xFF,0xFF,0xFF,0xFF,0xFF,0xFF,0xFF,0xFF,0xFF,0xFF,0xFF,0xFF,0xFF,0xFF,0xFF,0xFF,0xFF,0xB5,0x4A,0x21,0x6B,0x0,
        0x0,0x0,0x0,0x0,0x0,0x0,0x0,0x0,0x0,0x0,0x4A,0xFF,0xFF,0xFF,0xFF,0xFF,0xFF,0x0,0x4A,0x94,0xFF,0xFF,0xFF,0xFF,0x6B,0xDE,0x94,0x0,0x6B,0xFF,0x94,0x0,0xB5,0xFF,0xFF,0xFF,0xFF,0xFF,0xFF,0xFF,0xFF,0xFF,0xFF,0xFF,0xFF,0xFF,0xFF,0xFF,0xFF,0xFF,0xFF,0xFF,0xFF,0xFF,0xFF,0x0,
        0x0,0x0,0x0,0x0,0x0,0x0,0x0,0x0,0x0,0x0,0xDE,0xFF,0xFF,0xFF,0xFF,0xB5,0x4A,0xB5,0xB5,0xDE,0xFF,0xFF,0xFF,0xB5,0x4A,0xDE,0x21,0x0,0x6B,0xFF,0x0,0x4A,0xFF,0xFF,0xFF,0xFF,0xFF,0xFF,0xFF,0xFF,0xFF,0xFF,0xFF,0xFF,0xFF,0xFF,0xFF,0xFF,0xFF,0xFF,0xFF,0xFF,0xFF,0xFF,0x94,0x4A,
        0x0,0x0,0x0,0x0,0x0,0x0,0x0,0x0,0x0,0x0,0xB5,0xFF,0xFF,0x94,0x0,0x0,0x0,0x0,0x21,0xB5,0xFF,0xFF,0xFF,0xFF,0x0,0xFF,0xB5,0xFF,0xB5,0x6B,0x0,0xDE,0xFF,0xFF,0xFF,0xFF,0xFF,0xFF,0xFF,0xFF,0xFF,0xFF,0xFF,0xFF,0xDE,0xFF,0xFF,0xFF,0xFF,0xFF,0xFF,0xFF,0xFF,0x4A,0x0,0x0,
        0x0,0x0,0x0,0x0,0x0,0x0,0x0,0x0,0x0,0x21,0xDE,0xFF,0xB5,0x4A,0x0,0x0,0x0,0x0,0xFF,0xFF,0xFF,0xFF,0xFF,0xFF,0x4A,0x6B,0x4A,0x0,0x21,0x94,0xDE,0xFF,0xFF,0xFF,0xFF,0xFF,0xFF,0xFF,0xFF,0xFF,0xFF,0xB5,0x6B,0x0,0x0,0xB5,0xFF,0xFF,0xFF,0xFF,0xFF,0xFF,0xDE,0x0,0x0,0x0,
        0x0,0x0,0x0,0x0,0x0,0x0,0x0,0x0,0x0,0x6B,0xFF,0xFF,0x0,0x0,0x0,0x21,0x6B,0xDE,0xFF,0xFF,0xFF,0xFF,0xFF,0xFF,0x94,0x0,0x0,0x4A,0xFF,0xFF,0xFF,0xFF,0xFF,0xFF,0xFF,0xFF,0xFF,0xFF,0xB5,0x6B,0x0,0x0,0x0,0x0,0x21,0xB5,0xFF,0xFF,0xFF,0xFF,0xFF,0xFF,0x4A,0x0,0x0,0x0,
        0x0,0x0,0x0,0x0,0x0,0x0,0x0,0x0,0x0,0xFF,0xFF,0x4A,0x21,0x94,0xDE,0xDE,0x94,0x94,0xFF,0xFF,0xFF,0xFF,0xFF,0xFF,0xDE,0x21,0x94,0xDE,0xFF,0xFF,0xFF,0xFF,0xFF,0xFF,0xFF,0xB5,0x6B,0x0,0x0,0x0,0x0,0x21,0x6B,0xDE,0xFF,0xFF,0xFF,0xFF,0xFF,0xFF,0xFF,0xDE,0x0,0x0,0x0,0x0,
        0x0,0x0,0x0,0x0,0x0,0x0,0x0,0x0,0x94,0xFF,0xFF,0xFF,0xDE,0x94,0x21,0x0,0x6B,0xB5,0xFF,0xFF,0xFF,0xFF,0xFF,0xFF,0xFF,0xFF,0xFF,0xFF,0xFF,0xFF,0xFF,0xFF,0xB5,0x4A,0x0,0x0,0x0,0x0,0x21,0x6B,0xDE,0xFF,0xFF,0xFF,0xFF,0xFF,0xFF,0xFF,0xFF,0xFF,0xFF,0x6B,0x0,0x0,0x0,0x0,
        0x0,0x0,0x0,0x0,0x0,0x0,0x0,0x21,0xFF,0xFF,0x94,0x21,0x0,0x0,0x0,0xFF,0xFF,0xFF,0xFF,0xFF,0xFF,0xFF,0xDE,0xDE,0xFF,0xFF,0xFF,0xFF,0xFF,0xB5,0x4A,0x0,0x0,0x0,0x0,0x21,0x94,0xDE,0xFF,0xFF,0xFF,0xFF,0xFF,0xFF,0xFF,0xFF,0xFF,0xFF,0xFF,0xFF,0xDE,0x0,0x0,0x0,0x0,0x0,
        0x0,0x0,0x0,0x0,0x0,0x0,0x21,0x94,0xFF,0xDE,0x0,0x0,0x0,0x0,0x0,0x0,0xB5,0xFF,0xFF,0xFF,0x6B,0x21,0x0,0x21,0x21,0x21,0x94,0x4A,0x0,0x0,0x0,0x0,0x21,0x94,0xDE,0xFF,0xFF,0xFF,0xFF,0xFF,0xFF,0xFF,0xFF,0xFF,0xFF,0xFF,0xFF,0xFF,0xFF,0xFF,0xFF,0x0,0x0,0x0,0x0,0x0,
        0x0,0x0,0x0,0x0,0x0,0x0,0xB5,0x94,0x21,0x0,0x0,0x0,0x0,0x0,0x0,0x4A,0xFF,0xFF,0xFF,0xB5,0x0,0x0,0x0,0x0,0x0,0x0,0x0,0x0,0x0,0x4A,0x94,0xDE,0xFF,0xFF,0xFF,0xFF,0xFF,0xFF,0xFF,0xFF,0xFF,0xFF,0xFF,0xFF,0xFF,0xFF,0xFF,0xFF,0xFF,0xFF,0x94,0x0,0x0,0x0,0x0,0x0,
        0x0,0x0,0x0,0x0,0x4A,0xDE,0x94,0x6B,0xB5,0xB5,0x0,0x0,0x0,0x4A,0x94,0xFF,0xFF,0xFF,0xFF,0x21,0x0,0x0,0x0,0x0,0x0,0x0,0x21,0x94,0xFF,0xFF,0xFF,0xFF,0xFF,0xFF,0xFF,0xFF,0xFF,0xFF,0xFF,0xFF,0xFF,0xFF,0xFF,0xFF,0xFF,0xFF,0xFF,0xFF,0xFF,0xFF,0xB5,0x0,0x0,0x0,0x0,0x0,
        0x0,0x0,0x0,0x21,0x94,0xFF,0xFF,0xB5,0x4A,0x0,0x0,0x94,0xFF,0xDE,0x6B,0x21,0x94,0xDE,0xFF,0x6B,0x0,0x0,0x0,0x0,0x0,0x0,0x4A,0xFF,0xFF,0xFF,0xFF,0xFF,0xFF,0xFF,0xFF,0xFF,0xFF,0xFF,0xFF,0xFF,0xFF,0xFF,0xFF,0xFF,0xFF,0xFF,0xFF,0xFF,0xFF,0xFF,0x4A,0x0,0x0,0x0,0x0,0x0,
        0x0,0x0,0x0,0xFF,0xFF,0xFF,0x21,0x4A,0x21,0x0,0x0,0x4A,0x21,0x0,0x0,0x0,0x0,0x4A,0xFF,0xDE,0x0,0x0,0x0,0x0,0x0,0xDE,0xFF,0xFF,0xFF,0xFF,0xDE,0xFF,0xFF,0xB5,0xB5,0xFF,0xFF,0xFF,0xFF,0xFF,0xFF,0xFF,0xFF,0xFF,0xFF,0xFF,0xFF,0xFF,0xFF,0xFF,0x4A,0x0,0x0,0x4A,0x6B,0x0,
        0x0,0x0,0x94,0xFF,0xFF,0xFF,0xFF,0xFF,0xDE,0xFF,0xB5,0x0,0x0,0x0,0x0,0x0,0x0,0x4A,0xFF,0xFF,0x6B,0x0,0x0,0x21,0x94,0xFF,0xFF,0xDE,0x21,0x0,0x21,0x4A,0x0,0x21,0x0,0x21,0xDE,0xFF,0xFF,0xFF,0xFF,0xFF,0xFF,0xFF,0xFF,0xFF,0xFF,0xFF,0xFF,0xFF,0x4A,0x0,0x0,0x94,0xDE,0x0,
        0x0,0x0,0x6B,0xFF,0xFF,0xFF,0xFF,0xFF,0xFF,0xFF,0xFF,0x0,0x0,0x0,0x0,0x0,0x0,0xDE,0xFF,0xFF,0xFF,0xDE,0xDE,0xFF,0xFF,0xFF,0xFF,0xDE,0x0,0x0,0x4A,0xB5,0xFF,0xFF,0x94,0x21,0x0,0x4A,0xB5,0xFF,0xFF,0xFF,0xFF,0xFF,0xFF,0xFF,0xFF,0xFF,0xFF,0xB5,0x0,0x0,0x0,0xFF,0x4A,0x0,
        0x0,0x0,0x0,0xFF,0xFF,0xFF,0xFF,0xFF,0xFF,0xFF,0xFF,0x4A,0x0,0x0,0x4A,0xB5,0xFF,0xDE,0xFF,0xFF,0xFF,0xFF,0xFF,0xFF,0xFF,0xFF,0xFF,0xFF,0x21,0xDE,0xDE,0x6B,0x0,0x94,0xFF,0x94,0x0,0x0,0x4A,0xFF,0xFF,0xFF,0xFF,0xFF,0xFF,0xFF,0xFF,0xFF,0xFF,0x21,0x0,0x0,0xB5,0xDE,0x21,0x0,
        0x0,0x0,0x0,0xB5,0xFF,0xFF,0xFF,0xFF,0xFF,0xFF,0xFF,0x6B,0x21,0xFF,0xB5,0x6B,0x0,0x0,0x6B,0xFF,0xFF,0xFF,0xFF,0xFF,0xFF,0xFF,0xFF,0xFF,0x6B,0x6B,0xB5,0x4A,0x0,0x6B,0xFF,0x21,0x0,0x0,0x0,0xFF,0xFF,0xFF,0xFF,0xFF,0xFF,0xFF,0xFF,0xFF,0x94,0x0,0x21,0xB5,0xFF,0x6B,0x0,0x0,
        0x0,0x0,0x0,0x6B,0xFF,0xFF,0xFF,0xFF,0xFF,0xFF,0x0,0x0,0x0,0x0,0x0,0x0,0x0,0x0,0x4A,0xFF,0xFF,0xDE,0xFF,0xFF,0xFF,0xFF,0xFF,0xFF,0xDE,0x21,0xDE,0xFF,0xDE,0xFF,0x94,0x0,0x0,0x0,0x6B,0xFF,0xFF,0xFF,0x94,0x94,0xFF,0xFF,0xFF,0xFF,0xDE,0x0,0x6B,0xFF,0xFF,0x0,0x0,0x0,
        0x0,0x0,0x0,0x21,0xFF,0xFF,0xFF,0xFF,0xB5,0x4A,0x0,0x4A,0x21,0x0,0x0,0x0,0x0,0x0,0x21,0x4A,0x0,0x94,0xFF,0xFF,0xFF,0xFF,0xFF,0xFF,0xFF,0xDE,0x21,0x6B,0x4A,0x0,0x0,0x0,0x0,0x4A,0xDE,0xFF,0xDE,0x6B,0x4A,0xFF,0xFF,0xFF,0xFF,0xFF,0xFF,0xFF,0xFF,0xFF,0x4A,0x0,0x0,0x0,
        0x0,0x0,0x0,0x0,0xDE,0xFF,0xFF,0xFF,0x94,0x94,0xFF,0xDE,0x4A,0x0,0x0,0x0,0x0,0x0,0x4A,0xB5,0xFF,0xB5,0x6B,0xDE,0xDE,0xDE,0xFF,0xFF,0xFF,0xFF,0x94,0x6B,0xB5,0xB5,0x4A,0x94,0xFF,0xFF,0xFF,0xFF,0x0,0x0,0xB5,0xFF,0xFF,0xFF,0xFF,0xFF,0xFF,0xFF,0xB5,0x6B,0x0,0x0,0x0,0x0,
        0x0,0x0,0x0,0x0,0x6B,0xDE,0xFF,0xFF,0xFF,0xFF,0x21,0x21,0x6B,0xDE,0x0,0x6B,0xB5,0xFF,0xB5,0x4A,0x0,0x0,0x0,0x0,0x21,0xB5,0xFF,0xFF,0x94,0x6B,0xFF,0xB5,0xFF,0xFF,0xB5,0x6B,0x0,0xB5,0x6B,0x21,0x0,0x6B,0xFF,0xFF,0xFF,0xFF,0xFF,0xFF,0xFF,0xDE,0x0,0x0,0x0,0x0,0x0,0x0,
        0x0,0x0,0x0,0x0,0x0,0x0,0x6B,0x21,0xDE,0x94,0xB5,0xFF,0xFF,0xFF,0xFF,0xFF,0x94,0x0,0x0,0x0,0x0,0x0,0x0,0x21,0xDE,0x94,0x4A,0x0,0x0,0x0,0x0,0x0,0x4A,0x0,0x0,0x0,0x0,0x21,0x6B,0xDE,0xFF,0xFF,0xFF,0xFF,0xFF,0xFF,0xFF,0xFF,0x6B,0x21,0x0,0x0,0x0,0x0,0x0,0x0,
        0x0,0x0,0x0,0x0,0x0,0x0,0x0,0x0,0x0,0x0,0x21,0x0,0x4A,0x94,0xFF,0xFF,0xFF,0xB5,0x21,0x6B,0x0,0x21,0x6B,0xDE,0x21,0x0,0x0,0x0,0x0,0x0,0x0,0x21,0x4A,0x0,0x21,0x6B,0xDE,0xFF,0xFF,0xFF,0xFF,0xFF,0xFF,0xFF,0xFF,0xFF,0xFF,0xDE,0x21,0x0,0x0,0x0,0x0,0x0,0x0,0x0,
        0x0,0x0,0x0,0x0,0x0,0x0,0x0,0x0,0x0,0x0,0x0,0x0,0x0,0x0,0x0,0xB5,0xFF,0xFF,0xFF,0xFF,0xDE,0xFF,0xFF,0xFF,0xFF,0xB5,0xB5,0x94,0x4A,0x94,0xFF,0xFF,0xFF,0xDE,0xFF,0xFF,0xFF,0xFF,0xFF,0xFF,0xFF,0xFF,0xFF,0xFF,0xFF,0xFF,0x94,0x0,0x0,0x0,0x0,0x0,0x0,0x0,0x0,0x0,
        0x0,0x0,0x0,0x0,0x0,0x0,0x0,0x0,0x0,0x0,0x0,0x0,0x0,0x0,0x0,0x0,0x4A,0xB5,0xFF,0xFF,0xFF,0xFF,0xFF,0xFF,0xFF,0xFF,0xFF,0xFF,0xDE,0x6B,0xFF,0xDE,0x94,0x21,0xB5,0x94,0x4A,0x0,0x6B,0xB5,0xFF,0xDE,0xFF,0xFF,0xDE,0x94,0x21,0x0,0x0,0x0,0x0,0x0,0x0,0x0,0x0,0x0,
        0x0,0x0,0x0,0x0,0x0,0x0,0x0,0x0,0x0,0x0,0x0,0x0,0x0,0x0,0x0,0x0,0x0,0x4A,0xFF,0xFF,0xFF,0xFF,0xFF,0xFF,0xFF,0xFF,0x94,0x21,0x0,0x0,0x21,0x0,0x0,0x0,0x0,0x0,0x0,0x0,0x0,0x0,0x0,0x0,0x94,0x21,0x0,0x0,0x0,0x0,0x0,0x0,0x0,0x0,0x0,0x0,0x0,0x0,
        0x0,0x0,0x0,0x0,0x0,0x0,0x0,0x0,0x0,0x0,0x0,0x0,0x0,0x0,0x0,0x0,0x0,0x0,0x0,0x94,0xFF,0xFF,0xFF,0xFF,0xFF,0xFF,0xB5,0x6B,0x0,0x0,0x0,0x0,0x0,0x0,0x0,0x0,0x0,0x0,0x0,0x0,0x0,0x0,0x0,0x0,0x0,0x0,0x0,0x0,0x0,0x0,0x0,0x0,0x0,0x0,0x0,0x0,
        0x0,0x0,0x0,0x0,0x0,0x0,0x0,0x0,0x0,0x0,0x0,0x0,0x0,0x0,0x0,0x0,0x0,0x0,0x0,0x0,0x21,0x94,0xDE,0xFF,0xFF,0xFF,0xFF,0xFF,0xDE,0x4A,0x0,0x0,0x0,0x0,0x0,0x0,0x0,0x0,0x0,0x0,0x0,0x0,0x0,0x0,0x0,0x0,0x0,0x0,0x0,0x0,0x0,0x0,0x0,0x0,0x0,0x0,
        0x0,0x0,0x0,0x0,0x0,0x0,0x0,0x0,0x0,0x0,0x0,0x0,0x0,0x0,0x0,0x0,0x0,0x0,0x0,0x0,0x0,0x0,0x0,0x94,0x21,0xDE,0x94,0x4A,0x0,0xDE,0x4A,0x0,0x0,0x0,0x0,0x0,0x0,0x0,0x0,0x0,0x0,0x0,0x0,0x0,0x0,0x0,0x0,0x0,0x0,0x0,0x0,0x0,0x0,0x0,0x0,0x0,
        0x0,0x0,0x0,0x0,0x0,0x0,0x0,0x0,0x0,0x0,0x0,0x0,0x0,0x0,0x0,0x0,0x0,0x0,0x0,0x0,0x0,0x0,0x0,0x0,0x0,0x0,0x0,0x0,0x0,0x4A,0x21,0x0,0x0,0x0,0x0,0x0,0x0,0x0,0x0,0x0,0x0,0x0,0x0,0x0,0x0,0x0,0x0,0x0,0x0,0x0,0x0,0x0,0x0,0x0,0x0,0x0,
        0x0,0x0,0x0,0x0,0x0,0x0,0x0,0x0,0x0,0x0,0x0,0x0,0x0,0x0,0x0,0x0,0x0,0x0,0x0,0x0,0x0,0x0,0x0,0x0,0x0,0x0,0x0,0x0,0x0,0x0,0x0,0x0,0x0,0x0,0x0,0x0,0x0,0x0,0x0,0x0,0x0,0x0,0x0,0x0,0x0,0x0,0x0,0x0,0x0,0x0,0x0,0x0,0x0,0x0,0x0,0x0,
        0x0,0x0,0x0,0x0,0x0,0x0,0x0,0x0,0x0,0x0,0x0,0x0,0x0,0x0,0x0,0x0,0x0,0x0,0x0,0x0,0x0,0x0,0x0,0x0,0x0,0x0,0x0,0x0,0x0,0x0,0x0,0x0,0x0,0x0,0x0,0x0,0x0,0x0,0x0,0x0,0x0,0x0,0x0,0x0,0x0,0x0,0x0,0x0,0x0,0x0,0x0,0x0,0x0,0x0,0x0,0x0,
        0x0,0x0,0x0,0x0,0x0,0x0,0x0,0x0,0x0,0x0,0x0,0x0,0x0,0x0,0x0,0x0,0x0,0x0,0x0,0x0,0x0,0x0,0x0,0x0,0x0,0x0,0x0,0x0,0x0,0x0,0x0,0x0,0x0,0x0,0x0,0x0,0x0,0x0,0x0,0x0,0x0,0x0,0x0,0x0,0x0,0x0,0x0,0x0,0x0,0x0,0x0,0x0,0x0,0x0,0x0,0x0,
        0x0,0x0,0x0,0x0,0x0,0x0,0x0,0x0,0x0,0x0,0x0,0x0,0x0,0x0,0x0,0x0,0x0,0x0,0x0,0x0,0x0,0x0,0x0,0x0,0x0,0x0,0x0,0x0,0x0,0x0,0x0,0x0,0x0,0x0,0x0,0x0,0x0,0x0,0x0,0x0,0x0,0x0,0x0,0x0,0x0,0x0,0x0,0x0,0x0,0x0,0x0,0x0,0x0,0x0,0x0,0x0,
        0x0,0x0,0x0,0x0,0x0,0x0,0x0,0x0,0x0,0x0,0x0,0x0,0x0,0x0,0x0,0x0,0x0,0x0,0x0,0x0,0x0,0x0,0x0,0x0,0x0,0x0,0x0,0x0,0x0,0x0,0x0,0x0,0x0,0x0,0x0,0x0,0x0,0x0,0x0,0x0,0x0,0x0,0x0,0x0,0x0,0x0,0x0,0x0,0x0,0x0,0x0,0x0,0x0,0x0,0x0,0x0,
        0x0,0x0,0x0,0x0,0x0,0x0,0x0,0x0,0x0,0x0,0x0,0x0,0x0,0x0,0x0,0x0,0x0,0x0,0x0,0x0,0x0,0x0,0x0,0x0,0x0,0x0,0x0,0x0,0x0,0x0,0x0,0x0,0x0,0x0,0x0,0x0,0x0,0x0,0x0,0x0,0x0,0x0,0x0,0x0,0x0,0x0,0x0,0x0,0x0,0x0,0x0,0x0,0x0,0x0,0x0,0x0
    }
};

const gfx_sprite_t sprite_gaster_blaster_0_17 = {
    .width = 56,
    .height = 56,
    .data = {
        0x0,0x0,0x0,0x0,0x0,0x0,0x0,0x0,0x0,0x0,0x0,0x0,0x0,0x0,0x0,0x0,0x0,0x0,0x0,0x0,0x0,0x0,0x0,0x0,0x0,0x0,0x0,0x0,0x0,0x0,0x0,0x0,0x0,0x0,0x0,0x0,0x0,0x0,0x0,0x0,0x0,0x0,0x0,0x0,0x0,0x0,0x0,0x0,0x0,0x0,0x0,0x0,0x0,0x0,0x0,0x0,
        0x0,0x0,0x0,0x0,0x0,0x0,0x0,0x0,0x0,0x0,0x0,0x0,0x0,0x0,0x0,0x0,0x0,0x0,0x0,0x0,0x0,0x0,0x0,0x0,0x0,0x0,0x0,0x0,0x0,0x0,0x0,0x0,0x0,0x0,0x0,0x0,0x0,0x0,0x0,0x0,0x0,0x0,0x0,0x0,0x0,0x0,0x0,0x0,0x0,0x0,0x0,0x0,0x0,0x0,0x0,0x0,
        0x0,0x0,0x0,0x0,0x0,0x0,0x0,0x0,0x0,0x0,0x0,0x0,0x0,0x0,0x0,0x0,0x0,0x0,0x0,0x0,0x0,0x0,0x0,0x0,0x0,0x0,0x0,0x0,0x0,0x0,0x0,0x0,0x0,0x0,0x0,0x0,0x0,0x0,0x0,0x0,0x0,0x0,0x0,0x0,0x0,0x0,0x0,0x0,0x0,0x0,0x0,0x0,0x0,0x0,0x0,0x0,
        0x0,0x0,0x0,0x0,0x0,0x0,0x0,0x0,0x0,0x0,0x0,0x0,0x0,0x0,0x0,0x0,0x0,0x0,0x0,0x0,0x0,0x0,0x0,0x0,0x0,0x0,0x0,0x0,0x0,0x0,0x0,0x0,0x0,0x0,0x21,0x0,0x0,0x0,0x0,0x0,0x0,0x0,0x0,0x0,0x0,0x0,0x0,0x0,0x0,0x0,0x0,0x0,0x0,0x0,0x0,0x0,
        0x0,0x0,0x0,0x0,0x0,0x0,0x0,0x0,0x0,0x0,0x0,0x0,0x0,0x0,0x0,0x0,0x0,0x0,0x0,0x0,0x0,0x0,0x0,0x0,0x0,0x0,0x0,0x0,0x0,0x0,0x0,0x21,0x0,0x94,0xFF,0xDE,0x94,0x94,0x4A,0x0,0x0,0x0,0x0,0x0,0x0,0x0,0x0,0x0,0x0,0x0,0x0,0x0,0x0,0x0,0x0,0x0,
        0x0,0x0,0x0,0x0,0x0,0x0,0x0,0x0,0x0,0x0,0x0,0x0,0x0,0x0,0x0,0x0,0x0,0x0,0x0,0x0,0x0,0x0,0x0,0x0,0x0,0x0,0x21,0x21,0x6B,0xB5,0x94,0xFF,0xDE,0xFF,0xFF,0xFF,0xFF,0xDE,0xFF,0xFF,0xDE,0x0,0x0,0x0,0x0,0x0,0x0,0x0,0x0,0x0,0x0,0x0,0x0,0x0,0x0,0x0,
        0x0,0x0,0x0,0x0,0x0,0x0,0x0,0x0,0x0,0x0,0x0,0x0,0x0,0x0,0x0,0x0,0x0,0x0,0x0,0x0,0x0,0x0,0x0,0x0,0x0,0x6B,0xFF,0xFF,0xFF,0xFF,0xFF,0xFF,0xFF,0xDE,0x4A,0x6B,0x0,0x0,0x0,0x4A,0x6B,0x0,0x0,0x0,0x0,0x0,0x0,0x0,0x0,0x0,0x0,0x0,0x0,0x0,0x0,0x0,
        0x0,0x0,0x0,0x0,0x0,0x0,0x0,0x0,0x0,0x0,0x0,0x0,0x0,0x0,0x0,0x0,0x0,0x0,0x0,0x0,0x0,0x0,0x0,0x0,0xB5,0xFF,0xFF,0xFF,0xFF,0xFF,0xFF,0xFF,0xFF,0xB5,0x0,0x0,0x0,0x0,0x0,0x0,0x0,0x0,0x0,0x0,0x0,0x0,0x0,0x0,0x0,0x0,0x0,0x0,0x0,0x0,0x0,0x0,
        0x0,0x0,0x0,0x0,0x0,0x0,0x0,0x0,0x0,0x0,0x0,0x0,0x0,0x0,0x0,0x0,0x0,0x0,0x0,0x0,0x0,0x0,0x0,0x94,0xFF,0xFF,0xFF,0xFF,0xFF,0xFF,0xFF,0xFF,0xFF,0xFF,0x94,0x94,0x6B,0x0,0x0,0x0,0x0,0x0,0x0,0x0,0x0,0x0,0x0,0x0,0x0,0x0,0x0,0x0,0x0,0x0,0x0,0x0,
        0x0,0x0,0x0,0x0,0x0,0x0,0x0,0x0,0x0,0x0,0x0,0x0,0x0,0x0,0x0,0x0,0x0,0x0,0x0,0x0,0x0,0x0,0x0,0xB5,0xFF,0xFF,0xFF,0xFF,0xFF,0xFF,0xFF,0xFF,0xFF,0xFF,0xFF,0xFF,0xFF,0xFF,0xB5,0x0,0x0,0x0,0x0,0x0,0x0,0x0,0x0,0x0,0x0,0x0,0x0,0x0,0x0,0x0,0x0,0x0,
        0x0,0x0,0x0,0x0,0x0,0x0,0x0,0x0,0x0,0x0,0x0,0x0,0x0,0x0,0x0,0x0,0x0,0x0,0x0,0x0,0x0,0x0,0xB5,0xFF,0xFF,0xFF,0xFF,0xFF,0xFF,0xFF,0xFF,0xFF,0xFF,0xFF,0xFF,0xFF,0xFF,0xFF,0xFF,0xFF,0xB5,0x0,0x0,0x0,0x0,0x0,0x0,0x0,0x0,0x0,0x0,0x0,0x0,0x0,0x0,0x0,
        0x0,0x0,0x0,0x0,0x0,0x0,0x0,0x0,0x0,0x0,0x0,0x0,0x0,0x0,0x0,0x0,0x0,0x0,0x0,0x0,0x0,0x0,0xDE,0xFF,0xFF,0xFF,0xFF,0x6B,0xB5,0xDE,0xDE,0xFF,0xFF,0xFF,0xFF,0xFF,0xFF,0xFF,0xFF,0xFF,0xFF,0xFF,0xB5,0x0,0x0,0x0,0x0,0x0,0x0,0x0,0x21,0x0,0x0,0x0,0x0,0x0,
        0x0,0x0,0x0,0x0,0x0,0x0,0x0,0x0,0x0,0x0,0x0,0x0,0x0,0x0,0x0,0x0,0x0,0x0,0x0,0x0,0x0,0x0,0xDE,0xFF,0xFF,0xB5,0x0,0x0,0x0,0x94,0x21,0xFF,0xFF,0xFF,0xFF,0xFF,0xFF,0xFF,0xFF,0xFF,0xFF,0xFF,0xFF,0xFF,0xDE,0xDE,0xB5,0x6B,0x4A,0x6B,0xFF,0x0,0x0,0x0,0x0,0x0,
        0x0,0x0,0x0,0x0,0x0,0x0,0x0,0x0,0x0,0x0,0x0,0x0,0x0,0x0,0x0,0x0,0x0,0x0,0x0,0x0,0x21,0xB5,0xFF,0xFF,0x6B,0x0,0x94,0x4A,0xDE,0xFF,0xFF,0xFF,0xFF,0xFF,0xFF,0xFF,0xFF,0xFF,0xFF,0xFF,0xFF,0xFF,0xFF,0xFF,0xFF,0xFF,0xFF,0xFF,0xFF,0xFF,0xFF,0x94,0x0,0x0,0x0,0x0,
        0x0,0x0,0x0,0x0,0x0,0x0,0x0,0x0,0x0,0x0,0x0,0x0,0x0,0x0,0x0,0x0,0x0,0x0,0x0,0x4A,0xFF,0xFF,0xDE,0x4A,0x4A,0xFF,0xFF,0xFF,0xFF,0xFF,0xFF,0xFF,0xFF,0xFF,0xFF,0xFF,0xFF,0xFF,0xFF,0xFF,0xFF,0xFF,0xFF,0xFF,0xFF,0xFF,0xFF,0xFF,0xFF,0xFF,0x6B,0x0,0x0,0x0,0x0,0x0,
        0x0,0x0,0x0,0x0,0x0,0x0,0x0,0x0,0x0,0x0,0x0,0x0,0x0,0x4A,0x0,0x0,0x0,0x0,0x0,0x6B,0xFF,0xB5,0x0,0x0,0x6B,0xFF,0xB5,0xDE,0xDE,0xFF,0xFF,0xFF,0xFF,0xFF,0xFF,0xFF,0xFF,0xFF,0xFF,0xFF,0xFF,0xFF,0xFF,0xFF,0xFF,0xFF,0xFF,0xFF,0xFF,0xFF,0x4A,0x0,0x0,0x0,0x0,0x0,
        0x0,0x0,0x0,0x0,0x0,0x0,0x0,0x0,0x0,0x0,0x0,0x0,0x0,0xFF,0x4A,0x0,0x0,0x0,0x6B,0xFF,0x6B,0x0,0x0,0x4A,0xFF,0x6B,0x0,0x0,0x0,0xDE,0xFF,0xFF,0xFF,0xFF,0xFF,0xFF,0xFF,0xFF,0xFF,0xFF,0xFF,0xFF,0xFF,0xFF,0xFF,0xFF,0xFF,0xFF,0xFF,0xFF,0x0,0x0,0x0,0x0,0x0,0x0,
        0x0,0x0,0x0,0x0,0x0,0x0,0x0,0x0,0x0,0x0,0x0,0x0,0x0,0x6B,0x0,0x0,0x0,0xB5,0xFF,0xDE,0x0,0x0,0x94,0xDE,0x21,0x0,0x0,0x0,0x0,0x4A,0xFF,0xFF,0xFF,0xFF,0xFF,0xFF,0xFF,0xFF,0xFF,0xFF,0xFF,0xFF,0xFF,0xFF,0xFF,0xFF,0xFF,0xFF,0xFF,0xDE,0x0,0x0,0x0,0x0,0x0,0x0,
        0x0,0x0,0x0,0x0,0x0,0x0,0x0,0x0,0x0,0x0,0x0,0x0,0x94,0xFF,0x21,0x0,0x21,0xFF,0xFF,0x6B,0x0,0xDE,0xFF,0x21,0x0,0x0,0x0,0x0,0x0,0x4A,0xFF,0xFF,0xFF,0xFF,0xFF,0xFF,0xFF,0xFF,0xFF,0xFF,0xFF,0x6B,0x21,0xFF,0xFF,0xFF,0xFF,0xFF,0xFF,0xDE,0x0,0x0,0x0,0x0,0x0,0x0,
        0x0,0x0,0x0,0x0,0x0,0x0,0x0,0x0,0x0,0x0,0x0,0xB5,0xFF,0xDE,0x0,0x0,0xB5,0xB5,0x21,0x0,0x0,0xDE,0xDE,0x21,0x4A,0xFF,0xB5,0x94,0x0,0x4A,0xFF,0xFF,0xFF,0xFF,0xFF,0xFF,0xFF,0xFF,0xFF,0xDE,0x21,0x0,0x0,0xB5,0xFF,0xFF,0xFF,0xFF,0xFF,0xB5,0x0,0x0,0x0,0x0,0x0,0x0,
        0x0,0x0,0x0,0x0,0x0,0x0,0x0,0x0,0x0,0x0,0x21,0xFF,0xFF,0x94,0x4A,0xFF,0x94,0x0,0x0,0x0,0xDE,0x94,0x0,0x94,0xDE,0x6B,0xFF,0xFF,0x21,0x94,0xFF,0xFF,0xFF,0xFF,0xFF,0xFF,0xFF,0xFF,0x94,0x0,0x0,0x21,0xDE,0xFF,0xFF,0xFF,0xFF,0xFF,0xFF,0x6B,0x0,0x0,0x0,0x0,0x0,0x0,
        0x0,0x0,0x0,0x0,0x0,0x0,0x0,0x0,0x0,0x0,0xDE,0xFF,0xFF,0xFF,0xFF,0xFF,0x6B,0x0,0x0,0x0,0xDE,0x94,0x21,0xFF,0x21,0x0,0x94,0xDE,0x0,0xDE,0xFF,0xFF,0xFF,0xFF,0xFF,0xFF,0xFF,0x4A,0x0,0x0,0x6B,0xFF,0xFF,0xFF,0xFF,0xFF,0xFF,0xFF,0xFF,0xFF,0x0,0x0,0x0,0x0,0x0,0x0,
        0x0,0x0,0x0,0x0,0x0,0x0,0x0,0x0,0x0,0x21,0xFF,0xFF,0xFF,0xFF,0xFF,0x6B,0x0,0x0,0x4A,0xDE,0xFF,0xFF,0x94,0xFF,0x21,0x6B,0xFF,0x6B,0x21,0xDE,0xFF,0xFF,0xFF,0xFF,0xFF,0xB5,0x21,0x0,0x0,0x94,0xFF,0xFF,0xFF,0xFF,0xFF,0xFF,0xFF,0xFF,0xFF,0xB5,0x0,0x0,0x0,0x0,0x0,0x0,
        0x0,0x0,0x0,0x0,0x0,0x0,0x0,0x0,0x0,0x6B,0xFF,0xFF,0xFF,0xFF,0xFF,0x6B,0x0,0x6B,0xFF,0xFF,0xFF,0xDE,0x0,0xFF,0xB5,0xDE,0x21,0x4A,0xFF,0xFF,0xFF,0xFF,0xFF,0xFF,0x94,0x0,0x0,0x21,0xDE,0xFF,0xFF,0xFF,0xFF,0xFF,0xFF,0xFF,0xFF,0xFF,0xFF,0xFF,0x4A,0x0,0x0,0x0,0x0,0x0,
        0x0,0x0,0x0,0x0,0x0,0x0,0x0,0x0,0x0,0x94,0xFF,0xFF,0xFF,0xFF,0xFF,0x21,0xB5,0xDE,0xFF,0xFF,0xFF,0xFF,0x94,0x4A,0x94,0x0,0x6B,0xFF,0xFF,0xFF,0xFF,0xFF,0xFF,0x4A,0x0,0x0,0x6B,0xFF,0xFF,0xFF,0xFF,0xFF,0xFF,0xFF,0xFF,0xFF,0xFF,0xFF,0xFF,0xFF,0x4A,0x0,0x0,0x4A,0x94,0x0,
        0x0,0x0,0x0,0x0,0x0,0x0,0x0,0x0,0x0,0xB5,0xFF,0xFF,0xFF,0xFF,0xB5,0x4A,0x6B,0x0,0xFF,0xFF,0xFF,0xFF,0xFF,0x4A,0x0,0x0,0x6B,0xFF,0xFF,0xFF,0xFF,0xB5,0x0,0x0,0x0,0xB5,0xFF,0xFF,0xFF,0xFF,0xFF,0xFF,0xFF,0xFF,0xFF,0xFF,0xFF,0xFF,0xFF,0xFF,0x6B,0x0,0x0,0x4A,0xFF,0x21,
        0x0,0x0,0x0,0x0,0x0,0x0,0x0,0x0,0x0,0xDE,0xFF,0xFF,0xFF,0x6B,0x0,0x0,0x21,0xFF,0xFF,0xFF,0xFF,0xFF,0xFF,0xDE,0x0,0x94,0xFF,0xFF,0xFF,0xFF,0x6B,0x0,0x0,0x4A,0xFF,0xFF,0xFF,0xFF,0xFF,0xFF,0xFF,0xFF,0xFF,0xFF,0xFF,0xFF,0xFF,0xFF,0xFF,0xFF,0xB5,0x0,0x0,0x6B,0xDE,0x0,
        0x0,0x0,0x0,0x0,0x0,0x0,0x0,0x0,0x21,0xFF,0xFF,0xFF,0x6B,0x0,0x0,0x0,0x21,0xFF,0xFF,0xFF,0xFF,0xFF,0xFF,0xFF,0xFF,0xFF,0xFF,0xFF,0xDE,0x21,0x0,0x0,0x94,0xFF,0xFF,0xFF,0xFF,0xFF,0xFF,0xFF,0xFF,0xFF,0xFF,0xFF,0xFF,0xFF,0xFF,0xFF,0xFF,0xFF,0x94,0x0,0x0,0xB5,0xB5,0x0,
        0x0,0x0,0x0,0x0,0x0,0x0,0x0,0x0,0x0,0xB5,0xFF,0xFF,0x6B,0x0,0x0,0x4A,0xFF,0xFF,0xFF,0xFF,0xFF,0xFF,0xFF,0xFF,0xFF,0xFF,0xFF,0x94,0x0,0x0,0x21,0xDE,0xFF,0xFF,0xFF,0xFF,0xFF,0xFF,0xFF,0xFF,0xFF,0xFF,0xFF,0xFF,0xFF,0xFF,0xFF,0xFF,0xFF,0xFF,0x4A,0x0,0x0,0xDE,0xB5,0x0,
        0x0,0x0,0x0,0x0,0x0,0x0,0x0,0x0,0x0,0xB5,0xFF,0x6B,0x0,0x0,0x94,0xDE,0x21,0xB5,0xFF,0xFF,0xFF,0xFF,0xB5,0x6B,0x94,0x0,0x4A,0x0,0x0,0x6B,0xFF,0xFF,0xFF,0xFF,0xFF,0xFF,0xFF,0xFF,0xFF,0xFF,0xFF,0xFF,0xFF,0xFF,0xFF,0xFF,0xFF,0xFF,0xFF,0xFF,0x21,0x0,0xDE,0xFF,0x6B,0x0,
        0x0,0x0,0x0,0x0,0x0,0x0,0x0,0x0,0x0,0xB5,0xFF,0x4A,0x21,0xDE,0x94,0x0,0x94,0xFF,0xFF,0xFF,0xFF,0x6B,0x0,0x0,0x0,0x0,0x0,0x0,0x94,0xFF,0xFF,0xFF,0xFF,0xFF,0xDE,0x94,0xDE,0xFF,0xFF,0xFF,0xFF,0xFF,0xFF,0xFF,0xFF,0xFF,0xFF,0xFF,0xFF,0xFF,0x6B,0x21,0xDE,0xFF,0x21,0x0,
        0x0,0x0,0x0,0x0,0x0,0x0,0x0,0x0,0x0,0xFF,0xFF,0xB5,0xFF,0x6B,0x0,0x94,0xDE,0xFF,0xFF,0xFF,0x6B,0x0,0x0,0x0,0x0,0x0,0x0,0x4A,0xFF,0xFF,0xFF,0xFF,0xFF,0xB5,0x0,0x0,0x0,0x21,0x21,0x21,0xFF,0xFF,0xFF,0xFF,0xFF,0xFF,0xFF,0xFF,0xFF,0xFF,0xFF,0xFF,0xFF,0xDE,0x21,0x0,
        0x0,0x0,0x0,0x0,0x0,0x0,0x0,0x0,0x21,0xFF,0xFF,0xDE,0x21,0x0,0x0,0x0,0x21,0xFF,0xFF,0xFF,0x6B,0x0,0x0,0x0,0x0,0x0,0x0,0xB5,0xFF,0xFF,0x94,0x0,0x4A,0x21,0xDE,0xDE,0xDE,0x0,0x0,0x0,0x4A,0xFF,0xFF,0xFF,0x94,0x94,0xFF,0xFF,0xFF,0xFF,0xFF,0xFF,0xB5,0x0,0x0,0x0,
        0x0,0x0,0x0,0x0,0x0,0x0,0x0,0x0,0x4A,0xFF,0xDE,0x0,0x0,0x0,0x0,0x0,0x4A,0xFF,0xFF,0xFF,0x6B,0x0,0x0,0x0,0x0,0x0,0x6B,0xFF,0xFF,0x6B,0x0,0x0,0x6B,0xFF,0x6B,0xB5,0xFF,0x6B,0x0,0x0,0x0,0xDE,0xFF,0xFF,0x94,0xDE,0xFF,0xFF,0xFF,0xFF,0xFF,0xFF,0x6B,0x0,0x0,0x0,
        0x0,0x0,0x0,0x0,0x0,0x0,0x0,0x0,0x4A,0xFF,0xB5,0x0,0x0,0x0,0x0,0x21,0xDE,0xDE,0xFF,0xFF,0xFF,0x21,0x0,0x0,0x0,0x0,0xB5,0xFF,0xFF,0xB5,0x0,0x94,0xDE,0x21,0x0,0x21,0xFF,0x21,0x0,0x0,0x21,0xFF,0xFF,0x4A,0x0,0xFF,0xFF,0xFF,0xFF,0xFF,0xFF,0x94,0x0,0x0,0x0,0x0,
        0x0,0x0,0x0,0x0,0x0,0x0,0x0,0x4A,0xFF,0x94,0x0,0x0,0x0,0x0,0x6B,0xFF,0x6B,0x0,0x21,0x94,0xFF,0xDE,0x21,0x0,0x4A,0xFF,0xFF,0xFF,0xFF,0xFF,0x6B,0x4A,0xFF,0xB5,0x6B,0xDE,0xB5,0x0,0x0,0x21,0xB5,0xFF,0xDE,0x0,0x0,0xDE,0xFF,0xFF,0xFF,0xFF,0xFF,0x6B,0x0,0x0,0x0,0x0,
        0x0,0x0,0x0,0x0,0x0,0x0,0x0,0x4A,0x4A,0x4A,0xFF,0x21,0x0,0xB5,0xDE,0x21,0x0,0x0,0x0,0x21,0xFF,0xFF,0xFF,0xFF,0xFF,0xFF,0xFF,0xFF,0xFF,0xFF,0xFF,0x4A,0x94,0xB5,0xFF,0x6B,0x0,0x0,0x4A,0xFF,0xFF,0xFF,0x4A,0x4A,0xDE,0xFF,0xFF,0xFF,0xFF,0xFF,0x94,0x0,0x0,0x0,0x0,0x0,
        0x0,0x0,0x0,0x0,0x0,0x0,0x4A,0xFF,0xB5,0xFF,0x4A,0x0,0x0,0x4A,0x0,0x0,0x0,0x0,0x0,0x6B,0xFF,0xFF,0xFF,0xFF,0xFF,0xFF,0xFF,0xFF,0xFF,0xFF,0xFF,0xDE,0xB5,0x21,0x0,0x6B,0xDE,0x94,0xDE,0x4A,0x4A,0x0,0x94,0xFF,0xFF,0xFF,0xFF,0xFF,0xFF,0xFF,0x6B,0x0,0x0,0x0,0x0,0x0,
        0x0,0x0,0x0,0x0,0x0,0x0,0x6B,0xFF,0xB5,0x0,0x21,0x0,0x94,0x0,0x0,0x0,0x0,0x0,0x21,0xDE,0xDE,0xFF,0xFF,0xFF,0xFF,0xFF,0xFF,0xFF,0xFF,0xFF,0xFF,0xFF,0xFF,0xDE,0x94,0xFF,0xFF,0x94,0x0,0x0,0x21,0xB5,0xFF,0xFF,0xFF,0xFF,0xFF,0xFF,0xFF,0x94,0x0,0x0,0x0,0x0,0x0,0x0,
        0x0,0x0,0x0,0x0,0x0,0x4A,0xFF,0xFF,0xB5,0xB5,0xFF,0xFF,0xFF,0x94,0x0,0x0,0x0,0x6B,0xFF,0x6B,0x0,0x21,0xDE,0xFF,0x94,0xFF,0xFF,0xFF,0xFF,0xFF,0xFF,0xFF,0xB5,0xB5,0x94,0x21,0x6B,0x0,0x0,0x4A,0xFF,0xFF,0xFF,0xFF,0xFF,0xFF,0xFF,0xFF,0x4A,0x0,0x0,0x0,0x0,0x0,0x0,0x0,
        0x0,0x0,0x0,0x0,0x0,0x6B,0xFF,0xFF,0xFF,0xFF,0xFF,0xFF,0xFF,0xFF,0x6B,0x0,0xB5,0xDE,0x21,0x0,0x0,0x21,0xDE,0x21,0x4A,0xFF,0xB5,0xFF,0x4A,0xDE,0xFF,0x94,0x0,0x0,0x0,0x0,0x21,0x0,0x94,0xFF,0xFF,0xB5,0x4A,0x94,0xDE,0x4A,0x4A,0x0,0x0,0x0,0x0,0x0,0x0,0x0,0x0,0x0,
        0x0,0x0,0x0,0x0,0x0,0xB5,0xFF,0xFF,0xFF,0xFF,0xFF,0xFF,0xFF,0xFF,0xB5,0x0,0x4A,0x0,0x0,0x0,0x0,0x0,0x0,0x94,0xDE,0x21,0x0,0x0,0x94,0xFF,0x4A,0x0,0x0,0x0,0x0,0xB5,0xFF,0xDE,0xDE,0xFF,0x6B,0x0,0x0,0x0,0x0,0x0,0x0,0x0,0x0,0x0,0x0,0x0,0x0,0x0,0x0,0x0,
        0x0,0x0,0x0,0x0,0x0,0x21,0xFF,0xFF,0xFF,0xFF,0xFF,0xFF,0xFF,0xB5,0x0,0x0,0x0,0x0,0x0,0x0,0x0,0x21,0xDE,0x94,0x0,0x0,0x0,0x0,0x94,0x0,0x0,0x0,0x0,0x4A,0xDE,0xFF,0xFF,0x6B,0x0,0x21,0x0,0x0,0x0,0x0,0x0,0x0,0x0,0x0,0x0,0x0,0x0,0x0,0x0,0x0,0x0,0x0,
        0x0,0x0,0x0,0x0,0x0,0x0,0x6B,0xFF,0xFF,0xFF,0xFF,0xFF,0xFF,0xB5,0x0,0x6B,0x6B,0x0,0x0,0x0,0x6B,0xFF,0x6B,0x0,0x0,0x0,0x0,0x94,0xDE,0xB5,0x6B,0xFF,0xDE,0xFF,0x4A,0xB5,0x21,0x0,0x0,0x0,0x0,0x0,0x0,0x0,0x0,0x0,0x0,0x0,0x0,0x0,0x0,0x0,0x0,0x0,0x0,0x0,
        0x0,0x0,0x0,0x0,0x0,0x0,0x0,0x94,0xFF,0xFF,0xFF,0xFF,0xB5,0x21,0xB5,0xB5,0x0,0x6B,0x94,0xB5,0xFF,0x21,0x0,0x0,0x6B,0x21,0xDE,0xFF,0xFF,0xFF,0xFF,0xFF,0xB5,0x0,0x0,0x0,0x0,0x0,0x0,0x0,0x0,0x0,0x0,0x0,0x0,0x0,0x0,0x0,0x0,0x0,0x0,0x0,0x0,0x0,0x0,0x0,
        0x0,0x0,0x0,0x0,0x0,0x0,0x0,0x0,0xDE,0xFF,0xFF,0xFF,0xFF,0xFF,0xB5,0x0,0xB5,0xFF,0xFF,0xFF,0xFF,0xDE,0xFF,0xDE,0xFF,0xFF,0xFF,0xFF,0xFF,0xFF,0xFF,0xDE,0x0,0x0,0x0,0x0,0x0,0x0,0x0,0x0,0x0,0x0,0x0,0x0,0x0,0x0,0x0,0x0,0x0,0x0,0x0,0x0,0x0,0x0,0x0,0x0,
        0x0,0x0,0x0,0x0,0x0,0x0,0x0,0x0,0x21,0xFF,0xFF,0xFF,0xFF,0xFF,0xB5,0xDE,0x6B,0x6B,0x94,0xDE,0xFF,0xFF,0xFF,0xFF,0xFF,0xFF,0xFF,0xFF,0xFF,0xFF,0xFF,0xFF,0xFF,0xDE,0xB5,0x94,0x0,0x0,0x0,0x0,0x0,0x0,0x0,0x0,0x0,0x0,0x0,0x0,0x0,0x0,0x0,0x0,0x0,0x0,0x0,0x0,
        0x0,0x0,0x0,0x0,0x0,0x0,0x0,0x0,0x0,0x4A,0x6B,0x94,0x0,0x4A,0x0,0x0,0x0,0x0,0x0,0x0,0x0,0x0,0x21,0xDE,0xFF,0xFF,0xFF,0xFF,0xFF,0xFF,0xFF,0xFF,0xFF,0xB5,0x0,0x6B,0xB5,0x0,0x0,0x0,0x0,0x0,0x0,0x0,0x0,0x0,0x0,0x0,0x0,0x0,0x0,0x0,0x0,0x0,0x0,0x0,
        0x0,0x0,0x0,0x0,0x0,0x0,0x0,0x0,0x0,0x0,0x0,0x0,0x0,0x0,0x0,0x0,0x0,0x0,0x0,0x0,0x0,0x0,0x0,0x21,0x21,0x6B,0x94,0xB5,0xDE,0xFF,0xB5,0xB5,0x6B,0x0,0x0,0x0,0x0,0x0,0x0,0x0,0x0,0x0,0x0,0x0,0x0,0x0,0x0,0x0,0x0,0x0,0x0,0x0,0x0,0x0,0x0,0x0,
        0x0,0x0,0x0,0x0,0x0,0x0,0x0,0x0,0x0,0x0,0x0,0x0,0x0,0x0,0x0,0x0,0x0,0x0,0x0,0x0,0x0,0x0,0x0,0x0,0x0,0x0,0x0,0x0,0x0,0x21,0x0,0x0,0x0,0x0,0x0,0x0,0x0,0x0,0x0,0x0,0x0,0x0,0x0,0x0,0x0,0x0,0x0,0x0,0x0,0x0,0x0,0x0,0x0,0x0,0x0,0x0,
        0x0,0x0,0x0,0x0,0x0,0x0,0x0,0x0,0x0,0x0,0x0,0x0,0x0,0x0,0x0,0x0,0x0,0x0,0x0,0x0,0x0,0x0,0x0,0x0,0x0,0x0,0x0,0x0,0x0,0x0,0x0,0x0,0x0,0x0,0x0,0x0,0x0,0x0,0x0,0x0,0x0,0x0,0x0,0x0,0x0,0x0,0x0,0x0,0x0,0x0,0x0,0x0,0x0,0x0,0x0,0x0,
        0x0,0x0,0x0,0x0,0x0,0x0,0x0,0x0,0x0,0x0,0x0,0x0,0x0,0x0,0x0,0x0,0x0,0x0,0x0,0x0,0x0,0x0,0x0,0x0,0x0,0x0,0x0,0x0,0x0,0x0,0x0,0x0,0x0,0x0,0x0,0x0,0x0,0x0,0x0,0x0,0x0,0x0,0x0,0x0,0x0,0x0,0x0,0x0,0x0,0x0,0x0,0x0,0x0,0x0,0x0,0x0,
        0x0,0x0,0x0,0x0,0x0,0x0,0x0,0x0,0x0,0x0,0x0,0x0,0x0,0x0,0x0,0x0,0x0,0x0,0x0,0x0,0x0,0x0,0x0,0x0,0x0,0x0,0x0,0x0,0x0,0x0,0x0,0x0,0x0,0x0,0x0,0x0,0x0,0x0,0x0,0x0,0x0,0x0,0x0,0x0,0x0,0x0,0x0,0x0,0x0,0x0,0x0,0x0,0x0,0x0,0x0,0x0,
        0x0,0x0,0x0,0x0,0x0,0x0,0x0,0x0,0x0,0x0,0x0,0x0,0x0,0x0,0x0,0x0,0x0,0x0,0x0,0x0,0x0,0x0,0x0,0x0,0x0,0x0,0x0,0x0,0x0,0x0,0x0,0x0,0x0,0x0,0x0,0x0,0x0,0x0,0x0,0x0,0x0,0x0,0x0,0x0,0x0,0x0,0x0,0x0,0x0,0x0,0x0,0x0,0x0,0x0,0x0,0x0,
        0x0,0x0,0x0,0x0,0x0,0x0,0x0,0x0,0x0,0x0,0x0,0x0,0x0,0x0,0x0,0x0,0x0,0x0,0x0,0x0,0x0,0x0,0x0,0x0,0x0,0x0,0x0,0x0,0x0,0x0,0x0,0x0,0x0,0x0,0x0,0x0,0x0,0x0,0x0,0x0,0x0,0x0,0x0,0x0,0x0,0x0,0x0,0x0,0x0,0x0,0x0,0x0,0x0,0x0,0x0,0x0,
        0x0,0x0,0x0,0x0,0x0,0x0,0x0,0x0,0x0,0x0,0x0,0x0,0x0,0x0,0x0,0x0,0x0,0x0,0x0,0x0,0x0,0x0,0x0,0x0,0x0,0x0,0x0,0x0,0x0,0x0,0x0,0x0,0x0,0x0,0x0,0x0,0x0,0x0,0x0,0x0,0x0,0x0,0x0,0x0,0x0,0x0,0x0,0x0,0x0,0x0,0x0,0x0,0x0,0x0,0x0,0x0
    }
};

const gfx_sprite_t sprite_gaster_blaster_0_18 = {
    .width = 56,
    .height = 56,
    .data = {
        0x0,0x0,0x0,0x0,0x0,0x0,0x0,0x0,0x0,0x0,0x0,0x0,0x0,0x0,0x0,0x0,0x0,0x0,0x0,0x0,0x0,0x0,0x0,0x0,0x0,0x0,0x0,0x0,0x0,0x0,0x0,0x0,0x0,0x0,0x0,0x0,0x0,0x0,0x0,0x0,0x0,0x0,0x0,0x0,0x0,0x0,0x0,0x0,0x0,0x0,0x0,0x0,0x0,0x0,0x0,0x0,
        0x0,0x0,0x0,0x0,0x0,0x0,0x0,0x0,0x0,0x0,0x0,0x0,0x0,0x0,0x0,0x0,0x0,0x0,0x0,0x0,0x0,0x0,0x0,0x0,0x0,0x0,0x0,0x0,0x0,0x0,0x0,0x0,0x0,0x0,0x0,0x0,0x0,0x0,0x0,0x0,0x0,0x0,0x0,0x0,0x0,0x0,0x0,0x0,0x0,0x0,0x0,0x0,0x0,0x0,0x0,0x0,
        0x0,0x0,0x0,0x0,0x0,0x0,0x0,0x0,0x0,0x0,0x0,0x0,0x0,0x0,0x0,0x0,0x0,0x0,0x0,0x0,0x0,0x0,0x0,0x0,0x0,0x0,0x0,0x0,0x0,0x21,0x4A,0x4A,0x94,0x0,0x0,0x0,0x0,0x0,0x0,0x0,0x0,0x0,0x0,0x0,0x0,0x0,0x0,0x0,0x0,0x0,0x0,0x0,0x0,0x0,0x0,0x0,
        0x0,0x0,0x0,0x0,0x0,0x0,0x0,0x0,0x0,0x0,0x0,0x0,0x0,0x0,0x0,0x0,0x0,0x0,0x0,0x0,0x0,0x0,0x0,0x0,0x0,0x0,0xB5,0xB5,0xDE,0xFF,0xFF,0xFF,0xDE,0x94,0x0,0x0,0x0,0x0,0x0,0x0,0x0,0x0,0x0,0x0,0x0,0x0,0x0,0x0,0x0,0x0,0x0,0x0,0x0,0x0,0x0,0x0,
        0x0,0x0,0x0,0x0,0x0,0x0,0x0,0x0,0x0,0x0,0x0,0x0,0x0,0x0,0x0,0x0,0x0,0x0,0x0,0x0,0x0,0x0,0x0,0x0,0x0,0x6B,0xFF,0xFF,0xFF,0x4A,0x4A,0x0,0x0,0x0,0x0,0x0,0x0,0x0,0x0,0x0,0x0,0x0,0x0,0x0,0x0,0x0,0x0,0x0,0x0,0x0,0x0,0x0,0x0,0x0,0x0,0x0,
        0x0,0x0,0x0,0x0,0x0,0x0,0x0,0x0,0x0,0x0,0x0,0x0,0x0,0x0,0x0,0x0,0x0,0x0,0x0,0x0,0x0,0x0,0x0,0x6B,0xDE,0xFF,0xFF,0x4A,0x4A,0x0,0x0,0x0,0x0,0x0,0x0,0x0,0x0,0x0,0x0,0x0,0x0,0x0,0x0,0x0,0x0,0x0,0x0,0x0,0x0,0x0,0x0,0x0,0x0,0x0,0x0,0x0,
        0x0,0x0,0x0,0x0,0x0,0x0,0x0,0x0,0x0,0x0,0x0,0x0,0x0,0x0,0x0,0x0,0x0,0x0,0x0,0x0,0x0,0x6B,0xDE,0xFF,0xFF,0xFF,0xB5,0x0,0x0,0x0,0x0,0x21,0x0,0x0,0x0,0x0,0x0,0x0,0x0,0x0,0x0,0x0,0x0,0x21,0xFF,0xFF,0x0,0x0,0x0,0x0,0x0,0x0,0x0,0x0,0x0,0x0,
        0x0,0x0,0x0,0x0,0x0,0x0,0x0,0x0,0x0,0x0,0x0,0x0,0x0,0x0,0x0,0x0,0x0,0x0,0x0,0x4A,0xDE,0xFF,0xFF,0xFF,0xFF,0xFF,0xFF,0x94,0xB5,0xB5,0xFF,0xFF,0xB5,0xB5,0x6B,0x4A,0x4A,0x0,0x0,0x4A,0x4A,0x6B,0xDE,0xDE,0xFF,0x94,0x0,0x0,0x0,0x0,0x0,0x0,0x0,0x0,0x0,0x0,
        0x0,0x0,0x0,0x0,0x0,0x0,0x0,0x0,0x0,0x0,0x0,0x0,0x0,0x0,0x0,0x0,0x0,0x0,0x21,0xFF,0xFF,0xFF,0xFF,0xFF,0xFF,0xFF,0xFF,0xFF,0xFF,0xFF,0xFF,0xFF,0xFF,0xFF,0xFF,0xFF,0xFF,0xDE,0xFF,0xFF,0xFF,0xFF,0xFF,0xFF,0xFF,0x0,0x0,0x0,0x0,0x0,0x0,0x0,0x0,0x0,0x0,0x0,
        0x0,0x0,0x0,0x0,0x0,0x0,0x0,0x0,0x0,0x0,0x0,0x0,0x0,0x0,0x0,0x0,0x0,0x0,0xB5,0xFF,0xFF,0xFF,0xFF,0xFF,0xFF,0xFF,0xFF,0xFF,0xFF,0xFF,0xFF,0xFF,0xFF,0xFF,0xFF,0xFF,0xFF,0xFF,0xFF,0xFF,0xFF,0xFF,0xFF,0xFF,0xFF,0x4A,0x0,0x0,0x0,0x0,0x0,0x0,0x0,0x0,0x0,0x0,
        0x0,0x0,0x0,0x0,0x0,0x0,0x0,0x0,0x0,0x0,0x0,0x0,0x0,0x0,0x0,0x0,0x0,0x94,0xFF,0xFF,0xFF,0xFF,0xFF,0xFF,0xFF,0xFF,0xFF,0xFF,0xFF,0xFF,0xFF,0xFF,0xFF,0xFF,0xFF,0xFF,0xFF,0xFF,0xFF,0xFF,0xFF,0xFF,0xFF,0xFF,0xFF,0x4A,0x0,0x0,0x0,0x0,0x0,0x0,0x0,0x0,0x0,0x0,
        0x0,0x0,0x0,0x0,0x0,0x0,0x0,0x0,0x0,0x0,0x0,0x0,0x0,0x0,0x0,0x0,0x0,0x4A,0xFF,0xFF,0xFF,0xFF,0xFF,0xFF,0xFF,0xFF,0xFF,0xFF,0xFF,0xFF,0xFF,0xFF,0xFF,0xFF,0xFF,0xFF,0xFF,0xFF,0xFF,0xFF,0xFF,0xFF,0xFF,0xFF,0xFF,0x6B,0x0,0x0,0x0,0x0,0x0,0x0,0x0,0x0,0x0,0x0,
        0x0,0x0,0x0,0x0,0x0,0x0,0x0,0x0,0x0,0x0,0x0,0x0,0x0,0x0,0x0,0x0,0x0,0xB5,0xFF,0xFF,0xFF,0xFF,0x94,0x6B,0x94,0x4A,0xFF,0xFF,0xFF,0xFF,0xFF,0xFF,0xFF,0xFF,0xFF,0xFF,0xFF,0xFF,0xFF,0xFF,0xFF,0xFF,0xFF,0xFF,0xFF,0xB5,0x0,0x0,0x0,0x0,0x0,0x0,0x0,0x0,0x0,0x0,
        0x0,0x0,0x0,0x0,0x0,0x0,0x0,0x0,0x0,0x0,0x0,0x0,0x0,0x0,0x0,0x0,0x0,0xDE,0xFF,0xFF,0xFF,0x6B,0x0,0x21,0xFF,0xFF,0xFF,0xFF,0xFF,0xFF,0xFF,0xFF,0xFF,0xFF,0xFF,0xFF,0xFF,0xFF,0xFF,0xFF,0xFF,0xFF,0xFF,0xFF,0xFF,0xFF,0x0,0x0,0x0,0x0,0x0,0x0,0x0,0x0,0x0,0x0,
        0x0,0x0,0x0,0x0,0x0,0x0,0x0,0x0,0x0,0x0,0x0,0x0,0x0,0x0,0x0,0x0,0x0,0xB5,0xFF,0xFF,0xB5,0x0,0x21,0xB5,0xFF,0xFF,0xFF,0xFF,0xFF,0xFF,0xFF,0xFF,0xFF,0xFF,0xFF,0xFF,0xFF,0xFF,0x4A,0xDE,0xFF,0xFF,0xFF,0xFF,0xFF,0xDE,0x0,0x0,0x0,0x0,0x0,0x0,0x0,0x0,0x0,0x0,
        0x0,0x0,0x0,0x0,0x0,0x0,0x0,0x0,0x0,0x0,0x0,0x0,0x0,0x0,0x0,0x0,0x0,0x6B,0xFF,0xFF,0x0,0xB5,0xFF,0xFF,0xFF,0xFF,0xFF,0xFF,0xFF,0xFF,0xFF,0xFF,0xFF,0xFF,0xFF,0xFF,0xFF,0x4A,0x0,0x4A,0xFF,0xFF,0xFF,0xFF,0xFF,0xFF,0xFF,0x0,0x0,0x0,0x0,0x0,0x0,0x0,0x0,0x0,
        0x0,0x0,0x0,0x0,0x0,0x0,0x0,0x0,0x0,0x0,0x0,0x0,0x0,0x0,0x0,0x0,0x21,0xFF,0xFF,0x4A,0x6B,0xFF,0xFF,0xDE,0x94,0xFF,0xFF,0xFF,0xFF,0xFF,0xFF,0xFF,0xFF,0xFF,0xFF,0xFF,0x94,0x0,0x0,0xDE,0xFF,0xFF,0xFF,0xFF,0xFF,0xFF,0xDE,0x0,0x0,0x0,0x0,0x6B,0x21,0x0,0x0,0x0,
        0x0,0x0,0x0,0x0,0x0,0x0,0x0,0x0,0x0,0x0,0x0,0x0,0x0,0x0,0x0,0x0,0xDE,0xFF,0x94,0x0,0x21,0xFF,0x4A,0x0,0x0,0x21,0xB5,0xFF,0xFF,0xFF,0xFF,0xFF,0xFF,0xFF,0xFF,0xDE,0x0,0x0,0x94,0xFF,0xFF,0xFF,0xFF,0xFF,0xFF,0xFF,0xFF,0xFF,0x0,0x0,0x0,0x6B,0xFF,0x0,0x0,0x0,
        0x0,0x0,0x0,0x0,0x0,0x0,0x0,0x0,0x0,0x0,0x0,0x0,0x0,0x0,0x0,0x4A,0xFF,0xDE,0x0,0x0,0xB5,0x94,0x0,0x0,0x0,0x0,0x6B,0xFF,0xFF,0xFF,0xFF,0xFF,0xFF,0xFF,0xFF,0x21,0x0,0x6B,0xFF,0xFF,0xFF,0xFF,0xFF,0xFF,0xFF,0xFF,0xFF,0xDE,0x21,0x0,0x0,0x6B,0xFF,0x21,0x0,0x0,
        0x0,0x0,0x0,0x0,0x0,0x0,0x0,0x0,0x0,0x0,0x0,0x0,0x0,0x0,0x0,0x21,0xFF,0x21,0x0,0x6B,0xDE,0x0,0x0,0x0,0x0,0x0,0x21,0xFF,0xFF,0xFF,0xFF,0xFF,0xFF,0xFF,0x6B,0x0,0x21,0xFF,0xFF,0xFF,0xFF,0xFF,0xFF,0xFF,0xFF,0xFF,0xFF,0xFF,0xFF,0x0,0x0,0x4A,0xFF,0x0,0x0,0x0,
        0x0,0x0,0x0,0x0,0x0,0x0,0x0,0x0,0x0,0x0,0x0,0x0,0x0,0x0,0x0,0xDE,0xB5,0x0,0x21,0xFF,0x4A,0x0,0x6B,0x94,0xFF,0x4A,0x21,0xFF,0xFF,0xFF,0xFF,0xFF,0xFF,0xB5,0x0,0x0,0xDE,0xFF,0xFF,0xFF,0xFF,0xFF,0xFF,0xFF,0xFF,0xFF,0xFF,0xFF,0xFF,0x21,0x0,0x0,0xFF,0x6B,0x0,0x0,
        0x0,0x0,0x0,0x0,0x0,0x0,0x0,0x0,0x0,0x4A,0xFF,0x4A,0x0,0x0,0x94,0xFF,0xDE,0x0,0x94,0xFF,0x94,0x21,0xFF,0xDE,0xFF,0x94,0x21,0xFF,0xFF,0xFF,0xFF,0xFF,0xDE,0x0,0x0,0x94,0xFF,0xFF,0xFF,0xFF,0xFF,0xFF,0xFF,0xFF,0xFF,0xFF,0xFF,0xFF,0xFF,0x0,0x0,0x6B,0xFF,0x94,0x0,0x0,
        0x0,0x0,0x0,0x0,0x0,0x0,0x0,0x0,0x0,0x0,0x4A,0x4A,0x0,0x0,0xB5,0xFF,0x21,0x0,0x6B,0xDE,0x0,0xDE,0x6B,0x0,0x94,0xDE,0x0,0xB5,0xFF,0xFF,0xFF,0xFF,0x4A,0x0,0x4A,0xFF,0xFF,0xFF,0xFF,0xFF,0xFF,0xFF,0xFF,0xFF,0xFF,0xFF,0xFF,0xFF,0xFF,0x6B,0x0,0x6B,0xFF,0x94,0x0,0x0,
        0x0,0x0,0x0,0x0,0x0,0x0,0x0,0x0,0x0,0x0,0x6B,0xB5,0x0,0x0,0xB5,0x6B,0x0,0x0,0xFF,0x6B,0x21,0xFF,0x6B,0x0,0xDE,0x4A,0x6B,0xFF,0xFF,0xFF,0xFF,0x94,0x0,0x0,0xFF,0xFF,0xFF,0xFF,0xFF,0xFF,0xFF,0xFF,0xFF,0xFF,0xFF,0xFF,0xFF,0xFF,0xFF,0x94,0x0,0xB5,0xFF,0xB5,0x0,0x0,
        0x0,0x0,0x0,0x0,0x0,0x0,0x0,0x0,0x0,0x4A,0xFF,0xDE,0x0,0x94,0xB5,0x0,0x0,0x0,0xB5,0xFF,0x6B,0xFF,0x6B,0x94,0x94,0x21,0xFF,0xFF,0xFF,0xFF,0xB5,0x0,0x0,0xB5,0xFF,0xFF,0xFF,0xFF,0xFF,0xFF,0xFF,0xFF,0xFF,0xFF,0xFF,0xFF,0xFF,0xFF,0xFF,0xFF,0xFF,0xFF,0xFF,0x21,0x0,0x0,
        0x0,0x0,0x0,0x0,0x0,0x0,0x0,0x0,0x0,0xDE,0xFF,0xDE,0x4A,0xFF,0xDE,0x0,0x0,0x4A,0xFF,0xFF,0x6B,0x4A,0xFF,0xDE,0x0,0x94,0xFF,0xFF,0xFF,0xFF,0x21,0x0,0x6B,0xFF,0xFF,0xFF,0xFF,0xFF,0xFF,0xFF,0xFF,0xFF,0xFF,0xFF,0xFF,0xFF,0xFF,0xFF,0xFF,0xFF,0xFF,0xFF,0xB5,0x0,0x0,0x0,
        0x0,0x0,0x0,0x0,0x0,0x0,0x0,0x0,0x0,0xB5,0xFF,0xFF,0xFF,0xFF,0x6B,0x0,0x0,0xFF,0xFF,0xFF,0xFF,0x6B,0x0,0x21,0x0,0x6B,0xFF,0xFF,0xFF,0x4A,0x0,0x4A,0xFF,0xFF,0xFF,0xFF,0xFF,0xFF,0xFF,0xFF,0xFF,0xFF,0xFF,0xFF,0xFF,0xDE,0xFF,0xFF,0xFF,0xFF,0xFF,0xFF,0xDE,0x0,0x0,0x0,
        0x0,0x0,0x0,0x0,0x0,0x0,0x0,0x0,0x21,0xFF,0xFF,0xFF,0xFF,0xFF,0x6B,0x0,0xB5,0xFF,0xFF,0xFF,0xFF,0xFF,0xB5,0x21,0x21,0xFF,0xFF,0xFF,0x94,0x0,0x0,0xDE,0xFF,0xFF,0xFF,0xFF,0xFF,0xFF,0xDE,0xDE,0xDE,0xFF,0xFF,0xFF,0xFF,0x4A,0xFF,0xFF,0xFF,0xFF,0xFF,0xFF,0x21,0x0,0x0,0x0,
        0x0,0x0,0x0,0x0,0x0,0x0,0x0,0x0,0x21,0xFF,0xFF,0xFF,0xFF,0xFF,0x6B,0x6B,0xB5,0x94,0xFF,0xFF,0xFF,0xFF,0xFF,0xFF,0xDE,0xFF,0xFF,0xDE,0x0,0x0,0x94,0xFF,0xFF,0xFF,0xFF,0x6B,0x4A,0x21,0x0,0x0,0x0,0xB5,0xFF,0xFF,0xFF,0x21,0xDE,0xFF,0xFF,0xFF,0xFF,0xFF,0x94,0x0,0x0,0x0,
        0x0,0x0,0x0,0x0,0x0,0x0,0x0,0x0,0x21,0xFF,0xFF,0xFF,0xFF,0xFF,0xB5,0x94,0x0,0xB5,0xFF,0xFF,0xFF,0xFF,0xFF,0xFF,0xFF,0xFF,0xFF,0x21,0x0,0x6B,0xFF,0xFF,0xFF,0xFF,0x94,0x21,0x21,0x6B,0x0,0x0,0x0,0x0,0xFF,0xFF,0x6B,0x0,0xDE,0xFF,0xFF,0xFF,0xFF,0xDE,0x0,0x0,0x0,0x0,
        0x0,0x0,0x0,0x0,0x0,0x0,0x0,0x0,0x0,0xDE,0xFF,0xFF,0xFF,0xFF,0x21,0x0,0x21,0xFF,0xFF,0xFF,0xFF,0xFF,0xFF,0xFF,0xFF,0x4A,0x0,0x0,0x21,0xFF,0xFF,0xFF,0xFF,0xDE,0x0,0xDE,0xFF,0xFF,0x94,0x0,0x0,0x0,0xDE,0xFF,0x21,0x0,0xB5,0xFF,0xFF,0xFF,0xFF,0xFF,0x21,0x0,0x0,0x0,
        0x0,0x0,0x0,0x0,0x0,0x0,0x0,0x0,0x0,0xB5,0xFF,0xFF,0xFF,0x4A,0x0,0x0,0x0,0xDE,0xFF,0xFF,0xFF,0xFF,0xFF,0x4A,0x0,0x0,0x0,0x0,0x6B,0xFF,0xFF,0xDE,0x0,0x0,0x94,0x94,0x4A,0xDE,0x94,0x0,0x0,0x4A,0xFF,0xFF,0x4A,0x94,0xFF,0xFF,0xFF,0xFF,0xFF,0xB5,0x0,0x0,0x0,0x0,
        0x0,0x0,0x0,0x0,0x0,0x0,0x0,0x0,0x0,0x94,0xFF,0xFF,0xDE,0x0,0x0,0x0,0xB5,0xB5,0xFF,0xFF,0xFF,0xFF,0x94,0x0,0x0,0x0,0x0,0x0,0x4A,0xFF,0xFF,0x21,0x0,0x6B,0xDE,0x0,0x0,0xB5,0x94,0x0,0x0,0xDE,0xFF,0x94,0x4A,0xFF,0xFF,0xFF,0xFF,0xFF,0xDE,0x0,0x0,0x0,0x0,0x0,
        0x0,0x0,0x0,0x0,0x0,0x0,0x0,0x0,0x0,0x6B,0xFF,0xFF,0xFF,0x21,0x0,0x6B,0xDE,0x0,0xDE,0xFF,0xFF,0xDE,0x0,0x0,0x0,0x0,0x0,0x0,0xFF,0xFF,0xFF,0x4A,0x0,0xDE,0x94,0x94,0x94,0xDE,0x0,0x0,0xB5,0x94,0x21,0x0,0xFF,0xFF,0xFF,0xFF,0xFF,0xFF,0x4A,0x0,0x0,0x0,0x0,0x0,
        0x0,0x0,0x0,0x0,0x0,0x0,0x0,0x0,0x0,0x0,0x94,0xFF,0x94,0x0,0x21,0xFF,0x21,0xB5,0xFF,0xFF,0xFF,0xFF,0x0,0x0,0x0,0x0,0x0,0x0,0x94,0xFF,0xFF,0xFF,0x94,0x0,0xB5,0xDE,0xDE,0x21,0x94,0xB5,0xDE,0x0,0x0,0xB5,0xFF,0xFF,0xFF,0xFF,0x4A,0x21,0x0,0x0,0x0,0x0,0x0,0x0,
        0x0,0x0,0x0,0x0,0x0,0x0,0x0,0x0,0x0,0x0,0x6B,0xFF,0xDE,0x0,0xDE,0x6B,0x0,0xB5,0x6B,0xFF,0xFF,0xFF,0x21,0x0,0x0,0x0,0x0,0x4A,0xFF,0xFF,0xFF,0xFF,0xFF,0xB5,0x21,0x94,0x0,0x6B,0xFF,0xFF,0x21,0x0,0x6B,0xFF,0xFF,0x6B,0x4A,0x4A,0x0,0x0,0x0,0x0,0x0,0x0,0x0,0x0,
        0x0,0x0,0x0,0x0,0x0,0x0,0x0,0x0,0x0,0x0,0x21,0xFF,0xFF,0xB5,0x94,0x0,0x0,0x0,0x6B,0xFF,0xFF,0xFF,0xFF,0x6B,0x0,0x0,0x0,0xFF,0xFF,0xFF,0xFF,0xFF,0xFF,0xFF,0xFF,0xFF,0xDE,0xFF,0x94,0x6B,0x0,0x21,0xFF,0xFF,0x4A,0x0,0x0,0x0,0x0,0x0,0x0,0x0,0x0,0x0,0x0,0x0,
        0x0,0x0,0x0,0x0,0x0,0x0,0x0,0x0,0x0,0x0,0x0,0xDE,0xFF,0xDE,0x0,0x0,0x0,0x0,0x21,0xFF,0xFF,0xB5,0xFF,0xFF,0xB5,0xDE,0xDE,0xFF,0xFF,0xFF,0xFF,0xFF,0xFF,0xFF,0xFF,0xFF,0x94,0x6B,0x0,0x21,0x21,0xDE,0xFF,0x94,0x0,0x0,0x0,0x0,0x0,0x0,0x0,0x0,0x0,0x0,0x0,0x0,
        0x0,0x0,0x0,0x0,0x0,0x0,0x0,0x0,0x0,0x0,0x0,0xFF,0xFF,0x4A,0x0,0x0,0x0,0x0,0xDE,0x6B,0x0,0x0,0x6B,0xFF,0xFF,0xFF,0xFF,0xFF,0xFF,0xFF,0xFF,0xFF,0xFF,0xFF,0xFF,0x6B,0x0,0x0,0x0,0xDE,0xFF,0x94,0x0,0x0,0x0,0x0,0x0,0x0,0x0,0x0,0x0,0x0,0x0,0x0,0x0,0x0,
        0x0,0x0,0x0,0x0,0x0,0x0,0x0,0x0,0x0,0x0,0x0,0xB5,0xFF,0x6B,0x0,0x0,0x0,0x94,0x94,0x0,0x0,0x0,0x4A,0xFF,0xFF,0xFF,0xFF,0xFF,0xFF,0xFF,0xFF,0xFF,0x94,0xFF,0xB5,0x0,0x0,0x0,0x94,0xFF,0xDE,0x0,0x0,0x0,0x0,0x0,0x0,0x0,0x0,0x0,0x0,0x0,0x0,0x0,0x0,0x0,
        0x0,0x0,0x0,0x0,0x0,0x0,0x0,0x0,0x0,0x0,0x0,0x94,0xFF,0x0,0x0,0x0,0x4A,0xDE,0x0,0x0,0x0,0x0,0x21,0xFF,0xFF,0xB5,0xFF,0xDE,0x4A,0xFF,0xB5,0x94,0x4A,0xFF,0x0,0x0,0x0,0x4A,0xFF,0xDE,0x21,0x0,0x0,0x0,0x0,0x0,0x0,0x0,0x0,0x0,0x0,0x0,0x0,0x0,0x0,0x0,
        0x0,0x0,0x0,0x0,0x0,0x0,0x0,0x0,0x0,0x0,0x0,0xFF,0x4A,0x94,0x94,0x0,0x6B,0x4A,0x0,0x0,0x0,0x0,0xDE,0x6B,0x0,0x21,0xFF,0x21,0xB5,0x94,0x0,0x0,0xB5,0x4A,0x0,0x4A,0xDE,0xFF,0x4A,0x0,0x0,0x0,0x0,0x0,0x0,0x0,0x0,0x0,0x0,0x0,0x0,0x0,0x0,0x0,0x0,0x0,
        0x0,0x0,0x0,0x0,0x0,0x0,0x0,0x0,0x0,0x0,0x0,0x94,0x4A,0xFF,0x0,0x0,0x21,0x0,0x0,0x0,0x0,0x94,0x94,0x0,0x0,0x0,0x21,0x6B,0xDE,0x0,0x0,0x0,0x6B,0x94,0xDE,0xFF,0xFF,0x6B,0x0,0x0,0x0,0x0,0x0,0x0,0x0,0x0,0x0,0x0,0x0,0x0,0x0,0x0,0x0,0x0,0x0,0x0,
        0x0,0x0,0x0,0x0,0x0,0x0,0x0,0x0,0x0,0x0,0x4A,0xFF,0xFF,0x4A,0x21,0x4A,0xFF,0x94,0x0,0x0,0x4A,0xDE,0x0,0x0,0x0,0x0,0x21,0xFF,0x21,0x0,0x0,0x21,0xFF,0xFF,0xFF,0xFF,0xDE,0x0,0x21,0x6B,0x94,0x6B,0x0,0x0,0x0,0x0,0x0,0x0,0x0,0x0,0x0,0x0,0x0,0x0,0x0,0x0,
        0x0,0x0,0x0,0x0,0x0,0x0,0x0,0x0,0x0,0x0,0x6B,0xFF,0xB5,0x4A,0xFF,0xFF,0xFF,0xFF,0xDE,0x21,0x4A,0x21,0x0,0x0,0x0,0x0,0xDE,0x6B,0x0,0x0,0x0,0xDE,0xFF,0xFF,0xFF,0xFF,0xFF,0xFF,0xFF,0xB5,0x0,0xB5,0x21,0x0,0x0,0x0,0x0,0x0,0x0,0x0,0x0,0x0,0x0,0x0,0x0,0x0,
        0x0,0x0,0x0,0x0,0x0,0x0,0x0,0x0,0x0,0x0,0x6B,0xFF,0xFF,0xFF,0xFF,0xFF,0xFF,0xFF,0xFF,0x4A,0x0,0x0,0x0,0x0,0x0,0x94,0x94,0x0,0x0,0xDE,0xDE,0xFF,0xFF,0xFF,0xFF,0xFF,0xFF,0xFF,0xFF,0x0,0x0,0x0,0x0,0x0,0x0,0x0,0x0,0x0,0x0,0x0,0x0,0x0,0x0,0x0,0x0,0x0,
        0x0,0x0,0x0,0x0,0x0,0x0,0x0,0x0,0x0,0x0,0xDE,0xFF,0xFF,0xFF,0xFF,0xFF,0xFF,0xFF,0xB5,0x0,0x0,0x94,0x0,0x4A,0x4A,0xFF,0xB5,0xDE,0xDE,0xFF,0xFF,0xFF,0xFF,0xFF,0xFF,0xFF,0xFF,0xDE,0x4A,0x0,0x0,0x0,0x0,0x0,0x0,0x0,0x0,0x0,0x0,0x0,0x0,0x0,0x0,0x0,0x0,0x0,
        0x0,0x0,0x0,0x0,0x0,0x0,0x0,0x0,0x0,0x0,0x94,0xFF,0xFF,0xFF,0xFF,0xFF,0xFF,0xFF,0xFF,0x0,0xB5,0x6B,0x4A,0xFF,0xFF,0xFF,0xFF,0xFF,0xFF,0xFF,0xFF,0xFF,0xFF,0xFF,0xFF,0xDE,0x4A,0x0,0x0,0x0,0x0,0x0,0x0,0x0,0x0,0x0,0x0,0x0,0x0,0x0,0x0,0x0,0x0,0x0,0x0,0x0,
        0x0,0x0,0x0,0x0,0x0,0x0,0x0,0x0,0x0,0x0,0x21,0xDE,0xFF,0xFF,0xFF,0xFF,0xFF,0xFF,0x4A,0x6B,0xB5,0x0,0xFF,0xFF,0xB5,0xB5,0x94,0x4A,0x21,0x6B,0x94,0x6B,0x21,0x21,0x21,0x0,0x0,0x0,0x0,0x0,0x0,0x0,0x0,0x0,0x0,0x0,0x0,0x0,0x0,0x0,0x0,0x0,0x0,0x0,0x0,0x0,
        0x0,0x0,0x0,0x0,0x0,0x0,0x0,0x0,0x0,0x0,0x0,0x0,0x94,0xFF,0xFF,0xFF,0xFF,0xFF,0xFF,0xFF,0xB5,0xB5,0x94,0x0,0x0,0x0,0x0,0x0,0x0,0x0,0x0,0x0,0x0,0x0,0x0,0x0,0x0,0x0,0x0,0x0,0x0,0x0,0x0,0x0,0x0,0x0,0x0,0x0,0x0,0x0,0x0,0x0,0x0,0x0,0x0,0x0,
        0x0,0x0,0x0,0x0,0x0,0x0,0x0,0x0,0x0,0x0,0x0,0x0,0x0,0x6B,0xFF,0xFF,0xFF,0xFF,0xFF,0xFF,0x94,0x0,0x0,0x0,0x0,0x0,0x0,0x0,0x0,0x0,0x0,0x0,0x0,0x0,0x0,0x0,0x0,0x0,0x0,0x0,0x0,0x0,0x0,0x0,0x0,0x0,0x0,0x0,0x0,0x0,0x0,0x0,0x0,0x0,0x0,0x0,
        0x0,0x0,0x0,0x0,0x0,0x0,0x0,0x0,0x0,0x0,0x0,0x0,0x0,0x0,0x21,0xB5,0xFF,0xFF,0x94,0x0,0x0,0x0,0x0,0x0,0x0,0x0,0x0,0x0,0x0,0x0,0x0,0x0,0x0,0x0,0x0,0x0,0x0,0x0,0x0,0x0,0x0,0x0,0x0,0x0,0x0,0x0,0x0,0x0,0x0,0x0,0x0,0x0,0x0,0x0,0x0,0x0,
        0x0,0x0,0x0,0x0,0x0,0x0,0x0,0x0,0x0,0x0,0x0,0x0,0x0,0x0,0x0,0x0,0x4A,0x0,0x0,0x0,0x0,0x0,0x0,0x0,0x0,0x0,0x0,0x0,0x0,0x0,0x0,0x0,0x0,0x0,0x0,0x0,0x0,0x0,0x0,0x0,0x0,0x0,0x0,0x0,0x0,0x0,0x0,0x0,0x0,0x0,0x0,0x0,0x0,0x0,0x0,0x0,
        0x0,0x0,0x0,0x0,0x0,0x0,0x0,0x0,0x0,0x0,0x0,0x0,0x0,0x0,0x0,0x0,0x0,0x0,0x0,0x0,0x0,0x0,0x0,0x0,0x0,0x0,0x0,0x0,0x0,0x0,0x0,0x0,0x0,0x0,0x0,0x0,0x0,0x0,0x0,0x0,0x0,0x0,0x0,0x0,0x0,0x0,0x0,0x0,0x0,0x0,0x0,0x0,0x0,0x0,0x0,0x0,
        0x0,0x0,0x0,0x0,0x0,0x0,0x0,0x0,0x0,0x0,0x0,0x0,0x0,0x0,0x0,0x0,0x0,0x0,0x0,0x0,0x0,0x0,0x0,0x0,0x0,0x0,0x0,0x0,0x0,0x0,0x0,0x0,0x0,0x0,0x0,0x0,0x0,0x0,0x0,0x0,0x0,0x0,0x0,0x0,0x0,0x0,0x0,0x0,0x0,0x0,0x0,0x0,0x0,0x0,0x0,0x0,
        0x0,0x0,0x0,0x0,0x0,0x0,0x0,0x0,0x0,0x0,0x0,0x0,0x0,0x0,0x0,0x0,0x0,0x0,0x0,0x0,0x0,0x0,0x0,0x0,0x0,0x0,0x0,0x0,0x0,0x0,0x0,0x0,0x0,0x0,0x0,0x0,0x0,0x0,0x0,0x0,0x0,0x0,0x0,0x0,0x0,0x0,0x0,0x0,0x0,0x0,0x0,0x0,0x0,0x0,0x0,0x0
    }
};

const gfx_sprite_t sprite_gaster_blaster_0_19 = {
    .width = 56,
    .height = 56,
    .data = {
        0x0,0x0,0x0,0x0,0x0,0x0,0x0,0x0,0x0,0x0,0x0,0x0,0x0,0x0,0x0,0x0,0x0,0x0,0x0,0x0,0x0,0x0,0x0,0x0,0x0,0x0,0x0,0x0,0x0,0x0,0x0,0x0,0x0,0x0,0x0,0x0,0x0,0x0,0x0,0x0,0x0,0x0,0x0,0x0,0x0,0x0,0x0,0x0,0x0,0x0,0x0,0x0,0x0,0x0,0x0,0x0,
        0x0,0x0,0x0,0x0,0x0,0x0,0x0,0x0,0x0,0x0,0x0,0x0,0x0,0x0,0x0,0x0,0x0,0x0,0x0,0x0,0x0,0x0,0x0,0x0,0x0,0x0,0x0,0x0,0x0,0x0,0x0,0x0,0x0,0x0,0x0,0x0,0x0,0x0,0x0,0x0,0x0,0x0,0x0,0x0,0x0,0x0,0x0,0x0,0x0,0x0,0x0,0x0,0x0,0x0,0x0,0x0,
        0x0,0x0,0x0,0x0,0x0,0x0,0x0,0x0,0x0,0x0,0x0,0x0,0x0,0x0,0x0,0x0,0x0,0x0,0x0,0x0,0x0,0x0,0x0,0x21,0x94,0x21,0x0,0x0,0x0,0x0,0x0,0x0,0x0,0x0,0x0,0x0,0x94,0xFF,0x94,0x0,0x0,0x0,0x0,0x0,0x0,0x0,0x0,0x0,0x0,0x0,0x0,0x0,0x0,0x0,0x0,0x0,
        0x0,0x0,0x0,0x0,0x0,0x0,0x0,0x0,0x0,0x0,0x0,0x0,0x0,0x0,0x0,0x0,0x0,0x0,0x0,0x0,0x0,0x21,0x94,0xFF,0xDE,0x6B,0x0,0x0,0x0,0x0,0x0,0x0,0x0,0x0,0x0,0x0,0xFF,0xFF,0x21,0x0,0x0,0x0,0x0,0x0,0x0,0x0,0x0,0x0,0x0,0x0,0x0,0x0,0x0,0x0,0x0,0x0,
        0x0,0x0,0x0,0x0,0x0,0x0,0x0,0x0,0x0,0x0,0x0,0x0,0x0,0x0,0x0,0x0,0x0,0x0,0x0,0x0,0xB5,0xFF,0xFF,0x6B,0x21,0x0,0x0,0x0,0x0,0x0,0x0,0x0,0x0,0x21,0x94,0xFF,0xFF,0xFF,0x0,0x0,0x0,0x0,0x0,0x0,0x0,0x0,0x0,0x0,0x0,0x0,0x0,0x0,0x0,0x0,0x0,0x0,
        0x0,0x0,0x0,0x0,0x0,0x0,0x0,0x0,0x0,0x0,0x0,0x0,0x0,0x0,0x0,0x0,0x0,0x0,0x6B,0xFF,0xFF,0xDE,0x0,0x0,0x0,0x0,0x0,0x0,0x0,0x0,0x0,0x21,0x94,0xDE,0xFF,0xFF,0xFF,0xFF,0x94,0x0,0x0,0x0,0x0,0x0,0x0,0x0,0x0,0x0,0x0,0x0,0x0,0x0,0x0,0x0,0x0,0x0,
        0x0,0x0,0x0,0x0,0x0,0x0,0x0,0x0,0x0,0x0,0x0,0x0,0x0,0x0,0x0,0x0,0x0,0x0,0xB5,0xFF,0xB5,0x4A,0x0,0x0,0x0,0x0,0x21,0x6B,0x4A,0xDE,0x94,0xFF,0xFF,0xFF,0xFF,0xFF,0xFF,0xFF,0xFF,0x21,0x0,0x0,0x0,0x0,0x0,0x0,0x0,0x0,0x0,0x0,0x0,0x0,0x0,0x0,0x0,0x0,
        0x0,0x0,0x0,0x0,0x0,0x0,0x0,0x0,0x0,0x0,0x0,0x0,0x0,0x0,0x0,0x0,0x0,0x6B,0xFF,0xFF,0x0,0x0,0x0,0x6B,0xDE,0xFF,0xDE,0xFF,0xFF,0xFF,0xFF,0xFF,0xFF,0xFF,0xFF,0xFF,0xFF,0xFF,0xFF,0xB5,0x0,0x0,0x0,0x0,0x0,0x0,0x0,0x0,0x0,0x0,0x0,0x0,0x0,0x0,0x0,0x0,
        0x0,0x0,0x0,0x0,0x0,0x0,0x0,0x0,0x0,0x0,0x0,0x0,0x0,0x0,0x0,0x0,0x6B,0xFF,0xFF,0xFF,0x6B,0x4A,0xDE,0xFF,0xFF,0xFF,0xFF,0xFF,0xFF,0xFF,0xFF,0xFF,0xFF,0xFF,0xFF,0xFF,0xFF,0xFF,0xFF,0xFF,0x21,0x0,0x0,0x0,0x0,0x0,0x0,0x0,0x0,0x0,0x0,0x0,0x0,0x0,0x0,0x0,
        0x0,0x0,0x0,0x0,0x0,0x0,0x0,0x0,0x0,0x0,0x0,0x0,0x0,0x0,0x0,0xB5,0xFF,0xFF,0xFF,0xFF,0xFF,0xFF,0xFF,0xFF,0xFF,0xFF,0xFF,0xFF,0xFF,0xFF,0xFF,0xFF,0xFF,0xFF,0xFF,0xFF,0xFF,0xFF,0xFF,0xFF,0x94,0x0,0x0,0x0,0x0,0x0,0x0,0x0,0x0,0x0,0x0,0x0,0x0,0x0,0x0,0x0,
        0x0,0x0,0x0,0x0,0x0,0x0,0x0,0x0,0x0,0x0,0x0,0x0,0x0,0x0,0x4A,0xFF,0xFF,0xFF,0xFF,0xFF,0xFF,0xFF,0xFF,0xFF,0xFF,0xFF,0xFF,0xFF,0xFF,0xFF,0xFF,0xFF,0xFF,0xFF,0xFF,0xFF,0xFF,0xFF,0xFF,0xFF,0xFF,0xDE,0x21,0x0,0x0,0x0,0x6B,0xFF,0x4A,0x0,0x0,0x0,0x0,0x0,0x0,0x0,
        0x0,0x0,0x0,0x0,0x0,0x0,0x0,0x0,0x0,0x0,0x0,0x0,0x0,0x6B,0xFF,0xFF,0xFF,0xFF,0xFF,0xFF,0xFF,0xFF,0xFF,0xFF,0xFF,0xFF,0xFF,0xFF,0xFF,0xFF,0xFF,0xFF,0xFF,0xDE,0xFF,0xFF,0xFF,0xFF,0xFF,0xFF,0xFF,0xFF,0x94,0x21,0x0,0x0,0x0,0xDE,0xB5,0x0,0x0,0x0,0x0,0x0,0x0,0x0,
        0x0,0x0,0x0,0x0,0x0,0x0,0x0,0x0,0x0,0x0,0x0,0x0,0x0,0xDE,0xFF,0xFF,0xFF,0xFF,0xFF,0xFF,0xFF,0xFF,0xFF,0xFF,0xFF,0xFF,0xFF,0xFF,0xFF,0xFF,0xFF,0xFF,0xFF,0x21,0x0,0xDE,0xFF,0xFF,0xFF,0xFF,0xFF,0xFF,0xFF,0xB5,0x0,0x0,0x0,0x21,0xFF,0x4A,0x0,0x0,0x0,0x0,0x0,0x0,
        0x0,0x0,0x0,0x0,0x0,0x0,0x0,0x0,0x0,0x0,0x0,0x0,0x21,0xFF,0xFF,0xFF,0xFF,0xFF,0xFF,0xFF,0xDE,0xFF,0xFF,0xFF,0xFF,0xFF,0xFF,0xFF,0xFF,0xFF,0xFF,0xFF,0xDE,0x0,0x0,0xFF,0xFF,0xFF,0xFF,0xFF,0xFF,0xFF,0xFF,0xFF,0xDE,0x21,0x0,0x0,0xB5,0xB5,0x0,0x0,0x0,0x0,0x0,0x0,
        0x0,0x0,0x0,0x0,0x0,0x0,0x0,0x0,0x0,0x0,0x0,0x0,0x6B,0xFF,0xFF,0xFF,0xFF,0xFF,0xDE,0x94,0x21,0xFF,0xFF,0xFF,0xFF,0xFF,0xFF,0xFF,0xFF,0xFF,0xFF,0xFF,0x94,0x0,0x6B,0xFF,0xFF,0xFF,0xFF,0xFF,0xFF,0xFF,0xFF,0xFF,0xFF,0x94,0x0,0x0,0xB5,0xFF,0x4A,0x0,0x0,0x0,0x0,0x0,
        0x0,0x0,0x0,0x0,0x0,0x0,0x0,0x0,0x0,0x0,0x0,0x0,0x4A,0xFF,0xFF,0xFF,0xFF,0x6B,0x21,0x6B,0xFF,0xFF,0xFF,0xFF,0xFF,0xFF,0xFF,0xFF,0xFF,0xFF,0xFF,0xFF,0x21,0x0,0xB5,0xFF,0xFF,0xFF,0xFF,0xFF,0xFF,0xFF,0xFF,0xFF,0xFF,0xFF,0x0,0x0,0x94,0xFF,0xDE,0x0,0x0,0x0,0x0,0x0,
        0x0,0x0,0x0,0x0,0x0,0x0,0x0,0x0,0x0,0x0,0x0,0x0,0x0,0xFF,0xFF,0xFF,0xFF,0x21,0x0,0xB5,0xFF,0xFF,0xFF,0xFF,0xFF,0xFF,0xFF,0xFF,0xFF,0xFF,0xFF,0xDE,0x0,0x0,0xFF,0xFF,0xFF,0xFF,0xFF,0xFF,0xFF,0xFF,0xFF,0xFF,0xFF,0xFF,0x94,0x0,0x4A,0xFF,0xDE,0x0,0x0,0x0,0x0,0x0,
        0x0,0x0,0x0,0x0,0x0,0x0,0x0,0x0,0x0,0x0,0x0,0x0,0x21,0xFF,0xFF,0xFF,0xDE,0x21,0xB5,0xFF,0xFF,0xFF,0xFF,0xFF,0xFF,0xFF,0xFF,0xFF,0xFF,0xFF,0xFF,0x94,0x0,0x4A,0xFF,0xFF,0xFF,0xFF,0xFF,0xFF,0xFF,0xFF,0xFF,0xFF,0xFF,0xFF,0xFF,0xB5,0xDE,0xFF,0x6B,0x0,0x0,0x0,0x0,0x0,
        0x0,0x0,0x0,0x0,0x0,0x0,0x0,0x0,0x0,0x0,0x0,0x0,0x0,0x94,0xFF,0xFF,0x94,0x6B,0xFF,0xFF,0xB5,0x4A,0xB5,0xFF,0xFF,0xFF,0xFF,0xFF,0xFF,0xFF,0xFF,0x21,0x0,0xB5,0xFF,0xFF,0xFF,0xFF,0xFF,0xFF,0xFF,0xFF,0xFF,0xFF,0xFF,0xFF,0xFF,0xFF,0xFF,0xFF,0xB5,0x0,0x0,0x0,0x0,0x0,
        0x0,0x0,0x0,0x0,0x0,0x0,0x0,0x0,0x0,0x0,0x0,0x0,0x0,0x0,0xFF,0xFF,0x21,0xDE,0xFF,0x4A,0x0,0x0,0x0,0x6B,0xFF,0xFF,0xFF,0xFF,0xFF,0xFF,0xFF,0x0,0x0,0xFF,0xFF,0xFF,0xFF,0xFF,0xFF,0xFF,0xFF,0xFF,0xFF,0xFF,0xFF,0xFF,0xFF,0xFF,0xFF,0xFF,0xDE,0x0,0x0,0x0,0x0,0x0,
        0x0,0x0,0x0,0x0,0x0,0x0,0x0,0x0,0x0,0x0,0x0,0x0,0x0,0x4A,0xFF,0xDE,0x0,0x4A,0xFF,0x0,0x0,0x0,0x0,0x0,0xDE,0xFF,0xFF,0xFF,0xFF,0xFF,0x94,0x0,0x4A,0xFF,0xFF,0xFF,0xFF,0xFF,0xFF,0xFF,0xFF,0xFF,0xFF,0xFF,0xFF,0xFF,0xFF,0xFF,0xFF,0xFF,0xDE,0x21,0x0,0x0,0x0,0x0,
        0x0,0x0,0x0,0x0,0x0,0x0,0x0,0x0,0x0,0x0,0x0,0x0,0x0,0x94,0xFF,0x94,0x0,0x4A,0xB5,0x0,0x0,0x0,0x21,0x0,0x6B,0xFF,0xFF,0xFF,0xFF,0xFF,0x4A,0x0,0xB5,0xFF,0xFF,0xFF,0xFF,0xFF,0xFF,0xFF,0xFF,0xFF,0xFF,0xFF,0x94,0xFF,0xFF,0xFF,0xFF,0xFF,0xFF,0x4A,0x0,0x0,0x0,0x0,
        0x0,0x0,0x0,0x0,0x0,0x0,0x0,0x0,0x0,0x0,0x0,0x0,0x0,0xFF,0xFF,0x21,0x0,0xB5,0x4A,0x0,0x6B,0xB5,0xFF,0x94,0x21,0xDE,0xFF,0xFF,0xFF,0xFF,0x0,0x0,0xFF,0xFF,0xFF,0xFF,0xFF,0xFF,0xFF,0xFF,0xFF,0xFF,0xFF,0xDE,0x6B,0xFF,0xFF,0xFF,0xFF,0xFF,0xFF,0x21,0x0,0x0,0x0,0x0,
        0x0,0x0,0x0,0x0,0x0,0x0,0x0,0x0,0x0,0x0,0x0,0x0,0x0,0x4A,0xDE,0x0,0x0,0xFF,0x4A,0x0,0xDE,0xB5,0xFF,0xDE,0x21,0x94,0xFF,0xFF,0xFF,0x94,0x0,0x4A,0xFF,0xFF,0xFF,0xFF,0xFF,0xFF,0xFF,0xFF,0xFF,0xFF,0xFF,0xFF,0x4A,0x94,0xFF,0xFF,0xFF,0xFF,0xFF,0xB5,0x0,0x0,0x0,0x0,
        0x0,0x0,0x0,0x0,0x0,0x0,0x0,0x0,0x0,0x0,0x0,0x0,0x0,0x6B,0xDE,0x21,0x4A,0xFF,0xB5,0x21,0xDE,0x0,0x0,0xFF,0x0,0xFF,0xFF,0xFF,0xFF,0x4A,0x0,0x94,0xFF,0xFF,0xFF,0xFF,0xFF,0xDE,0xB5,0x21,0x94,0xDE,0xFF,0xFF,0x0,0x0,0xFF,0xFF,0xFF,0xFF,0xFF,0x4A,0x0,0x0,0x0,0x0,
        0x0,0x0,0x0,0x0,0x0,0x0,0x0,0x0,0x0,0x0,0x0,0x0,0x0,0xDE,0xFF,0x4A,0x0,0xDE,0x6B,0x94,0xDE,0x21,0x4A,0xB5,0x4A,0xFF,0xFF,0xFF,0xFF,0x0,0x0,0xFF,0xFF,0xFF,0xFF,0xFF,0x94,0x21,0x0,0x0,0x0,0x6B,0xFF,0xDE,0x21,0x21,0xFF,0xFF,0xFF,0xFF,0xFF,0x0,0x0,0x0,0x0,0x0,
        0x0,0x0,0x0,0x0,0x0,0x0,0x0,0x0,0x0,0x0,0x0,0x0,0x21,0xFF,0xFF,0x0,0x0,0xFF,0x4A,0x0,0xDE,0x6B,0xB5,0x4A,0x6B,0xFF,0xFF,0xFF,0x94,0x0,0x4A,0xFF,0xFF,0xFF,0xFF,0x0,0x0,0x4A,0x0,0x0,0x0,0x0,0xDE,0xFF,0x6B,0x94,0xFF,0xFF,0xFF,0xFF,0xB5,0x0,0x0,0x0,0x0,0x0,
        0x0,0x0,0x0,0x0,0x0,0x0,0x0,0x0,0x94,0xFF,0x4A,0x0,0x0,0x94,0x94,0x0,0x0,0xB5,0xFF,0xB5,0x6B,0xDE,0xFF,0x0,0x0,0xDE,0xFF,0xFF,0x4A,0x0,0x94,0xFF,0xFF,0xFF,0x94,0x4A,0xB5,0xFF,0xDE,0x0,0x0,0x0,0xFF,0xFF,0x0,0xDE,0xFF,0xFF,0xFF,0x94,0x4A,0x0,0x0,0x0,0x0,0x0,
        0x0,0x0,0x0,0x0,0x0,0x0,0x0,0x0,0x0,0x21,0x94,0x0,0x0,0xB5,0x4A,0x0,0x0,0x94,0xFF,0xFF,0x6B,0x21,0x0,0x0,0x21,0xFF,0xFF,0xFF,0x0,0x0,0xFF,0xFF,0xFF,0xFF,0x4A,0xB5,0xB5,0xDE,0xFF,0x4A,0x0,0x4A,0xDE,0x6B,0x21,0xFF,0xFF,0xFF,0xFF,0x0,0x0,0x0,0x0,0x0,0x0,0x0,
        0x0,0x0,0x0,0x0,0x0,0x0,0x0,0x0,0x0,0x21,0xFF,0x21,0x0,0xFF,0x4A,0x0,0x0,0xDE,0xFF,0xFF,0xFF,0xFF,0xDE,0x6B,0x94,0xFF,0xFF,0xB5,0x0,0x4A,0xFF,0xFF,0xFF,0x94,0x0,0xFF,0x0,0x0,0xDE,0x21,0x0,0xB5,0x4A,0x0,0x94,0xFF,0xDE,0x94,0x21,0x0,0x0,0x0,0x0,0x0,0x0,0x0,
        0x0,0x0,0x0,0x0,0x0,0x0,0x0,0x0,0x0,0x94,0xFF,0x94,0x6B,0xFF,0xB5,0x0,0x21,0xFF,0xFF,0xFF,0xFF,0xFF,0xFF,0xFF,0xFF,0xFF,0x94,0x4A,0x0,0x94,0xFF,0xFF,0x94,0x0,0x4A,0xB5,0x0,0x4A,0xDE,0x0,0x21,0xFF,0x0,0x0,0xDE,0xFF,0x4A,0x0,0x0,0x0,0x0,0x0,0x0,0x0,0x0,0x0,
        0x0,0x0,0x0,0x0,0x0,0x0,0x0,0x0,0x0,0xDE,0xFF,0xFF,0xFF,0xFF,0x6B,0x0,0x94,0xFF,0xFF,0xFF,0xFF,0xFF,0xFF,0xFF,0xFF,0xFF,0x0,0x0,0x0,0x6B,0xFF,0xFF,0x4A,0x0,0xB5,0xDE,0xB5,0xFF,0x94,0x6B,0xFF,0xB5,0x0,0x21,0xFF,0xFF,0x0,0x0,0x0,0x0,0x0,0x0,0x0,0x0,0x0,0x0,
        0x0,0x0,0x0,0x0,0x0,0x0,0x0,0x0,0x0,0x6B,0xFF,0xFF,0xFF,0xFF,0xFF,0x0,0xDE,0x21,0xDE,0xFF,0xFF,0xFF,0xFF,0xFF,0x94,0x21,0x0,0x0,0x0,0x21,0xFF,0xFF,0x94,0x4A,0x0,0x4A,0xB5,0x21,0x0,0xB5,0xFF,0x6B,0x0,0x6B,0xFF,0x94,0x0,0x0,0x0,0x0,0x0,0x0,0x0,0x0,0x0,0x0,
        0x0,0x0,0x0,0x0,0x0,0x0,0x0,0x0,0x0,0x6B,0xFF,0xFF,0xFF,0xFF,0xFF,0xB5,0x6B,0x0,0xFF,0xFF,0xFF,0xFF,0xFF,0xFF,0x4A,0x0,0x0,0x0,0x0,0x4A,0xFF,0xFF,0xFF,0xFF,0xFF,0x94,0x6B,0xFF,0xB5,0xFF,0x0,0x0,0x4A,0xDE,0x6B,0x21,0x0,0x0,0x0,0x0,0x0,0x0,0x0,0x0,0x0,0x0,
        0x0,0x0,0x0,0x0,0x0,0x0,0x0,0x0,0x0,0x4A,0xFF,0xFF,0xFF,0xFF,0xFF,0x94,0x0,0x0,0x6B,0xFF,0xFF,0xFF,0xFF,0xFF,0x0,0x0,0x0,0x0,0x0,0x0,0xDE,0xFF,0xFF,0xFF,0xFF,0xFF,0xFF,0xFF,0xDE,0x6B,0x0,0x21,0xFF,0xFF,0x0,0x0,0x0,0x0,0x0,0x0,0x0,0x0,0x0,0x0,0x0,0x0,
        0x0,0x0,0x0,0x0,0x0,0x0,0x0,0x0,0x0,0x0,0xDE,0xFF,0xFF,0xFF,0xFF,0x21,0x0,0x0,0xB5,0xB5,0xFF,0xFF,0xFF,0xB5,0x0,0x0,0x0,0x0,0x0,0x0,0xFF,0xFF,0xFF,0xFF,0xFF,0xFF,0xFF,0xFF,0x4A,0x0,0x0,0x94,0xFF,0x94,0x0,0x0,0x0,0x0,0x0,0x0,0x0,0x0,0x0,0x0,0x0,0x0,
        0x0,0x0,0x0,0x0,0x0,0x0,0x0,0x0,0x0,0x0,0x4A,0xFF,0xFF,0xFF,0xDE,0x0,0x0,0x0,0xFF,0x0,0xDE,0xFF,0xFF,0xFF,0x4A,0x0,0x0,0x0,0x0,0x6B,0xFF,0xFF,0xFF,0xFF,0xFF,0xFF,0xFF,0xFF,0x0,0x0,0x0,0xDE,0xDE,0x4A,0x0,0x0,0x0,0x0,0x0,0x0,0x0,0x0,0x0,0x0,0x0,0x0,
        0x0,0x0,0x0,0x0,0x0,0x0,0x0,0x0,0x0,0x0,0x0,0xB5,0xFF,0xFF,0xFF,0x4A,0x0,0x4A,0xB5,0x21,0xFF,0xFF,0xFF,0xFF,0xDE,0x6B,0x21,0x0,0x6B,0xDE,0xFF,0xFF,0xFF,0xFF,0xFF,0xDE,0xFF,0xB5,0x0,0x0,0x21,0xDE,0x0,0x0,0x0,0x0,0x0,0x0,0x0,0x0,0x0,0x0,0x0,0x0,0x0,0x0,
        0x0,0x0,0x0,0x0,0x0,0x0,0x0,0x0,0x0,0x0,0x0,0x21,0xFF,0xFF,0xFF,0x4A,0x0,0xB5,0x6B,0x4A,0x94,0x94,0xFF,0xFF,0xFF,0xFF,0xFF,0xDE,0xFF,0xFF,0xFF,0xFF,0xFF,0xFF,0xFF,0x4A,0xB5,0x4A,0x0,0x94,0xFF,0x94,0x0,0x0,0x21,0x4A,0x0,0x0,0x0,0x0,0x0,0x0,0x0,0x0,0x0,0x0,
        0x0,0x0,0x0,0x0,0x0,0x0,0x0,0x0,0x0,0x0,0x0,0x0,0x94,0xFF,0xFF,0x6B,0x0,0xFF,0x0,0x0,0x0,0x4A,0xFF,0xFF,0x94,0x94,0xFF,0xFF,0xFF,0xFF,0xFF,0xDE,0xDE,0xDE,0x4A,0x0,0xFF,0x0,0x4A,0xDE,0xFF,0x21,0x0,0x94,0x6B,0xDE,0x6B,0x0,0x0,0x0,0x0,0x0,0x0,0x0,0x0,0x0,
        0x0,0x0,0x0,0x0,0x0,0x0,0x0,0x0,0x0,0x0,0x0,0x0,0x0,0x6B,0xFF,0xDE,0x6B,0xDE,0x0,0x0,0x0,0x0,0xFF,0x0,0x0,0x0,0xDE,0xFF,0xFF,0xFF,0xFF,0x6B,0x94,0x94,0x0,0x0,0x4A,0xB5,0xFF,0xFF,0xFF,0x6B,0xFF,0xFF,0x0,0x0,0x0,0x0,0x0,0x0,0x0,0x0,0x0,0x0,0x0,0x0,
        0x0,0x0,0x0,0x0,0x0,0x0,0x0,0x0,0x0,0x0,0x0,0x0,0x0,0x0,0xDE,0xFF,0xFF,0x6B,0x0,0x0,0x0,0x4A,0xB5,0x0,0x0,0x0,0x21,0xFF,0x94,0x0,0xFF,0x21,0xDE,0x21,0x0,0x0,0x94,0xFF,0xFF,0xFF,0xFF,0xFF,0xFF,0xB5,0x0,0x0,0x0,0x0,0x0,0x0,0x0,0x0,0x0,0x0,0x0,0x0,
        0x0,0x0,0x0,0x0,0x0,0x0,0x0,0x0,0x0,0x0,0x0,0x0,0x0,0x0,0x4A,0xFF,0xFF,0x21,0x0,0x0,0x0,0xB5,0x6B,0x0,0x0,0x0,0x6B,0x94,0x0,0x0,0x21,0x21,0xDE,0x0,0x0,0x0,0xFF,0xFF,0xFF,0xFF,0xFF,0xFF,0xFF,0x6B,0x0,0x0,0x0,0x0,0x0,0x0,0x0,0x0,0x0,0x0,0x0,0x0,
        0x0,0x0,0x0,0x0,0x0,0x0,0x0,0x0,0x0,0x0,0x0,0x0,0x0,0x0,0x21,0xDE,0xFF,0x94,0x0,0x0,0x0,0xFF,0x0,0x0,0x0,0x0,0xB5,0x4A,0x0,0x0,0x0,0x6B,0x94,0x0,0x21,0x4A,0xFF,0xFF,0xFF,0xFF,0xFF,0xFF,0x0,0x0,0x0,0x0,0x0,0x0,0x0,0x0,0x0,0x0,0x0,0x0,0x0,0x0,
        0x0,0x0,0x0,0x0,0x0,0x0,0x0,0x0,0x0,0x0,0x0,0x0,0x0,0x0,0x0,0x6B,0xFF,0x94,0x21,0x0,0x0,0x6B,0x0,0x0,0x0,0x0,0xFF,0x0,0x0,0x0,0x0,0xDE,0x4A,0x0,0xB5,0xFF,0xFF,0xFF,0xFF,0xFF,0xDE,0x94,0x0,0x0,0x0,0x0,0x0,0x0,0x0,0x0,0x0,0x0,0x0,0x0,0x0,0x0,
        0x0,0x0,0x0,0x0,0x0,0x0,0x0,0x0,0x0,0x0,0x0,0x0,0x0,0x0,0x0,0x0,0xDE,0x21,0xB5,0x4A,0x0,0x21,0x0,0x0,0x0,0x4A,0xB5,0x0,0x0,0x0,0x21,0xFF,0x0,0x94,0xFF,0xFF,0xFF,0xFF,0xFF,0x6B,0x21,0x0,0x0,0x0,0x0,0x0,0x0,0x0,0x0,0x0,0x0,0x0,0x0,0x0,0x0,0x0,
        0x0,0x0,0x0,0x0,0x0,0x0,0x0,0x0,0x0,0x0,0x0,0x0,0x0,0x0,0x0,0x21,0xDE,0x0,0xFF,0x0,0x0,0xFF,0xFF,0xB5,0x4A,0x0,0x0,0x0,0x0,0x0,0x6B,0xFF,0xFF,0xFF,0xFF,0xFF,0xFF,0x94,0x0,0x0,0x0,0x0,0x0,0x0,0x0,0x0,0x0,0x0,0x0,0x0,0x0,0x0,0x0,0x0,0x0,0x0,
        0x0,0x0,0x0,0x0,0x0,0x0,0x0,0x0,0x0,0x0,0x0,0x0,0x0,0x0,0x0,0x0,0x6B,0xB5,0xB5,0x4A,0xB5,0xFF,0xFF,0xFF,0xFF,0x0,0x0,0x4A,0x0,0x94,0xDE,0xFF,0xFF,0xB5,0x4A,0x0,0x21,0x0,0x0,0x0,0x0,0x0,0x0,0x0,0x0,0x0,0x0,0x0,0x0,0x0,0x0,0x0,0x0,0x0,0x0,0x0,
        0x0,0x0,0x0,0x0,0x0,0x0,0x0,0x0,0x0,0x0,0x0,0x0,0x0,0x0,0x0,0x0,0xDE,0xFF,0x6B,0x94,0xFF,0xFF,0xFF,0xFF,0xB5,0x0,0x4A,0xDE,0x21,0xFF,0xFF,0xDE,0x21,0x0,0x0,0x0,0x0,0x0,0x0,0x0,0x0,0x0,0x0,0x0,0x0,0x0,0x0,0x0,0x0,0x0,0x0,0x0,0x0,0x0,0x0,0x0,
        0x0,0x0,0x0,0x0,0x0,0x0,0x0,0x0,0x0,0x0,0x0,0x0,0x0,0x0,0x0,0x0,0x4A,0xFF,0xFF,0xFF,0xFF,0xFF,0xFF,0xFF,0xFF,0x4A,0x94,0x6B,0x6B,0xB5,0x6B,0x0,0x0,0x0,0x0,0x0,0x0,0x0,0x0,0x0,0x0,0x0,0x0,0x0,0x0,0x0,0x0,0x0,0x0,0x0,0x0,0x0,0x0,0x0,0x0,0x0,
        0x0,0x0,0x0,0x0,0x0,0x0,0x0,0x0,0x0,0x0,0x0,0x0,0x0,0x0,0x0,0x0,0x6B,0xFF,0xFF,0xFF,0xFF,0xFF,0xFF,0xFF,0xFF,0x0,0xFF,0x4A,0xDE,0x21,0x0,0x0,0x0,0x0,0x0,0x0,0x0,0x0,0x0,0x0,0x0,0x0,0x0,0x0,0x0,0x0,0x0,0x0,0x0,0x0,0x0,0x0,0x0,0x0,0x0,0x0,
        0x0,0x0,0x0,0x0,0x0,0x0,0x0,0x0,0x0,0x0,0x0,0x0,0x0,0x0,0x0,0x0,0x4A,0xFF,0xFF,0xFF,0xFF,0xFF,0xFF,0xFF,0xFF,0xDE,0xFF,0xDE,0x0,0x0,0x0,0x0,0x0,0x0,0x0,0x0,0x0,0x0,0x0,0x0,0x0,0x0,0x0,0x0,0x0,0x0,0x0,0x0,0x0,0x0,0x0,0x0,0x0,0x0,0x0,0x0,
        0x0,0x0,0x0,0x0,0x0,0x0,0x0,0x0,0x0,0x0,0x0,0x0,0x0,0x0,0x0,0x0,0x0,0xB5,0xFF,0xFF,0xFF,0xFF,0xFF,0xFF,0xFF,0xFF,0xDE,0x6B,0x0,0x0,0x0,0x0,0x0,0x0,0x0,0x0,0x0,0x0,0x0,0x0,0x0,0x0,0x0,0x0,0x0,0x0,0x0,0x0,0x0,0x0,0x0,0x0,0x0,0x0,0x0,0x0,
        0x0,0x0,0x0,0x0,0x0,0x0,0x0,0x0,0x0,0x0,0x0,0x0,0x0,0x0,0x0,0x0,0x0,0x0,0x21,0x6B,0xB5,0xFF,0xFF,0xFF,0xFF,0xFF,0x21,0x0,0x0,0x0,0x0,0x0,0x0,0x0,0x0,0x0,0x0,0x0,0x0,0x0,0x0,0x0,0x0,0x0,0x0,0x0,0x0,0x0,0x0,0x0,0x0,0x0,0x0,0x0,0x0,0x0,
        0x0,0x0,0x0,0x0,0x0,0x0,0x0,0x0,0x0,0x0,0x0,0x0,0x0,0x0,0x0,0x0,0x0,0x0,0x0,0x0,0x0,0x0,0x6B,0xB5,0xDE,0x4A,0x0,0x0,0x0,0x0,0x0,0x0,0x0,0x0,0x0,0x0,0x0,0x0,0x0,0x0,0x0,0x0,0x0,0x0,0x0,0x0,0x0,0x0,0x0,0x0,0x0,0x0,0x0,0x0,0x0,0x0,
        0x0,0x0,0x0,0x0,0x0,0x0,0x0,0x0,0x0,0x0,0x0,0x0,0x0,0x0,0x0,0x0,0x0,0x0,0x0,0x0,0x0,0x0,0x0,0x0,0x0,0x0,0x0,0x0,0x0,0x0,0x0,0x0,0x0,0x0,0x0,0x0,0x0,0x0,0x0,0x0,0x0,0x0,0x0,0x0,0x0,0x0,0x0,0x0,0x0,0x0,0x0,0x0,0x0,0x0,0x0,0x0
    }
};
